kinase_gene,substrate_gene
PAK2,PRL
EIF2AK1,EIF2S1
PRKCD,HDAC5
PRKCD,PTPRA
PRKCD,BCL2
PRKCD,HNRNPK
PRKCD,SLC9A1
PRKCD,SHOC2
PRKCD,BLVRA
PRKCD,MUC1
PRKCD,ADD1
PRKCD,NCF1
PRKCD,FBXO25
PRKCD,ENOX2
PRKCD,MARK2
PRKCD,TNNI3
PRKCD,FOSL1
PRKCD,BEST1
PRKCD,RPS6KB2
PRKCD,NCF4
PRKCD,CARD9
PRKCD,ITGB2
PRKCD,PRKCD
PRKCD,TRPV4
PRKCD,LCP1
PRKCD,SQSTM1
PRKCD,KRT8
PRKCD,GAPDH
PRKCD,NRG1
PRKCD,DAP3
PRKCD,STAT1
PRKCD,RPS6
PRKCD,SLC29A1
PRKCD,TIRAP
PRKCD,CTTN
PRKCD,DAB2
PRKCD,PTPN22
PRKCD,PRKD1
PRKCD,FGF1
PRKCD,SMPD1
PRKCD,H3C1
PRKCD,CHAT
PRKCD,CYBA
PRKCD,TP53
PRKCD,PGR
PRKCD,PREX1
PRKCD,ADAM17
PRKCD,CDH1
PRKCD,IRS1
PRKCD,C5AR1
PRKCD,PLSCR3
PRKCD,NADK
PRKCD,PPP1R14A
PRKCD,G6PD
PRKCD,CDK5
PRKCD,LIMK2
PRKCD,NR2F6
PRKCD,HVCN1
PRKCD,IL6ST
PRKCD,RPS3
PRKCD,PLD2
PRKCD,BAG3
PRKCD,MCU
PRKCD,SHC1
PRKCD,EGFR
PRKCD,ELAVL1
PRKCD,HAX1
PRKCD,CTNNB1
PRKCD,GSK3A
PRKCD,CXCR4
PRKCD,PPP1R14B
PRKCD,TSC2
PRKCD,FCER1G
PRKCD,TBL1XR1
PRKCD,GSK3B
PRKCD,STAT3
PRKCD,DNM1L
PRKCD,EP300
PRKCD,LMNA
PRKCD,FLI1
PRKCD,MET
PRKCD,TACSTD2
PRKCD,PA2G4
PRKCD,CAT
PRKCD,TP73
PRKCD,SRC
PRKCD,CHN2
PRKCD,PEBP1
PRKCD,RASGRP3
PIM2,PKM
PIM2,STAT5B
PIM2,HK2
PIM2,MYC
PIM2,PFKFB3
PIM2,CDKN1A
PIM2,HSF1
PIM2,PRKAA1
PIM2,PSMD2
PIM2,IRS1
PIM2,FBP1
CAMK2A,AKAP5
CAMK2A,SCN5A
CAMK2A,HRH1
CAMK2A,ETS2
CAMK2A,ITPKA
CAMK2A,NCOR2
CAMK2A,KCNJ11
CAMK2A,NOX5
CAMK2A,SCN8A
CAMK2A,ITGB1
CAMK2A,TH
CAMK2A,TCAP
CAMK2A,SLN
CAMK2A,CAMK2A
CAMK2A,CHAT
CAMK2A,ETS1
CAMK2A,SPR
CAMK2A,SLC1A3
CAMK2A,PTTG1
CAMK2A,SMAD2
CAMK2A,CDKN1B
CAMK2A,SRF
CAMK2A,CYLD
CAMK2A,RYR2
CAMK2A,HDAC5
CAMK2A,VIM
CAMK2A,ITGB1BP1
CAMK2A,SLC6A4
CAMK2A,NR1I2
CAMK2A,FLNA
CAMK2A,BECN1
CAMK2A,PPP1R14A
CAMK2A,KCNQ2
CAMK2A,GFPT1
CAMK2A,CTNNB1
CAMK2A,DLGAP1
CAMK2A,ALOX5
CAMK2A,ID1
CAMK2A,CLCN3
CAMK2A,IL6ST
CAMK2A,HSF1
CAMK2A,KCND1
CAMK2A,FBXO43
CAMK2A,RRAD
CAMK2A,RCHY1
CAMK2A,STMN1
CAMK2A,GRIN2A
CAMK2A,OPRM1
CAMK2A,KIF3A
CAMK2A,DAGLA
CAMK2A,CARD11
CAMK2A,PLCB3
CAMK2A,PPP2R2B
CAMK2A,CD44
CAMK2A,ESPL1
CAMK2A,CACNA1H
CAMK2A,DLG4
CAMK2A,GRIN2B
CAMK2A,GRIA1
CAMK2A,GLO1
CAMK2A,SNCA
CAMK2A,MAPT
CAMK2A,SPTBN4
CAMK2A,PLN
CSNK2A1,DDX58
CSNK2A1,PAK1
CSNK2A1,DDIT3
CSNK2A1,MME
CSNK2A1,PTEN
CSNK2A1,RPS6KA5
CSNK2A1,PPP1R2
CSNK2A1,CAV2
CSNK2A1,SPTBN1
CSNK2A1,YWHAQ
CSNK2A1,FAF1
CSNK2A1,MYH10
CSNK2A1,ZC3H8
CSNK2A1,CDC27
CSNK2A1,OCLN
CSNK2A1,TARDBP
CSNK2A1,L1CAM
CSNK2A1,XRCC1
CSNK2A1,GRB14
CSNK2A1,CBX1
CSNK2A1,MAPRE2
CSNK2A1,SQSTM1
CSNK2A1,ESR1
CSNK2A1,TCOF1
CSNK2A1,ECE1
CSNK2A1,VTN
CSNK2A1,RNPS1
CSNK2A1,CTNNA1
CSNK2A1,NCOR2
CSNK2A1,YY1
CSNK2A1,WAS
CSNK2A1,NOL3
CSNK2A1,DNAJB2
CSNK2A1,STAT1
CSNK2A1,CERS5
CSNK2A1,EIF5
CSNK2A1,SLITRK1
CSNK2A1,HMGN1
CSNK2A1,PACS1
CSNK2A1,PLD1
CSNK2A1,MRE11
CSNK2A1,NR3C2
CSNK2A1,MAPK9
CSNK2A1,JUN
CSNK2A1,NCF1
CSNK2A1,ATF1
CSNK2A1,OTUB1
CSNK2A1,MRTO4
CSNK2A1,FANCD2
CSNK2A1,TLE1
CSNK2A1,BMI1
CSNK2A1,CDH1
CSNK2A1,AIP
CSNK2A1,WASF2
CSNK2A1,CASQ2
CSNK2A1,HMGA1
CSNK2A1,TINF2
CSNK2A1,NCAPH
CSNK2A1,HOXB7
CSNK2A1,SLC3A2
CSNK2A1,GMFB
CSNK2A1,FMR1
CSNK2A1,CERS4
CSNK2A1,MDC1
CSNK2A1,RRAD
CSNK2A1,CD5
CSNK2A1,APOE
CSNK2A1,CFTR
CSNK2A1,DTD1
CSNK2A1,GBF1
CSNK2A1,HSPA1B
CSNK2A1,PDCL
CSNK2A1,CERS6
CSNK2A1,CALM3
CSNK2A1,HHEX
CSNK2A1,SSRP1
CSNK2A1,IL16
CSNK2A1,DAXX
CSNK2A1,SLC9A5
CSNK2A1,PSEN2
CSNK2A1,ATF4
CSNK2A1,SHOX
CSNK2A1,IP6K2
CSNK2A1,NFKBIA
CSNK2A1,PTPRCAP
CSNK2A1,ARRB2
CSNK2A1,TOP1
CSNK2A1,SRPK1
CSNK2A1,PIAS1
CSNK2A1,MYH2
CSNK2A1,SIRT1
CSNK2A1,PHF8
CSNK2A1,SAT1
CSNK2A1,TOP2A
CSNK2A1,IGFBP1
CSNK2A1,ATXN3
CSNK2A1,IGFBP3
CSNK2A1,SMC3
CSNK2A1,SSB
CSNK2A1,MYB
CSNK2A1,BIK
CSNK2A1,CSNK2B
CSNK2A1,CTDP1
CSNK2A1,CREB1
CSNK2A1,MYH9
CSNK2A1,TELO2
CSNK2A1,RRN3
CSNK2A1,FUNDC1
CSNK2A1,PAWR
CSNK2A1,MDM2
CSNK2A1,STARD10
CSNK2A1,TERF1
CSNK2A1,H2AC17
CSNK2A1,NPHP1
CSNK2A1,HSP90AB1
CSNK2A1,MYL12B
CSNK2A1,HTT
CSNK2A1,AKT1
CSNK2A1,ACE
CSNK2A1,MCM2
CSNK2A1,CDC34
CSNK2A1,BCAM
CSNK2A1,ABCF1
CSNK2A1,CD6
CSNK2A1,HSP90AA1
CSNK2A1,EIF3J
CSNK2A1,CARD9
CSNK2A1,BRCA1
CSNK2A1,CCNH
CSNK2A1,SRF
CSNK2A1,DLG3
CSNK2A1,DNMT3A
CSNK2A1,TUBB3
CSNK2A1,RELA
CSNK2A1,ECD
CSNK2A1,DHFR
CSNK2A1,ANP32A
CSNK2A1,NOTCH1
CSNK2A1,AATF
CSNK2A1,GADD45GIP1
CSNK2A1,TP53
CSNK2A1,IGF2R
CSNK2A1,FGF14
CSNK2A1,ERCC3
CSNK2A1,IFI16
CSNK2A1,PDIA6
CSNK2A1,C1R
CSNK2A1,AKT2
CSNK2A1,LEF1
CSNK2A1,NPM1
CSNK2A1,CLIP1
CSNK2A1,EIF2S2
CSNK2A1,SLC29A1
CSNK2A1,UBE2R2
CSNK2A1,EEF1D
CSNK2A1,AMPH
CSNK2A1,ABCC1
CSNK2A1,ABCA1
CSNK2A1,FURIN
CSNK2A1,CETN2
CSNK2A1,CALU
CSNK2A1,MAPK1
CSNK2A1,MYC
CSNK2A1,PPP1R2P3
CSNK2A1,NR4A1
CSNK2A1,RNF7
CSNK2A1,UIMC1
CSNK2A1,XPC
CSNK2A1,CEBPD
CSNK2A1,FNIP1
CSNK2A1,TFPI
CSNK2A1,TWIST1
CSNK2A1,STX1A
CSNK2A1,RAD9A
CSNK2A1,HES6
CSNK2A1,CDKN1B
CSNK2A1,CORO1C
CSNK2A1,SEC63
CSNK2A1,ANP32B
CSNK2A1,VHL
CSNK2A1,PIP4K2A
CSNK2A1,MYBL1
CSNK2A1,EXOSC9
CSNK2A1,DPF3
CSNK2A1,MAZ
CSNK2A1,MEF2A
CSNK2A1,NCAPG
CSNK2A1,RAD51
CSNK2A1,CHD4
CSNK2A1,NASP
CSNK2A1,PAX3
CSNK2A1,CAST
CSNK2A1,NFKBIB
CSNK2A1,HCLS1
CSNK2A1,TNFAIP1
CSNK2A1,GGA1
CSNK2A1,XRCC4
CSNK2A1,HDAC3
CSNK2A1,CDC37
CSNK2A1,SEPTIN2
CSNK2A1,PGK1
CSNK2A1,RAD17
CSNK2A1,CDC25B
CSNK2A1,COL17A1
CSNK2A1,KDM1A
CSNK2A1,MAX
CSNK2A1,NCOA2
CSNK2A1,PML
CSNK2A1,EIF4G2
CSNK2A1,HDAC2
CSNK2A1,SLBP
CSNK2A1,NCOR1
CSNK2A1,CASP2
CSNK2A1,SNAI1
CSNK2A1,MYF5
CSNK2A1,MUS81
CSNK2A1,SERINC3
CSNK2A1,H2AX
CSNK2A1,SERPINF1
CSNK2A1,BRMS1
CSNK2A1,MYCN
CSNK2A1,MECOM
CSNK2A1,SIRT6
CSNK2A1,RIOK1
CSNK2A1,PIN4
CSNK2A1,EHMT2
CSNK2A1,EIF4EBP1
CSNK2A1,RANGAP1
CSNK2A1,CCNF
CSNK2A1,ARNT
CSNK2A1,TYMS
CSNK2A1,FTO
CSNK2A1,PSMD3
CSNK2A1,PRPF3
CSNK2A1,STC2
CSNK2A1,RAD1
CSNK2A1,CREB3
CSNK2A1,DDHD1
CSNK2A1,FGA
CSNK2A1,KIR3DL1
CSNK2A1,BIRC5
CSNK2A1,GPI
CSNK2A1,GCH1
CSNK2A1,HDAC6
CSNK2A1,TSPY1
CSNK2A1,PKD2
CSNK2A1,CDC25C
CSNK2A1,PER2
CSNK2A1,HDAC1
CSNK2A1,G3BP1
CSNK2A1,PTGES3
CSNK2A1,HNRNPA1
CSNK2A1,CAPZA1
CSNK2A1,HNRNPC
CSNK2A1,USP7
CSNK2A1,TTI1
CSNK2A1,SET
CSNK2A1,OTUD5
CSNK2A1,FN1
CSNK2A1,VDR
CSNK2A1,WEE1
CSNK2A1,CETN1
CSNK2A1,CSNK2A1
CSNK2A1,CDK1
CSNK2A1,FOSB
CSNK2A1,MLH1
CSNK2A1,PGR
CSNK2A1,SNCA
CSNK2A1,PDCD5
CSNK2A1,F5
CSNK2A1,LIG1
CSNK2A1,RPS6KA4
CSNK2A1,MYBL2
CSNK2A1,TFAP2A
CSNK2A1,RGS19
CSNK2A1,NR1H3
CSNK2A1,ACE2
CSNK2A1,EIF4G1
CSNK2A1,PIK3R1
CSNK2A1,GMNN
AURKA,SDCBP
AURKA,CRMP1
AURKA,WDR62
AURKA,FAF1
AURKA,AURKA
AURKA,SECISBP2L
AURKA,ARPC1B
AURKA,NUMA1
AURKA,MCRS1
AURKA,SPAG5
AURKA,DCTN1
AURKA,RUNX3
AURKA,ALDH1A1
AURKA,YAP1
AURKA,ARHGEF2
AURKA,SPIN1
AURKA,BRCA1
AURKA,SKI
AURKA,LDHB
AURKA,MYBBP1A
AURKA,GSK3B
AURKA,PHLDA1
AURKA,CENPJ
AURKA,CETN2
AURKA,KIF4A
AURKA,HAUS8
AURKA,VHL
AURKA,LIMK2
AURKA,PARD3
AURKA,NEDD1
AURKA,PLK1
AURKA,ESR1
AURKA,NPM1
AURKA,DLGAP5
AURKA,FADD
AURKA,LATS2
AURKA,TP73
AURKA,NDC80
AURKA,MBD3
AURKA,RBBP8
AURKA,H3C1
AURKA,MAP9
AURKA,SIRT1
AURKA,PSEN2
AURKA,KCTD12
AURKA,BCL2L11
AURKA,NFKBIA
AURKA,PKD2
AURKA,NEDD9
AURKA,TPX2
AURKA,MAPRE3
AURKA,TP53
AURKA,POU6F1
AURKA,PHB2
AURKA,PIN1
AURKA,AURKAIP1
AURKA,SOX8
AURKA,WWC1
AURKA,AR
AURKA,TIFA
AURKA,FANCA
AURKA,LIMK1
AURKA,NUSAP1
AURKA,HNRNPK
AURKA,CENPA
AURKA,RASSF1
AURKA,MCM2
AURKA,GMNN
AURKA,RALA
AURKA,TACC3
AURKA,YY1
AURKA,CDC25B
IKBKB,SNAP23
GTF2F1,GTF2F1
GTF2F1,RARG
LATS1,INCENP
LATS1,YAP1
LATS1,MAP3K11
LATS1,SASH1
LATS1,CDC26
LATS1,RPTOR
LATS1,LATS1
LATS1,PRPS1
LATS1,RAF1
LATS1,KIF23
LATS1,AMOT
LATS1,PRPS2
LATS1,WWTR1
PDGFRB,PDGFRB
PDGFRB,PDGFRA
PDGFRB,PTK2
PDGFRB,ABL2
PDGFRB,THOC5
PDGFRB,PLCG1
PDGFRB,FYN
PDGFRB,ETV6
PDGFRB,TNK2
PDGFRB,MUC1
PDGFRB,SRC
VRK1,COIL
CDK7,CDK11B
CDK7,RB1
CDK7,MCM2
CDK7,POU5F1
CDK7,CDK2
CDK7,ESR1
CDK7,CDK6
CDK7,OGFOD1
CDK7,TP53
CDK7,SUPT5H
CDK7,CDK9
CDK7,POLR2A
CDK7,MED1
CDK7,RARA
CDK7,XRN2
CDK7,E2F1
CDK7,CDK4
CDK7,SMAD1
CDK7,CDK1
CDK7,PCGF6
CDK7,ERCC3
CDK7,RARG
CDK7,CDK12
CDK7,AR
CDK7,NR5A1
FGFR4,FGFR4
FGFR4,STK4
MAPK8,DCX
DYRK4,DYRK4
PTK2,SHC1
PTK2,ARHGEF7
EGFR,CBL
STK38,YAP1
STK38,XPO1
STK38,STK38
STK38,RAB3IP
STK38,KIF23
PRKAG2,TP53BP1
PRKAG2,SRSF1
PRKAG2,RRN3
PRKAG2,PDHA1
PRKAG2,STIM1
PRKAG2,SKP2
PRKAG2,NEDD4L
FYN,FCGR2C
FYN,FCGR2A
PRKAA1,PRKAB1
PRKAA1,MAPT
PRKAA1,ALDH2
PRKAA1,ATG9A
PRKAA1,CCNY
PRKAA1,NET1
PRKAA1,IRS1
PRKAA1,FH
PRKAA1,CD274
PRKAA1,PRKN
PRKAA1,AMOTL1
PRKAA1,PRKAA1
PRKAA1,SNX17
PRKAA1,HDAC5
PRKAA1,HIPK2
PRKAA1,PTS
PRKAA1,MCU
PRKAA1,GAPDH
PRKAA1,GFPT1
PRKAA1,DNM1L
PRKAA1,NOS3
PRKAA1,VASP
PRKAA1,ACACA
PRKAA1,PPP1R3C
PRKAA1,TP53BP1
PRKAA1,JAK1
PRKAA1,YAP1
PRKAA1,SRSF1
PRKAA1,BTRC
PRKAA1,RACK1
PRKAA1,EPM2A
PRKAA1,NFE2L2
PRKAA1,RUNX2
PRKAA1,RRN3
PRKAA1,KLC2
PRKAA1,PARP1
PRKAA1,KPNA2
PRKAA1,PDHA1
PRKAA1,EEF2K
PRKAA1,CFTR
PRKAA1,PFKFB2
PRKAA1,STIM1
PRKAA1,KCNA5
PRKAA1,FOXO3
PRKAA1,CDKN1B
PRKAA1,EXO1
PRKAA1,GLI1
PRKAA1,DDIT3
PRKAA1,RBBP7
PRKAA1,PRPS2
PRKAA1,PPP1R12C
PRKAA1,STBD1
PRKAA1,PAQR3
PRKAA1,TP53
PRKAA1,EGFR
PRKAA1,GBF1
PRKAA1,PRPS1
PRKAA1,TNNI3
PRKAA1,BECN1
PRKAA1,RPTOR
PRKAA1,SLC12A1
PRKAA1,PIAS1
PRKAA1,PPP2R5C
PRKAA1,HNF4A
PRKAA1,CSNK1E
PRKAA1,ERBB2
PRKAA1,USP10
PRKAA1,MKNK1
PRKAA1,SIRT7
PRKAA1,FANCA
PRKAA1,RASAL2
PRKAA1,KIF4A
PRKAA1,ULK1
PRKAA1,NCL
PRKAA1,ZNF692
PRKAA1,TP73
PRKAA1,TSC2
PRKAA1,LIPE
PRKAA1,TET2
PRKAA1,EZH2
PRKAA1,SREBF1
PRKAA1,GSR
PRKAA1,EP300
PRKAA1,TBC1D1
PRKAA1,TXNIP
PRKAA1,KLC1
PRKAA1,DNMT1
PRKAA1,GAPVD1
PRKAA1,HSF1
PRKAA1,PFKFB3
PRKAA1,CGN
PRKAA1,SIRT2
PRKAA1,POU2F1
PRKAA1,CTBP1
PRKAA1,SKP2
PRKAA1,SLC12A2
PRKAA1,CTTN
PRKAA1,BRAF
PRKAA1,SCN5A
PRKAA1,HAT1
PRKAA1,FOXO1
PRKAA1,NEDD4L
PRKAA1,INSIG1
PRKAA1,SYK
PRKAA1,ACSS2
PRKAA1,ACACB
PRKAA1,SQSTM1
CDK12,PAK2
CDK12,POLR2A
CAMK4,HDAC5
CAMK4,CREB1
CAMK4,HNRNPL
CAMK4,NOVA2
CAMK4,PHB2
CAMK4,CAMK2A
CAMK4,RELA
CAMK4,STMN1
GSK3B,VHL
GSK3B,FGF14
PRKAA2,REEP1
PRKAA2,PLD1
PRKAA2,HDAC5
PRKAA2,HIPK2
PRKAA2,ACACA
PRKAA2,TP53BP1
PRKAA2,PARP1
PRKAA2,PDHA1
PRKAA2,EEF2K
PRKAA2,DUSP1
PRKAA2,CDC27
PRKAA2,FOXO3
PRKAA2,GLI1
PRKAA2,PPP1R12C
PRKAA2,PINK1
PRKAA2,HAS2
PRKAA2,BAIAP2
PRKAA2,KLC4
PRKAA2,PAK2
PRKAA2,IKBKB
PRKAA2,REEP2
PRKAA2,TBC1D1
PRKAA2,TFAP2A
PRKAA2,MFF
PRKAA2,ARMC10
STK38L,NUAK1
STK38L,RAB3IP
STK38L,YAP1
STK38L,STK38L
CDC42BPB,CDC42BPB
CDC42BPB,SIAH2
PRKAA1,RAF1
PRKAA1,H2BC3
CSNK1E,PER2
CSNK1E,TARDBP
CSNK1E,DVL3
CSNK1E,SNAI1
CSNK1E,TRPM4
CSNK1E,NCOA3
CSNK1E,CSNK1E
CSNK1E,DVL2
CSNK1E,LRP6
CSNK1E,CDH1
CSNK1E,TRAF3
CSNK1E,RAD17
CSNK1E,APC
CSNK1E,CTNNB1
CSNK1E,EIF4EBP1
CSNK1E,PRKD2
CSNK1E,CTNND1
CSNK1E,FZD6
MAPKAPK2,MDM2
MAPKAPK2,HSPA1L
CAMK1,HDAC5
CAMK1,GCM1
CAMK1,CDKN1B
CAMK1,EIF4G3
CAMK1,MYL9
CAMK1,LIPE
CAMK1,CAMK2A
CAMK1,PPME1
CAMK1,RPS19
CAMK1,HDAC9
RPS6KB1,IRS1
BCR/ABL,RAD51
BCR/ABL,BCR
BCR/ABL,GRB2
BCR/ABL,ABL1
BCR/ABL,RAD52
BCR/ABL,CRKL
BCR/ABL,RHOA
BCR/ABL,CHCHD2
BCR/ABL,LASP1
YES1,CDC37
YES1,NFE2L2
YES1,PTK2
YES1,ANXA2
YES1,NPHS1
YES1,ERBB2
YES1,WBP2
YES1,CDKN1B
YES1,DPYSL2
YES1,ETS1
YES1,ALOX5
YES1,CDK4
YES1,SOCS1
AKT1,BCL2L11
AKT1,AKT1S1
AKT1,BCL3
AKT1,FOXO3
AKT1,NR4A1
PIK3CG,SET
PIK3CG,SRC
PIK3CG,PIK3CG
TBK1,PELI1
TBK1,SQSTM1
TBK1,PRPS1
TBK1,LMO7
TBK1,OPTN
TBK1,GABARAPL2
TBK1,DDAH2
TBK1,TRIP12
TBK1,RPS6KB1
TBK1,ASB8
TBK1,SMCR8
TBK1,STING1
TBK1,MAPT
TBK1,IRF3
TBK1,MAP1LC3C
TBK1,E2F1
TBK1,HTT
TBK1,IRF7
TBK1,SIKE1
TBK1,AKT1
TBK1,TRIM56
TBK1,STAT6
TBK1,PRPS2
TBK1,STX17
TBK1,MTOR
TBK1,TBK1
TBK1,RPTOR
TBK1,IRF5
TBK1,XIAP
TBK1,TICAM1
TBK1,PBXIP1
TBK1,RELA
TBK1,MAVS
TBK1,PEBP1
TBK1,STAT2
TBK1,ESR1
TEK,TEK
RPS6KA3,FOS
PRKD3,HDAC5
PRKD3,PRKD1
PRKD3,CTTN
PRKD3,GIT1
PRKD3,MFF
CSF1R,CSF1R
PRKCB,MAPT
PRKCB,ITGB2
PRKCB,TRPV1
PRKCB,DAB2
PRKCB,PRKCB
PRKCB,PPARA
PRKCB,ATF2
PRKCB,KIR3DL1
PRKCB,EIF6
PRKCB,PTPN11
PRKCB,GSK3B
PRKCB,MYH9
PRKCB,RPS6KB2
PRKCB,TRPV6
PRKCB,C5AR1
PRKCB,NCF1
PRKCB,MFN1
PRKCB,EIF3A
PRKCB,LMNB1
PRKCB,SYT6
PRKCB,MCU
PRKCB,EIF4G1
PRKCB,RAB11A
PRKCB,TP73
PRKCB,CHAT
PRKCB,FUS
PRKCB,GHRL
PRKCB,KCNE1
PRKCB,GSK3A
SYK,SLC4A1
SYK,GCSAM
SYK,SHC1
SYK,FCGR2C
SYK,PRDX2
SYK,LAX1
SYK,PLCG1
SYK,BLNK
SYK,PLCG2
SYK,HCLS1
SYK,FCGR2A
SYK,IKZF1
SYK,CFTR
SYK,LAT2
SYK,DEPTOR
SYK,CTTN
SYK,ARHGDIB
SYK,STAT5A
SYK,CBL
SYK,SNCA
SYK,DUSP3
SYK,SYK
SYK,BTK
SYK,MAPT
SYK,RHBG
SYK,LCP2
SYK,STAT1
SYK,PIP5K1B
STK39,SLC12A1
STK39,SLC4A4
STK39,SLC12A2
STK39,SLC12A6
STK39,SLC12A3
STK39,SNAI1
HUNK,ITM2A
LYN,CSNK2A1
LYN,HCLS1
PRKCI,LLGL1
PRKCI,LLGL2
IRAK1,PELI1
IRAK1,IRAK1
IRAK1,PELI2
IRAK1,STAT3
CDKL5,LRRC4C
CDKL5,CEP131
CDKL5,CDKL5
CDKL5,MAP1S
CDKL5,DLG5
MAPK11,EP300
MAPK11,ATF2
MAPK11,SOD2
MAPK11,MAPK11
MAPK11,SNX27
MAPK11,EEF2K
MAPK11,HSF1
MAPK11,RPTOR
MAPK11,E2F1
MAPK11,EGFR
MAPK11,MAPKAPK5
MAPK11,CDC25B
MAPK11,KAT5
MAPK11,HNF4A
MAPK11,ATF7
MAPK11,GYS1
MAPK11,PRKCE
MAPK11,SREBF1
MAPK11,EWSR1
MAPK11,CCND3
MAPK11,NR3C1
ERBB4,ERBB4
RPS6KA6,RPS6KA6
RPS6KA6,EP300
STYK1,BECN1
MAPK4,AKT1
PINK1,ZNF746
PINK1,LETM1
PINK1,MFN2
PINK1,PINK1
PINK1,TUFM
PINK1,UBA52-RPS27A-UBB-UBC
PINK1,RHOT1
PINK1,BCL2L1
PINK1,PRKN
PINK1,EEF1A1
EGFR,MAPK1
EGFR,MAPK3
RAF1,RAF1
RAF1,KLF10
RAF1,BAD
RAF1,MAP2K1
RAF1,EEF1A2
RAF1,MYC
RAF1,PPP1R12A
NME1,NME1
NME1,PGAM1
MYLK3,MEF2C
MYLK3,TNNI3
CDK11B,AR
CDK11B,EIF3F
GSK3B,NFKB1
GSK3B,GSK3B
MAPKAPK2,TAB3
MAPKAPK2,CDC25B
MAPKAPK2,POU5F1
MAPKAPK2,HNRNPA0
MAPKAPK2,GJA1
MAPKAPK2,HSPB1
MAPKAPK2,LIMK1
MAPKAPK2,WNK4
MAPKAPK2,CREB1
MAPKAPK2,RCSD1
MAPKAPK2,MRTFA
MAPKAPK2,YWHAZ
MAPKAPK2,AGO2
MAPKAPK2,BAG2
MAPKAPK2,RBM7
MAPKAPK2,EEF2K
MAPKAPK2,KRT18
MAPKAPK2,TH
MAPKAPK2,NELFE
MAPKAPK2,MAPKAPK2
MAPKAPK2,ZFP36L1
MAPKAPK2,RTN4
MAPKAPK2,PLK1
MAPKAPK2,CEP131
MAPKAPK2,AKT1
MAPKAPK2,ARPC5
MAPKAPK2,TP53
MAPKAPK2,TRIM29
MAPKAPK2,PARN
MAPKAPK2,DDX5
MAPKAPK2,DAZL
MAPKAPK2,RIPK1
MAPKAPK2,COPS5
MAPKAPK2,SRF
MAPKAPK2,TRIM28
MAPKAPK2,LSP1
MAPKAPK2,PDE4D
MAPKAPK2,PIAS1
MAPKAPK2,ALOX5
MAPKAPK2,AATF
MAPKAPK2,HSF1
MAPKAPK2,BCL2L1
MAPKAPK2,PFKFB3
MAPKAPK2,TSC2
MAPKAPK2,CDC25C
MAPKAPK2,BECN1
MAPKAPK2,KRT20
GRK6,CXCR4
MARK3,MARK3
CSNK1G2,CERT1
CSNK1G2,BECN1
CSNK1G2,SMAD3
CSNK1G2,LYN
CSNK1G2,IRS4
AKT2,SGTA
PRKCQ,HEXIM1
PRKCQ,RDX
PRKCQ,PDPK1
PRKCQ,BAD
PRKCQ,NKD2
PRKCQ,EZR
PRKCQ,PRKCQ
PRKCQ,IRS1
PRKCQ,PTPN7
PRKCQ,CCDC88A
PRKCQ,RASGRP1
PRKCQ,CARD11
PRKCQ,NR2F6
PRKCQ,H3C1
PRKCQ,KRAS
PRKCQ,FOSL1
PRKCQ,MSN
PRKCQ,WIPF1
PRKCQ,RAPGEF2
PRKCQ,CBLB
PRKCQ,HABP4
PRKCQ,STK39
PRKCQ,ICAM3
PRKCQ,PPP1R12A
PRKCQ,ARHGEF6
PRKCQ,TBK1
PRKCQ,RASGRP3
FGR,CSNK2A1
FGR,HCLS1
PRKACB,SRSF2
PRKACB,NGFR
CSNK1G1,APC
CSNK1G1,LRP6
CSNK1G1,RELA
CSNK1G1,LYN
STK11,PAK1
STK11,PRKAA1
MAP2K5,MAPK7
INSR,CBL
RPS6KA1,ETV1
RPS6KA1,CDKN1B
LTK,PREB
MINK1,SMAD1
MINK1,NR3C1
CHEK1,SRC
CHEK1,CTR9
CHEK1,LAMC1
CHEK1,DDX19A
CHEK1,HNRNPA2B1
CHEK1,RPL19
CHEK1,YBX1
CHEK1,TICRR
CHEK1,BAZ1A
CHEK1,BLM
CHEK1,E2F3
CHEK1,CHEK1
CHEK1,TRIP12
CHEK1,TLK1
CHEK1,EPRS1
CHEK1,CLK3
CHEK1,SETMAR
CHEK1,E2F6
CHEK1,PRR5
CHEK1,TP53
CHEK1,TP73
CHEK1,GTF3C1
CHEK1,RBM26
CHEK1,YBX3
CHEK1,INF2
CHEK1,CDC25A
CHEK1,MKI67
CHEK1,TFDP1
CHEK1,ERRFI1
CHEK1,FANCD2
CHEK1,RALY
CHEK1,TP53BP1
CHEK1,ZNF638
CHEK1,SCAF11
CHEK1,SRRM2
CHEK1,RELA
CHEK1,CHD7
CHEK1,GOLGA4
CHEK1,ADD3
CHEK1,KIFC1
CHEK1,SEPTIN7
CHEK1,MATR3
CHEK1,SPEN
CHEK1,MCM5
CHEK1,LATS2
CHEK1,RAD51
CHEK1,RIF1
CHEK1,AURKB
CHEK1,CWC25
CHEK1,RBM14
CHEK1,IDI1
CHEK1,CAAP1
CHEK1,PRRC2C
CHEK1,RASSF1
CHEK1,PHF2
CHEK1,SNCB
CHEK1,EXO1
CHEK1,PLK1
CHEK1,HNRNPM
CHEK1,MED1
CHEK1,CCDC6
CHEK1,YBX2
CHEK1,WIZ
CHEK1,HCK
CHEK1,ZC3HC1
CHEK1,ASF1A
CHEK1,NUP153
CHEK1,SLTM
CHEK1,OGT
CHEK1,NEK11
CHEK1,MAPT
CHEK1,SSBP1
CHEK1,MDC1
CHEK1,MCM3
CHEK1,KPNA2
CHEK1,POP4
CHEK1,ADD2
CHEK1,RAVER1
CHEK1,ADD1
CHEK1,ANKRD12
CHEK1,XRCC6
CHEK1,ZNF395
CHEK1,MAD2L1
CHEK1,STK4
CHEK1,MYCBP2
CHEK1,BUD13
CHEK1,MAP2K2
CHEK1,TBC1D4
CHEK1,FAM122A
CHEK1,DDX24
CHEK1,CTTN
CHEK1,RBM42
CHEK1,FEN1
CHEK1,EBNA1BP2
CHEK1,TRIM28
CHEK1,RANBP2
CHEK1,SENP2
CHEK1,MYBBP1A
CHEK1,CAMSAP2
CHEK1,CHTOP
CHEK1,CDC25B
CHEK1,PRRC2B
CHEK1,LMNA
CHEK1,H3C1
CHEK1,MDM4
CHEK1,ZBTB11
CHEK1,PHF8
CHEK1,RACGAP1
CHEK1,DDX19B
CHEK1,TLK2
CHEK1,ARHGEF2
CHEK1,PPME1
CHEK1,H3-3A
CHEK1,MAP4
CHEK1,PRPF3
CHEK1,ING1
CHEK1,HDLBP
CHEK1,PROSER2
CHEK1,CDK13
CHEK1,NHS
CHEK1,RRP12
CHEK1,CLSPN
CHEK1,PPP2R5D
CHEK1,DRG2
CHEK1,PLRG1
CHEK1,HIVEP1
CHEK1,NCBP3
CHEK1,FANCE
CHEK1,FYTTD1
CHEK1,CDK1
CHEK1,POLDIP3
CHEK1,RPL13
CHEK1,LIG1
CHEK1,CSNK2B
CHEK1,SYK
CHEK1,KPNA1
CHEK1,MINK1
CHEK1,CDC25C
CHEK1,MAP2K1
CHEK1,RB1
CHEK1,NFKB1
CHEK1,OSBPL11
CHEK1,UIMC1
CHEK1,SIN3A
CHEK1,TNK1
CHEK1,CEP170B
CHEK1,EML3
CHEK1,LMO7
PRKACA,GLI1
PRKACA,CUX1
PRKACA,CDK16
PRKACA,NOS3
PRKACA,MAP2
PRKACA,CIITA
PRKACA,MAPKAPK5
PRKACA,CAMKK2
PRKACA,NEDD4L
PRKACA,NCOA3
PRKACA,PPP2R5D
PRKACA,RB1
PRKACA,HEXIM1
PRKACA,GLI3
PRKACA,CACNA1C
PRKACA,KCNQ2
PRKACA,PLCG1
PRKACA,ASIC1
PRKACA,DISC1
PRKACA,CASP9
PRKACA,MYBPC3
PRKACA,GATA4
PRKACA,PPP1R9A
PRKACA,CHCHD3
PRKACA,E2F1
PRKACA,DACT1
PRKACA,MARK3
PRKACA,RASGRF1
PRKACA,CFTR
PRKACA,CCND1
PRKACA,DUOX1
PRKACA,SCN5A
PRKACA,NFKB1
PRKACA,STK26
PRKACA,KCNH2
PRKACA,PLN
PRKACA,FOXO1
PRKACA,CAPN1
PRKACA,PHOX2A
PRKACA,GFAP
PRKACA,ETV1
PRKACA,SRF
PRKACA,DNM1L
PRKACA,LIPE
PRKACA,VASP
PRKACA,TRPC5
PRKACA,DES
PRKACA,CHKB
PRKACA,ADRB2
PRKACA,PDE4D
PRKACA,YWHAZ
PRKACA,TBXA2R
PRKACA,BRSK2
PRKACA,NDE1
PRKACA,HIF1A
PRKACA,PARP1
PRKACA,TRPC6
PRKACA,CTPS1
PRKACA,NFATC1
PRKACA,DDX25
PRKACA,HRH1
PRKACA,RGS18
PRKACA,TPH1
PRKACA,RET
PRKACA,TFAP2A
PRKACA,PDE4B
PRKACA,OFD1
PRKACA,AICDA
PRKACA,HSPB1
PRKACA,KCNJ5
PRKACA,ENSA
PRKACA,TRPA1
PRKACA,RGS13
PRKACA,CTNNB1
PRKACA,GSTA4
PRKACA,PFKFB2
PRKACA,MAPT
PRKACA,RRAD
PRKACA,TH
PRKACA,RAP1GAP
PRKACA,KCNN2
PRKACA,PPP1R1A
PRKACA,TRIM71
PRKACA,SIK3
PRKACA,CACNA1H
PRKACA,MYOM2
PRKACA,PKD2L1
PRKACA,ABCA1
PRKACA,VTN
PRKACA,ORAI1
PRKACA,KCNN4
PRKACA,AKAP12
PRKACA,PPP1R14A
PRKACA,GCM1
PRKACA,NCF1
PRKACA,RAP1GAP2
PRKACA,NOXA1
PRKACA,UHRF1
PRKACA,ESR1
PRKACA,SMN1
PRKACA,KDM3A
PRKACA,MEF2B
PRKACA,PHF2
PRKACA,TNNI3
PRKACA,HDAC4
PRKACA,PFN1
PRKACA,TFAM
PRKACA,GPKOW
PRKACA,ATG16L1
PRKACA,PTPN12
PRKACA,LRRK2
PRKACA,PJA2
PRKACA,GRK7
PRKACA,STMN1
PRKACA,MCOLN1
PRKACA,APOBEC3B
PRKACA,PIN1
PRKACA,PSMC5
PRKACA,RARA
PRKACA,AQP2
PRKACA,SERPINF1
PRKACA,CAMKK1
PRKACA,URI1
PRKACA,PDE4C
PRKACA,ATP5IF1
PRKACA,TRPV5
PRKACA,NCOR1
PRKACA,RAP1A
PRKACA,PDE11A
PRKACA,STK38
PRKACA,KSR1
PRKACA,ZFP36L1
PRKACA,LCP1
PRKACA,DOCK1
PRKACA,SOX9
PRKACA,ARHGDIA
PRKACA,RGS10
PRKACA,CLDN3
PRKACA,SUN2
PRKACA,H3-3A
PRKACA,PPP1R14C
PRKACA,CSK
PRKACA,LCK
PRKACA,STK24
PRKACA,TPH2
PRKACA,CAPN2
PRKACA,BCAM
PRKACA,GJA1
PRKACA,AKAP13
PRKACA,RAF1
PRKACA,CARM1
PRKACA,DAP3
PRKACA,H1-4
PRKACA,NLRP3
PRKACA,APP
PRKACA,TPPP
PRKACA,ALOX5
PRKACA,VDR
PRKACA,DTNB
PRKACA,CYP17A1
PRKACA,GFPT1
PRKACA,RASGRP2
PRKACA,CSNK1A1
PRKACA,SNAP25
PRKACA,SLC4A4
PRKACA,VIM
PRKACA,SRSF2
PRKACA,ARHGAP17
PRKACA,PTPN7
PRKACA,NF2
PRKACA,CYP3A4
PRKACA,MAP1LC3A
PRKACA,STAR
PRKACA,PFKFB3
PRKACA,MLXIPL
PRKACA,PKD1
PRKACA,WT1
PRKACA,PDZK1
PRKACA,ITGB4
PRKACA,SNAPIN
PRKACA,TRPV1
PRKACA,NDRG1
PRKACA,ABCB1
PRKACA,BAD
PRKACA,RPS19
PRKACA,AKAP9
PRKACA,INVS
PRKACA,AURKA
PRKACA,POLD3
PRKACA,GRIN2B
PRKACA,KCNA4
PRKACA,APOBEC3G
PRKACA,GMFB
PRKACA,ESPL1
PRKACA,GRK1
PRKACA,KCNK9
PRKACA,AVPR2
PRKACA,CAD
PRKACA,KCNJ3
PRKACA,RELA
PRKACA,ARPP19
PRKACA,CA9
PRKACA,GSK3A
PRKACA,DDB1
PRKACA,PDE5A
PRKACA,CBX3
PRKACA,SREBF1
PRKACA,ETV5
PRKACA,FRAT1
PRKACA,RAP1B
PRKACA,SEC14L2
PRKACA,FAM160B2
PRKACA,HSPA1B
PRKACA,CUL5
PRKACA,LRP6
PRKACA,UBE3A
PRKACA,HSP90AB1
PRKACA,PTPN11
PRKACA,MARK2
PRKACA,PIK3CG
PRKACA,PRKD1
PRKACA,KDELR1
PRKACA,CTBP2
PRKACA,ERBB2
PRKACA,ULK2
PRKACA,LRP1
PRKACA,KCND2
PRKACA,BNIP3
PRKACA,PRKAR2B
PRKACA,RHOA
PRKACA,CRHR1
PRKACA,CTBP1
PRKACA,FXYD1
PRKACA,SLC8B1
PRKACA,USP20
PRKACA,TNFRSF1A
PRKACA,PDE4A
PRKACA,HDAC8
PRKACA,BIRC5
PRKACA,STIM1
PRKACA,UFD1
PRKACA,CREB1
PRKACA,POU5F1
PRKACA,APPL1
PRKACA,SEPTIN7
PRKACA,RYR2
PRKACA,TRPM8
PRKACA,MFN2
PRKACA,GSK3B
PRKACA,PAH
PRKACA,EMD
PRKACA,PDE3B
PRKACA,CETN2
PRKACA,HSPB8
PRKACA,GRIA1
PRKACA,PDE3A
PRKACA,PDE8A
PRKACA,DMTN
PRKACA,PRKACA
PRKACA,PARK7
PRKACA,PDE10A
PRKACA,PPP1R1B
PRKACA,LASP1
PRKACA,FYN
PRKACA,GAD1
PRKACA,SRSF1
PRKACA,EZR
PRKACA,RPTOR
PRKACA,TTN
PRKACA,NR5A2
PRKACA,KCNQ5
PRKACA,HSF1
PRKACA,PSMD2
PRKACA,KLHL3
PRKACA,DLX3
PRKACA,TRPV4
PRKACA,TENT2
PRKACA,NSFL1C
PRKACA,KCNA1
PRKACA,CD44
PRKACA,RCAN1
PRKACA,ANXA1
PRKACA,PPM1B
PRKACA,ATXN1
PRKACA,POU3F2
PRKACA,PSMD11
PRKACA,HLA-A
PRKACA,KRAS
PRKACA,ATP1A1
PRKACA,ARFGEF1
PRKACA,FLNA
PRKACA,CDC37
PRKACA,CEBPB
PRKACA,SRC
PRKACA,TPR
PRKACA,ADD1
PRKACA,IQGAP2
PRKACA,TAL1
PRKACA,PKD2
PRKACA,DNAJC5
PRKACA,MSN
PRKACA,TP53
PRKACA,EMSY
PRKACA,LAMTOR4
PRKACA,DYNLRB1
PRKACA,PTBP1
PRKACA,SORBS2
PRKACA,GNA13
PRKACA,ITGA4
PRKACA,SGK1
PRKACA,PTK2B
PRKACA,PIK3R1
PRKACA,MORC2
PRKACA,KCNJ13
PRKACA,PREX1
PRKACA,ADRB1
PRKACA,CDKN2D
PRKACA,FCER1G
PRKACA,TRIP10
PRKACA,HNRNPD
PRKACA,DSP
PRKACA,ATR
PRKACA,CDK9
PRKACA,TAGLN2
PRKACA,HSP90AA1
PRKACA,PRKAB1
PRKACA,SIK2
PRKACA,TGM2
PRKACA,NDUFS4
PRKACA,RASD2
PRKACA,MYLK
PRKACA,SPTBN1
PRKACA,ARHGEF6
PRKACA,PLEC
PRKACA,SNAI1
PRKACA,AQP5
PRKACA,PLCB3
PRKACA,PPP1R1C
PRKACA,HDAC5
PRKACA,SLK
PRKACA,RASSF1
PRKACA,NPR1
PRKACA,ACADVL
PRKACA,NKD2
PRKACA,HSPB6
PRKACA,RXRA
PRKACA,SLC26A4
PRKACA,GATA3
PRKACA,KCNJ2
PRKACA,IMMT
PRKACA,SUFU
PRKACA,AQP4
PRKACA,MC4R
PRKACA,GPR15
PRKACA,KCNK3
PRKACA,KCNQ1
MARK1,MAPT
MAPK3,BRAF
MAPK3,MAPT
MAPK3,WTAP
MAPK3,DUSP6
MAPK3,HNF4A
MAPK3,RRN3
MAPK3,TH
MAPK3,NUP153
MAPK3,RAF1
MAPK3,ATF2
MAPK3,PXN
MAPK3,STAT1
MAPK3,MKNK1
MAPK3,FGFR2
MAPK3,HSPB8
MAPK3,NCF1
MAPK3,BLVRA
MAPK3,SPHK1
MAPK3,GORASP2
MAPK3,ADAM17
MAPK3,REST
MAPK3,TOB1
MAPK3,TSC2
MAPK3,BCL2
MAPK3,RUNX2
MAPK3,WASF2
MAPK3,ELK4
MAPK3,MITF
MAPK3,MTMR2
MAPK3,CRTC3
MAPK3,ETV6
MAPK3,ELK1
MAPK3,LYL1
MAPK3,ISX
MAPK3,SP1
MAPK3,DUSP5
MAPK3,CASP9
MAPK3,LAT
MAPK3,NCOA1
MAPK3,ESR1
MAPK3,RHOA
MAPK3,MYLK
MAPK3,CTNND1
MAPK3,CREBBP
MAPK3,ARRB2
MAPK3,RUNX1
MAPK3,FOS
MAPK3,NR3C2
MAPK3,ABI1
MAPK3,NUP214
MAPK3,SMAD2
MAPK3,TOP2A
MAPK3,ITGB4
MAPK3,PML
MAPK3,CREM
MAPK3,GLE1
MAPK3,ARHGEF2
MAPK3,BAZ1B
MAPK3,FHOD1
MAPK3,RPTOR
MAPK3,ARRB1
MAPK3,MAPK3
MAPK3,SLC6A4
MAPK3,CIITA
MAPK3,SULT4A1
MAPK3,BCL2L11
MAPK3,MCTS1
MAPK3,PCBP2
MAPK3,BANP
MAPK3,TAL2
MAPK3,SMAD4
MAPK3,MAP3K11
MAPK3,MED14
MAPK3,HNRNPK
MAPK3,FOXO3
MAPK3,PALLD
MAPK3,MAP2K1
MAPK3,ASB2
MAPK3,FOSL2
MAPK3,STMN1
MAPK3,NUP50
MAPK3,LRP6
MAPK3,CIC
MAPK3,SP3
MAPK3,WWC1
MAPK3,FGFR1
MAPK3,GSK3B
MAPK3,LCK
MAPK3,LIFR
MAPK3,BAG3
MAPK3,CTTN
MAPK3,RRAS2
MAPK3,PDE4D
MAPK3,MARS1
MAPK3,SHARPIN
MAPK3,CALD1
MAPK3,MCRIP1
MAPK3,GTF2I
MAPK3,DHPS
MAPK3,SPHK2
MAPK3,TP53
MAPK3,DUSP1
MAPK3,AR
MAPK3,TTK
MAPK3,STAT3
MAPK3,PIP5K1C
MAPK3,TRAP1
MAPK3,THRB
MAPK3,OSBP2
MAPK3,SYMPK
MAPK3,GRHL1
MAPK3,E2F4
MAPK3,TRPV3
MAPK3,BCL6
MAPK3,CDKN1A
MAPK3,MAPK7
MAPK3,YTHDF2
MAPK3,SREBF2
MAPK3,NCOA2
MAPK3,SREBF1
MAPK3,DUSP4
MAPK3,NR3C1
MAPK3,LIMA1
MAPK3,MYCN
MAPK3,CDKN1B
MAPK3,NFATC4
MAPK3,MBP
MAPK3,MCL1
MAPK3,ERBB2
MAPK3,EIF4EBP1
MAPK3,CEBPA
MAPK3,ERBB4
MAPK3,PKM
MAPK3,METTL3
MAPK3,MAZ
MAPK3,EPAS1
MAPK3,BAD
MAPK3,RXRA
MAPK3,HDAC6
MAPK3,EIF4G1
MAPK3,PLCB1
MAPK3,CAPN2
MAPK3,MRTFA
MAPK3,POU5F1
MAPK3,CDCA5
MAPK3,RPS3
MAPK3,XBP1
MAPK3,TWIST1
MAPK3,RAB5A
MAPK3,MED1
MAPK3,RPS6KA5
MAPK3,SEC16A
MAPK3,JUN
MAPK3,HSF1
MAPK3,HSF4
MAPK3,CASP8
MAPK3,PTPRCAP
MAPK3,NCKIPSD
MAPK3,STAT5A
MAPK3,DNM1L
MAPK3,TAL1
MAPK3,EGFR
MAPK3,RAC1
MAPK3,KARS1
MAPK3,MARCKS
MAPK3,CDK2
MAPK3,PTPN12
MAPK3,SHOC2
MAPK3,GLRA1
MAPK3,MYC
MAPK3,MAFG
MAPK3,IL2RB
MAPK3,NFATC1
MAPK3,CAD
MAPK3,FBXW7
MAPK3,TAB1
MAPK3,NOS2
MAPK3,RARG
MAPK3,NOXA1
MAPK3,CANX
MAPK3,GATA6
MAPK3,RSPH3
MAPK3,GAB2
MAPK3,RRAS
MAPK3,SH2B1
MAPK3,DAPK1
MAPK3,EWSR1
MAPK3,LIN28A
MAPK3,EP300
MAPK3,KRT8
MAPK3,PGR
MAPK3,CEBPB
MAPK3,SORBS3
MAPK3,MAGEA11
MAPK3,MYB
MAPK3,IRS1
MAPK3,EXOC7
RIPK3,DAXX
RIPK3,RIPK3
RIPK3,MLKL
RIPK3,DLD
RIPK3,TRIM28
MAP4K1,CARD11
MAP4K1,MAP3K11
MAP4K1,PSMD2
MAP4K1,MAP4K1
MAP4K1,LCP2
EPHB2,TAGAP
EPHB2,L1CAM
EPHB2,RRAS
EPHB2,SRC
CAMKK1,PRKAA1
CAMKK1,CAMK1D
CAMKK1,CAMK4
CAMKK1,BRSK1
CAMKK1,CAMK1
BMP2K,AP2M1
CDK11A,SPDEF
CSNK1D,EPAS1
CSNK1D,TARDBP
CSNK1D,LZTS2
CSNK1D,MDM2
CSNK1D,BACE1
CSNK1D,SMARCA4
CSNK1D,APC
CSNK1D,TP53
CSNK1D,MAPT
CSNK1D,CTNNB1
CSNK1D,LRP6
CSNK1D,DCK
CSNK1D,UHRF1
CSNK1D,NEDD9
CSNK1D,PRKD2
CSNK1D,NCOA3
CSNK1D,TOP2B
CSNK1D,WEE1
CSNK1D,HIF1A
CSNK1D,ZNF322
CSNK1D,PER2
CSNK1D,DVL2
CSNK1D,PPP5C
CSNK1D,CDH1
CSNK1D,PSEN2
CSNK1D,YAP1
CSNK1D,MTSS1
CSNK1D,KIR3DL1
MAP3K3,MAP2K3
MKNK1,EIF4E
HSPA5,HSPA5
PDK4,PDHA1
PDK4,PDHA2
PLK4,NEDD1
PLK4,PLK4
PLK4,CENPJ
PLK4,CEP131
PLK4,STIL
PLK4,PCM1
PLK4,ACTR2
PLK4,FBXW5
PLK4,NEK7
PLK4,PPP1R16B
PLK4,CCP110
CIT,GLI2
CIT,MYL9
AURKC,H3C1
AURKC,NFKBIA
AURKC,INCENP
AURKC,BIRC5
AURKC,TACC1
PRKCB,TOP2A
MAP2K7,MAPK10
MAP2K7,MAPK9
MAP2K7,MAPK8
MAP2K7,FADD
FRK,BRCA1
FRK,PTEN
PIK3CD,PIK3CD
STK16,STK16
STK16,DRG1
PAK1,ARPC1B
PAK1,VIM
SLK,RDX
SLK,EZR
SLK,SLK
SLK,MSN
CDK16,PRKAR1A
CDK16,PRC1
CDK16,CDKN1B
CDK16,CCNY
ERBB2,BBC3
ERBB2,ERBB2
ERBB2,DOCK7
ERBB2,PLXNB1
ERBB2,CTNNB1
ERBB2,CDK1
ERBB2,LDHA
CDC42BPA,CDC42BPA
CDC42BPA,MYL9
OXSR1,SLC12A1
OXSR1,SLC12A2
OXSR1,SLC12A3
OXSR1,SMAD3
OXSR1,SMAD2
SRC,PTEN
SRC,GJA1
SRC,SPTAN1
SRC,TIMP2
SRC,FLT4
SRC,THRAP3
SRC,CDCP1
SRC,HNF4A
SRC,EYA3
SRC,SHC1
SRC,HDAC3
SRC,KIF11
SRC,ATG9A
SRC,GTF2I
SRC,TRPV1
SRC,BCKDK
SRC,PLCG2
SRC,BDKRB2
SRC,CDH2
SRC,WNK4
SRC,GIT1
SRC,GAB1
SRC,AKAP8
SRC,CHN2
SRC,HNRNPK
SRC,ACLY
SRC,SFPQ
SRC,DVL2
SRC,HLA-A
SRC,EPS8
SRC,DAPK1
SRC,RGS16
SRC,ZC3H4
SRC,PAG1
SRC,DDR2
SRC,NR1H4
SRC,SF3B2
SRC,BCLAF1
SRC,PDPK1
SRC,FHOD1
SRC,UGT2B7
SRC,BAIAP2L1
SRC,GLRB
SRC,GRIK2
SRC,L1CAM
SRC,HRAS
SRC,NEDD4
SRC,PTPN6
SRC,PTK2
SRC,CDC25A
SRC,ANXA2
SRC,USP2
SRC,CD46
SRC,NOS2
SRC,TLR3
SRC,ITGB7
SRC,MYH9
SRC,PRKD2
SRC,PELP1
SRC,SRRT
SRC,AGO2
SRC,RMDN3
SRC,ENG
SRC,CDH1
SRC,STAP2
SRC,FCRL3
SRC,EGFR
SRC,PLSCR1
SRC,HLA-B
SRC,THOC5
SRC,ANXA1
SRC,CASP8
SRC,KCNJ1
SRC,NRAS
SRC,NCKIPSD
SRC,SDCBP
SRC,FBXO5
SRC,HSP90AB1
SRC,WBP2
SRC,CTTN
SRC,ARAF
SRC,TRIP10
SRC,ARHGDIA
SRC,YAP1
SRC,HSP90AA1
SRC,FHIT
SRC,SIRT2
SRC,LPIN1
SRC,SLC6A4
SRC,FXN
SRC,G6PD
SRC,PRKCD
SRC,STAT5A
SRC,PFN1
SRC,FERMT2
SRC,CASP9
SRC,FUBP1
SRC,MPZL1
SRC,RBM10
SRC,CD93
SRC,DOK1
SRC,RPS6KB2
SRC,RAPGEF1
SRC,AP2B1
SRC,VIL1
SRC,PTPRJ
SRC,TP73
SRC,GSK3B
SRC,LMNA
SRC,ZAP70
SRC,HK2
SRC,CACNA1C
SRC,ETS1
SRC,DGKA
SRC,FLOT1
SRC,MDM2
SRC,PRKD1
SRC,SHC3
SRC,ELMO1
SRC,EMD
SRC,TGFBR2
SRC,GRK2
SRC,NOXA1
SRC,CDKN1B
SRC,GRIN2A
SRC,HIPK2
SRC,PKP3
SRC,AFAP1
SRC,SDHA
SRC,TERT
SRC,RPS6KA3
SRC,MYLK
SRC,PPP2CA
SRC,RAF1
SRC,SNCA
SRC,CORO7
SRC,FHL1
SRC,LPP
SRC,GSN
SRC,PIP5K1C
SRC,SDC2
SRC,KCNA3
SRC,SH3PXD2B
SRC,IQGAP1
SRC,CHKA
SRC,DAAM1
SRC,KLF16
SRC,STAT3
SRC,CBL
SRC,IKBKB
SRC,LRP1
SRC,OCLN
SRC,ARHGEF2
SRC,WWOX
SRC,GRIN1
SRC,CNKSR1
SRC,RACK1
SRC,TP53
SRC,RHOU
SRC,CDK4
SRC,PROM1
SRC,KDR
SRC,ABL1
SRC,ATXN2L
SRC,ARHGAP5
SRC,CCDC88A
SRC,PDHA1
SRC,KRT19
SRC,KCNB1
SRC,SOCS1
SRC,RHOA
SRC,CYP19A1
SRC,MAPT
SRC,DLG4
SRC,HCRTR1
SRC,SLC25A4
SRC,GAPDH
SRC,CAV1
SRC,MUC1
SRC,CCR7
SRC,KHSRP
SRC,AURKA
SRC,STING1
SRC,KNSTRN
SRC,EZR
SRC,SH3GLB1
SRC,GRB10
SRC,TRIP6
SRC,PANX1
SRC,NFE2L2
SRC,MAPRE1
SRC,SRC
SRC,CDH5
SRC,KRAS
SRC,CBLC
SRC,TFG
SRC,ERBB2
SRC,HK1
SRC,CTNNB1
SRC,PRC1
SRC,FOS
SRC,HCN4
SRC,PLD2
SRC,RRAS
SRC,SLC11A1
SRC,SDC4
SRC,TNS3
SRC,NDFIP2
SRC,CAV2
SRC,GUCY1B1
SRC,CDC42
SRC,SH3GL1
SRC,ARHGDIB
SRC,NELFCD
SRC,CNN3
SRC,EWSR1
SRC,BCAR1
SRC,PBK
SRC,DNM2
SRC,ITGB3
SRC,PLEKHG2
SRC,DMAP1
SRC,TRIM25
SRC,SYNJ2
SRC,STAT5B
SRC,RAC1
SRC,VAMP7
SRC,MEGF10
SRC,CCDC88C
SRC,NDUFV2
SRC,ESR1
SRC,CHRNA7
SRC,SDC1
SRC,VAV3
SRC,RET
SRC,ARHGAP35
SRC,CFL1
SRC,ATP1A1
SRC,PTTG1IP
SRC,SPRY2
SRC,ARHGEF7
SRC,PTK2B
SRC,PTPRA
SRC,AR
SRC,AGTR1
SRC,GAK
SRC,TFRC
SRC,WASF1
SRC,CDK1
SRC,LDHA
SRC,CNN2
SRC,FER
SRC,CLTC
SRC,FUS
SRC,THRB
SRC,RHBG
SRC,LASP1
SRC,G3BP1
SRC,RAB34
SRC,BMX
SRC,JUP
SRC,PXN
SRC,XRCC6
SRC,FIP1L1
SRC,NPHP1
SRC,DAPP1
SRC,PKD1
SRC,PRMT5
SRC,KCND3
SRC,STAT1
SRC,ARHGEF4
SRC,MMP14
SRC,IKBKG
PLK3,PTEN
PLK3,CDC25A
ATR,MCM3
ABL2,WASL
PIK3CB,PIK3CB
CDK3,ESR1
CDK3,TFCP2
CDK3,MECOM
CDK3,LIN9
CDK3,NFATC4
CDK3,NOTCH1
CDK3,JUN
CDK3,ATF1
CDK3,CABLES1
CDK3,RB1
WNK2,WNK1
WNK2,STK39
CSNK2A1,CTNNB1
NTRK2,NTRK2
NTRK2,SHC3
NTRK2,KCNA3
RPS6KA4,H3C1
RPS6KA4,CREB1
RPS6KA4,ATXN1
RPS6KA4,RELA
RPS6KA4,RPS6KA4
PRKACA,H3C1
PRKACA,FGF2
PRKACA,MYOM1
PRKACA,TRIM32
ILK,AKT1
ILK,PPP1R14A
ILK,PPP1R14C
ILK,MYL12B
ILK,NACA
ILK,PPP1R14B
GRK5,ADRB2
TESK1,CFL1
VRK1,VRK1
VRK1,TP53
VRK1,H3C1
VRK1,ATF2
VRK1,BANF1
VRK1,JUN
VRK1,H2AC17
VRK1,NR1I2
PRKCI,MARK2
PRKCI,AMOT
PRKCI,MAPT
PRKCI,ROCK1
PRKCI,EZR
PRKCI,SP1
PRKCI,NUMB
PRKCI,MARK3
PRKCI,CDK7
PRKCI,GLI1
PRKCI,FBXW7
PRKCI,DOC2B
PRKCI,BAD
PRKCI,UBTF
PRKCI,ELF3
PRKCI,PARD6A
PRKCI,ECT2
PRKCI,VIM
PRKCI,KLF10
PRKCI,EZH2
PRKCI,CTTN
PRKCI,RPS6KB2
PRKCI,YKT6
PRKCI,EP300
PRKCI,PARD3
PRKCI,NFE2L2
ZAP70,LAT
ZAP70,GAB2
ZAP70,ZAP70
ZAP70,SHC1
ZAP70,DBNL
ZAP70,THEMIS
ZAP70,DUSP3
ZAP70,LCP2
ZAP70,MAPK14
BCR,YWHAQ
BCR,YWHAZ
BCR,AFDN
GSK3A,MAPT
PKMYT1,CDK1
NEK7,KIF14
NEK7,KIF11
NEK7,TERF1
GAK,TP63
GAK,CLTC
DYRK3,H3-3A
DYRK3,AKT1S1
DYRK3,NCOA3
CSNK2A1,MAPT
TXK,TXK
BMPR1B,SMAD1
BMPR1B,SMAD2
PRKCE,FBXW7
TYK2,TYK2
TYK2,SIVA1
TYK2,IFNAR1
TYK2,RACK1
TYK2,STAT3
TYK2,STAT1
PTK2B,TGFB1I1
PTK2B,ID3
PTK2B,CTTN
PTK2B,NPHP1
PTK2B,LAT
PTK2B,SNCA
PTK2B,PTK2
PTK2B,NOS3
PTK2B,PTK2B
PTK2B,STIM1
RPS6KB2,EEF2K
RPS6KB2,HSPB1
RPS6KB2,TARBP2
RPS6KB2,GSK3B
RPS6KB2,KRT18
RPS6KB2,HNRNPA1
RPS6KB2,RICTOR
FGR,PTK2
FGR,ALOX5
FGR,TBK1
FGR,NFE2L2
FGR,RIPK2
FGR,IKBKG
UHMK1,STMN1
RPS6KA1,SRF
PRKAA1,MDM4
PTK6,CTNNB1
PTK6,STAP2
PTK6,ARAP1
PTK6,BCAR1
PTK6,PXN
PTK6,ARHGAP5
PTK6,PTK6
PTK6,AKT1
PTK6,STAT5B
MAPK13,DLG1
ULK1,CDC37
ULK1,ATG9A
ULK1,FBP1
ULK1,RIPK1
ULK1,NR3C2
ULK1,SMCR8
ULK1,STING1
ULK1,BNIP3L
ULK1,ATG13
ULK1,YAP1
ULK1,ATG16L1
ULK1,PFKM
ULK1,BECN1
ULK1,RPTOR
ULK1,ENO1
ULK1,RB1CC1
ULK1,SDCBP
ULK1,ATG4B
ULK1,SESN2
ULK1,HK1
ULK1,AMBRA1
ULK1,DENND3
ULK1,FLCN
ULK1,SEC23A
ULK1,PRKN
ULK1,ATG101
ULK1,SEC23B
ULK1,FUNDC1
ULK1,MAD1L1
ULK1,SEC16A
ULK1,ATG14
ULK1,PIK3C3
ULK1,FLII
MAPK9,MFN2
MAPK9,STAT3
TEC,PTPN18
TEC,BMX
TEC,TEC
TEC,BTK
TEC,ITK
TEC,FGF2
STK19,NRAS
PIK3C2A,PRKCI
PIK3C2A,SGK1
DDR1,DDR1
TLK1,NEK1
TLK1,H3C1
TLK1,RAD9A
CDK1,TRIM32
CDK1,MDM4
CDK1,KPNA2
CDK1,NUMA1
CDK1,MAPT
CDK1,NDE1
CDK1,NCL
CDK1,SIRT3
CDK1,NDUFB6
CDK1,ARHGAP19
CDK1,CHEK1
CDK1,CLASP2
CDK1,NOLC1
CDK1,ATG13
CDK1,EPB41
CDK1,ITPR1
CDK1,ARHGEF2
CDK1,RANGAP1
CDK1,VGLL4
CDK1,SRRM2
CDK1,CDC27
CDK1,GJA1
CDK1,YAP1
CDK1,AMPH
CDK1,RPS6KB1
CDK1,KMT2E
CDK1,RGPD4
CDK1,HMGA1
CDK1,MAPK6
CDK1,TCOF1
CDK1,HMGCS1
CDK1,MASTL
CDK1,SLBP
CDK1,DNM2
CDK1,PPP1R13L
CDK1,FOXO1
CDK1,ZC3HC1
CDK1,SP1
CDK1,PPP1CA
CDK1,KIF20A
CDK1,CDC25A
CDK1,CENPA
CDK1,DLGAP5
CDK1,PHLPP1
CDK1,TP53BP1
CDK1,NIFK
CDK1,TP73
CDK1,UBE2I
CDK1,AJUBA
CDK1,CASP9
CDK1,CDCA5
CDK1,NCKAP5L
CDK1,USP1
CDK1,CDC16
CDK1,TK1
CDK1,TSC1
CDK1,RAP1GAP
CDK1,KIF2C
CDK1,KAT5
CDK1,FOXK2
CDK1,GMPS
CDK1,DUT
CDK1,UGDH
CDK1,RUNX1
CDK1,EIF4G1
CDK1,IREB2
CDK1,WWTR1
CDK1,NCOA1
CDK1,CHMP7
CDK1,NDUFA12
CDK1,FOXM1
CDK1,RCC1
CDK1,LMNB1
CDK1,KIF22
CDK1,LMNA
CDK1,CDC14A
CDK1,RPA2
CDK1,CDKN2D
CDK1,FLNA
CDK1,TOP2A
CDK1,BLM
CDK1,ANAPC1
CDK1,TERF1
CDK1,CDC25B
CDK1,LIMD1
CDK1,AR
CDK1,CREM
CDK1,MAP4
CDK1,SKA3
CDK1,DIAPH1
CDK1,DLG1
CDK1,CENPC
CDK1,CDC25C
CDK1,CSNK2A1
CDK1,MTHFR
CDK1,MCL1
CDK1,AKT1
CDK1,USP24
CDK1,RPTOR
CDK1,UIMC1
CDK1,CDK7
CDK1,NINL
CDK1,MKI67
CDK1,ODF2
CDK1,IL16
CDK1,SCML2
CDK1,CDT1
CDK1,NEDD1
CDK1,USP9X
CDK1,RBBP8
CDK1,PKN2
CDK1,CARHSP1
CDK1,VIM
CDK1,CCNB1
CDK1,BCL9
CDK1,DSN1
CDK1,NDEL1
CDK1,EEF1D
CDK1,BAD
CDK1,MAP2K1
CDK1,RRM2
CDK1,STMN1
CDK1,NDUFS2
CDK1,DDX3X
CDK1,RAD9A
CDK1,ISL1
CDK1,POLR2A
CDK1,CDCA2
CDK1,ORC6
CDK1,CTTN
CDK1,DDHD1
CDK1,HJURP
CDK1,NCAPD3
CDK1,EIF4A3
CDK1,VCPIP1
CDK1,RGPD6
CDK1,NPM1
CDK1,PKN1
CDK1,CUEDC2
CDK1,EEF2
CDK1,CDC23
CDK1,UBXN2B
CDK1,LATS1
CDK1,MCTS1
CDK1,AAK1
CDK1,LIG3
CDK1,RGPD8
CDK1,KMT5A
CDK1,RANBP2
CDK1,SREBF1
CDK1,APP
CDK1,NUSAP1
CDK1,RB1
CDK1,TEX14
CDK1,BUB1B
CDK1,NAGK
CDK1,NCAPG
CDK1,NUP50
CDK1,AKAP12
CDK1,KIFC1
CDK1,PIP5K1C
CDK1,EFHD2
CDK1,NUP98
CDK1,BORA
CDK1,SQSTM1
CDK1,ING1
CDK1,TTK
CDK1,ADD1
CDK1,PDPK1
CDK1,EIF4EBP1
CDK1,RSF1
CDK1,BARD1
CDK1,BCL2L11
CDK1,PPP2CA
CDK1,PYCR2
CDK1,PRC1
CDK1,BCL2L1
CDK1,PAICS
CDK1,RFC1
CDK1,OSBP2
CDK1,BAG3
CDK1,ERCC6L
CDK1,BRCA2
CDK1,NDUFV1
CDK1,MPLKIP
CDK1,BIRC5
CDK1,UNG
CDK1,USP16
CDK1,BUB1
CDK1,DNMT1
CDK1,LIG1
CDK1,BRCA1
CDK1,DCTN6
CDK1,IRS2
CDK1,HASPIN
CDK1,PALLD
CDK1,PITPNM1
CDK1,NUAK1
CDK1,ECT2
CDK1,LDHA
CDK1,RAB5B
CDK1,NUCKS1
CDK1,TPX2
CDK1,RAB4A
CDK1,REPS2
CDK1,RIT1
CDK1,RPS3
CDK1,SPAG5
CDK1,PDIA3
CDK1,PIK3C3
CDK1,KIF20B
CDK1,KDM5B
CDK1,RUNX2
CDK1,BCL2
CDK1,CDKN1B
CDK1,WEE1
CDK1,PRDX1
CDK1,PTPN1
CDK1,PDS5B
CDK1,STIM1
CDK1,PKM
CDK1,UHRF1
CDK1,EPN1
CDK1,ZMYM3
CDK1,CDKN1A
CDK1,EML3
CDK1,TPR
CDK1,TOP2B
CDK1,OGFR
CDK1,RECQL4
CDK1,RGPD3
CDK1,PHF8
CDK1,EZH2
CDK1,LRRK1
CDK1,RNMT
CDK1,AHNAK
CDK1,POLR1G
CDK1,NDUFV3
CDK1,SGO1
CDK1,DTL
CDK1,EEF2K
CDK1,DEPDC1
CDK1,PIK3C2A
CDK1,SSR1
CDK1,HIF1A
CDK1,E2F1
CDK1,XIAP
CDK1,UBE2A
CDK1,RECQL5
CDK1,NCOA3
CDK1,CSNK2B
CDK1,TFPT
CDK1,ESPL1
CDK1,FEN1
CDK1,ATAD5
CDK1,U2AF2
CDK1,LBR
CDK1,DISC1
CDK1,NSFL1C
CDK1,FANCG
CDK1,SET
CDK1,ANAPC4
CDK1,CEP55
CDK1,PRPS1
CDK1,GAPVD1
CDK1,NME2
CDK1,WAC
CDK1,RAB11FIP3
CDK1,UBAP2L
CDK1,NME1
CDK1,CASP8
CDK1,SUN1
CDK1,TFCP2L1
CDK1,EGFR
CDK1,PEX14
CDK1,DNM1L
CDK1,CDC7
CDK1,TPP1
CDK1,ELAVL1
CDK1,ABI1
CDK1,INCENP
CDK1,TOP1
CDK1,EIF4G2
CDK1,SEPTIN9
CDK1,CKAP2
CDK1,SOD2
CDK1,KAT7
CDK1,TERT
CDK1,HMGN5
CDK1,PI4KB
CDK1,RGCC
CDK1,SIRT1
CDK1,ATR
CDK1,PML
CDK1,FMNL2
CDK1,DCTN1
CDK1,KIF4A
CDK1,PTPN2
CDK1,TOB2
CDK1,TIAM1
CDK1,SAMHD1
CDK1,SUPT5H
CDK1,CREB1
CDK1,PBK
CDK1,CGAS
CDK1,SLC9A3R1
CDK1,CANX
CDK1,USP14
CDK1,GATA2
CDK1,XPO1
CDK1,TMPO
CDK1,WWC1
CDK1,MAP7
CDK1,PTTG2
CDK1,CCNE1
CDK1,STK3
CDK1,MEF2C
CDK1,MCM7
CDK1,PPP6R2
CDK1,GIGYF2
CDK1,CDCA8
CDK1,MAPK3
CDK1,KIF11
CDK1,EP300
CDK1,HNRNPK
CDK1,KRT8
CDK1,ZC3H11A
CDK1,SIRT2
CDK1,NANOG
CDK1,TP53
CDK1,NEK9
CDK1,APLP2
CDK1,H1-4
PRKG1,HSPB1
PRKG1,PRKG1
PRKG1,PAK1
PRKG1,LASP1
KSR1,RAF1
STK33,STK33
PAK4,CTNNB1
PAK4,SNAI2
PAK4,WASL
PAK4,PXN
PAK4,MZF1
PAK4,ARHGEF2
PAK4,STMN2
PAK4,ITGB1BP1
PAK4,PAK4
PAK4,RUNX1
PAK4,ITGB5
PAK4,FH
PAK4,TH
PAK4,RAN
PAK4,TP53
PAK4,LIMK1
PAK4,ESR1
MARK2,MAPT
MYLK2,MEF2C
MAPKAPK5,WNK4
MAPKAPK5,RHEB
MAPKAPK5,KALRN
ABL1,RAPH1
ABL1,PLSCR1
ABL1,APP
ABL1,CDKN1B
ABL1,CBL
ABL1,DGCR8
ABL1,UBE3A
CSNK1A1,AQP2
CSNK1A1,CTNNB1
CSNK1A1,NFATC3
CSNK1A1,HSP90B1
CSNK1A1,LGALS3
CSNK1A1,FADD
CSNK1A1,PRH1
CHEK2,SIAH2
CHEK2,TP53
CHEK2,CHEK2
CHEK2,TTK
CHEK2,AATF
CHEK2,AURKB
CHEK2,BAIAP2L1
CHEK2,LATS2
CHEK2,ELAVL1
CHEK2,PML
CHEK2,BECN1
CHEK2,E2F1
CHEK2,MAPT
CHEK2,H1-2
CHEK2,BRCA1
CHEK2,VHL
CHEK2,XRCC1
CHEK2,PLIN3
CHEK2,CDC25C
CHEK2,PLIN2
CHEK2,RB1
CHEK2,CDC25A
CHEK2,REV3L
CHEK2,MDM4
CHEK2,E2F3
CHEK2,FOXM1
CHEK2,INCENP
CHEK2,PSME3
CHEK2,CDK11B
CHEK2,BLM
CHEK2,TRIM28
CHEK2,PKM
CHEK2,BDNF
CAMK2D,HDAC4
CAMK2D,SCN5A
CAMK2D,KCNQ1
CAMK2D,KCNJ11
CAMK2D,ANKRD28
CAMK2D,TTN
CAMK2D,CACNB2
CAMK2D,CEACAM1
CAMK2D,CAMK2D
CAMK2D,OCLN
GRK6,GRK6
GRK6,IGF1R
GRK6,ADRB2
GRK6,LTB4R
GRK6,SLC9A3R1
GRK6,OCLN
PRKCA,ANXA2
PRKCA,CD3G
PRKCA,ADD2
PRKCA,PRKAA1
PRKCA,FGF2
PRKCA,MYL9
PRKCA,MARCKS
PRKCA,INSR
PRKCA,ACO1
PRKCA,ADD1
STK25,CCM2
STK25,PDCD10
FLT1,FLT1
SRC,TBK1
SRC,KIT
SRC,MSN
SRC,NFKBIA
WNK3,WNK1
WNK3,SLC12A6
RIPK2,RIPK2
PRKAA2,SLC9A5
IGF1R,IRS1
IGF1R,PDPK1
IGF1R,PTH1R
IGF1R,ANXA2
IGF1R,PCNA
IGF1R,ESR1
IGF1R,IGF1R
IGF1R,SIRPA
IGF1R,H3C1
MAP3K10,DYRK2
MAP3K10,TCF3
DMPK,SRF
TGFBR2,TGFBR1
TGFBR2,USP2
TGFBR2,TGFBR2
TGFBR2,ENG
HIPK2,MECP2
LRRK1,CLIP1
LRRK1,CDK5RAP2
CLK1,ABL1
CLK1,RBM17
CLK1,PTPN1
CLK1,SNRNP70
BRSK2,PRKAA1
BRSK2,ARHGDIA
BRSK2,TSC2
BRSK2,CDK16
FER,STAT3
PRKCA,MAPT
PRKCA,SNAP23
PRKCA,HES1
PRKCA,CFTR
PRKCA,RAF1
PRKCA,HRH1
PRKCA,KCNC4
PRKCA,PLAU
PRKCA,PPP1R14D
PRKCA,GRIK1
PRKCA,NRGN
PRKCA,GRIN2B
PRKCA,GNA15
PRKCA,RGS5
PRKCA,NCF1
PRKCA,SH3BP2
PRKCA,DGKD
PRKCA,DNM1
PRKCA,PSEN1
PRKCA,HMGB1
PRKCA,ERBB2
PRKCA,FXYD1
PRKCA,GRK2
PRKCA,PITPNA
PRKCA,ATP2B4
PRKCA,NCF4
PRKCA,CD5
PRKCA,HSPB8
PRKCA,ATP2B2
PRKCA,PTGIR
CDK10,ETS2
PRKDC,POU2F1
PRKDC,FUS
PRKDC,DCLRE1C
PRKDC,MCC
PRKDC,POU5F1
PRKDC,IRF3
PRKDC,XRCC4
PRKDC,WRN
PRKDC,TP53
PRKDC,POLL
PRKDC,XPA
PRKDC,IGFBP3
PRKDC,HSP90AA1
PRKDC,XRCC5
PRKDC,H2AX
PRKDC,HNRNPU
PRKDC,RPA2
PRKDC,FH
PRKDC,PNKP
PRKDC,HOXA11
PRKDC,SRF
PRKDC,AKT1
PRKDC,XRCC6
PRKDC,SOX2
PRKDC,GOLPH3
PRKDC,NHEJ1
PRKDC,EGR1
PRKDC,IKBKG
PRKDC,NABP2
PRKDC,LIG4
PRKDC,VIM
PRKDC,PRKDC
PRKDC,XRCC1
PRKDC,PELP1
PRKDC,RAG2
PRKDC,PDX1
PRKDC,TOP1
PRKDC,H1-2
PRKDC,CDKN1B
PRKDC,NFKB1
PRKDC,POLR2A
PRKDC,MED1
PRKDC,ASF1A
PRKDC,AIRE
PRKDC,PRKAG1
PRKDC,CHEK2
PRKDC,CASP2
PRKDC,TGM2
PRKDC,TDP1
PRKDC,USF1
PRKDC,VCP
PRKDC,PNPT1
PIKFYVE,AKT1
RIOK3,IFIH1
MAP3K12,MYL12B
PKN1,MAPT
PKN1,EGFR
PKN1,HDAC5
PKN1,H3C1
PKN1,HDAC9
PKN1,MEFV
PKN1,CLIP1
PKN1,PKN1
SMG1,UPF1
SMG1,TP53
MAP3K6,MAPK8
MAP3K6,MAP3K6
MAP3K6,MAPK14
DAPK1,DDX58
DAPK1,CAMKK2
DAPK1,HSF1
DAPK1,TP53
DAPK1,PIN1
DAPK1,DAPK1
DAPK1,TPM1
DAPK1,GRIN2B
DAPK1,RPL13A
DAPK1,MYL12B
DAPK1,BECN1
DAPK1,MYL9
DAPK1,MCM3
DAPK1,PELI1
PRKD1,HDAC7
PRKD1,ATP7B
PRKD1,CERT1
PRKD1,CTNNB1
PRKD1,DLC1
PRKD1,DNM1L
PRKD1,TLR5
PRKD1,REM1
PRKD1,SPHK2
PRKD1,MAP3K5
PRKD1,PAK4
PRKD1,PIK3R1
PRKD1,AKT1
PRKD1,PPP1R14A
PRKD1,KAT7
PRKD1,MYBPC3
PRKD1,PIP5K1C
PRKD1,PI4KB
PRKD1,PTRH2
PRKD1,RTKN
PRKD1,CTTN
PRKD1,TFAP2A
PRKD1,PRKD1
PRKD1,RIN1
PRKD1,ITGB4
PRKD1,AP2B1
PRKD1,BAD
PRKD1,MFF
PRKD1,MAP4K1
PRKD1,TLR4
PRKD1,HSPB1
PRKD1,TCAP
PRKD1,SSH1
PRKD1,HDAC5
PRKD1,CREB1
PRKD1,MARK2
PRKD1,RABEP1
PRKD1,CACNA1C
PRKD1,JUN
PRKD1,PIP4K2A
PRKD1,KCNH2
PRKD1,ARFIP1
PRKD1,FAM83G
PRKD1,MBP
PRKD1,CFL1
PRKD1,SNAI1
PRKD1,OSBP
PRKD1,VASP
PRKD1,HSPB6
MAP3K7,TUBA1B
MAP3K7,PTPN3
MAP3K7,EIF4B
MAP3K7,HNRNPA2B1
MAP3K7,FLNA
MAP3K7,RBMX
MAP3K7,MAP3K7
MAP3K7,TAB1
MAP3K7,PKP2
MAP3K7,HIPK2
MAP3K7,HSP90B1
MAP3K7,RAB1A
MAP3K7,RAB8A
MAP3K7,CDC25C
MAP3K7,POLD2
MAP3K7,HDAC7
MAP3K7,HDAC4
MAP3K7,TUBB
MAP3K7,KSR1
MAP3K7,TNFAIP8L2
MAP3K7,GAPVD1
MAP3K7,PRKAA2
MAP3K7,E2F1
MAP3K7,IKBKB
MAP3K7,ATAT1
MAP3K7,HDAC5
MAP3K7,EEF1A1
MAP3K7,LDHA
KIT,KIT
KIT,SLA
KIT,PHB
KIT,LAT2
EIF2AK2,EIF2AK2
EIF2AK2,CDK1
EIF2AK2,MAPT
EIF2AK2,KDM4C
EIF2AK2,TP53
EIF2AK2,EIF2S1
EIF2AK2,PPP2R5A
EPHA2,EPHA2
EPHA2,CLDN4
EPHA2,YES1
MET,MET
STK11,PTEN
STK11,SMAD4
STK11,NUAK2
STK11,SIRT1
STK11,CRTC1
STK11,NUAK1
STK11,MELK
STK11,MARK4
STK11,BRSK2
STK11,TP53
STK11,YAP1
STK11,SIK2
STK11,MARK2
STK11,STK11
STK11,PRMT5
STK11,MARK3
STK11,STRADA
STK11,BRSK1
STK11,SIK1
STK11,CDKN1A
STK11,SIK3
STK11,MARK1
STK11,PRKAA2
STK11,SNRK
SIK2,IRS1
CAMK2D,TPD52
MARK1,TNK1
MARK1,DIXDC1
MARK1,FEZ1
GRK7,OCLN
PHKA1,PYGB
ULK3,ULK3
ULK3,PIK3C3
SGK2,PTOV1
SGK2,LCP1
SGK2,MDM2
PKN2,NOS3
PKN2,MEFV
PYV0094,LCK
AKT1,NF2
AKT1,PRPF19
AKT1,RPS3
MARK2,KIF13B
MARK2,ARHGEF2
MARK2,RAB11FIP2
MARK2,DLG4
MARK2,PINK1
MARK2,UTRN
MARK2,RAB11FIP1
MARK2,HDAC7
MARK2,HDAC4
MARK2,PARD3
MARK2,MARK2
MARK2,FEZ1
MARK2,RNF41
MARK2,BAIAP2
MARK2,HDAC5
MARK2,EIF2S1
CAMK4,NUMB
CLK2,PAGE4
CLK2,PTPN1
BAZ1B,H2AX
SGK1,NEDD4L
SGK1,TBC1D4
SGK1,NDRG2
SGK1,NCSTN
SGK1,CDKN1B
SGK1,KMT2D
SGK1,MKNK1
SGK1,GSK3B
SGK1,FOXO3
SGK1,MAPK1
SGK1,TSC2
SGK1,MAP2K4
SGK1,WNK4
SGK1,NDRG1
SGK1,HTT
SGK1,FBXW7
SGK1,NFKBIA
SGK1,APBB1
SGK1,CREB1
SGK1,MDM2
SGK1,MAPT
SGK1,SGK1
SGK1,CARHSP1
SGK1,WNK1
SGK1,SLC2A4
SGK1,PIKFYVE
SGK1,RICTOR
SGK1,IKBKB
JAK1,SIRT1
JAK1,EIF2AK3
JAK1,STAT5A
JAK1,SNX8
JAK1,MAP3K5
JAK1,H3C1
JAK1,CD274
JAK1,STAT1
TAF1,GTF2A1
TAF1,TAF7
TAF1,TP53
MASTL,ENSA
MASTL,ARPP19
ABL1,YAP1
ABL1,DCBLD2
ABL1,DCBLD1
ABL1,TBX21
ABL1,CAT
ABL1,MYLK
ABL1,ABL1
ABL1,TP73
ABL1,SORBS2
ABL1,CDC73
ABL1,MET
ABL1,HRAS
ABL1,MYC
ABL1,MDM4
ABL1,PIK3AP1
ABL1,PDGFRB
ABL1,KAT5
ABL1,CRK
ABL1,CASP9
ABL1,ANXA1
ABL1,PXN
ABL1,ROBO1
ABL1,CRKL
ABL1,VAV1
ABL1,TP63
ABL1,RB1
ABL1,NOX5
ABL1,FHL2
ABL1,MDM2
ABL1,ESR1
ABL1,RAPGEF1
ABL1,PLK1
ABL1,ZAP70
ABL1,JUNB
ABL1,EGFR
ABL1,ABI1
ABL1,MAVS
ABL1,WASF3
ABL1,PYCARD
ABL1,CD19
ABL1,CTNNB1
ABL1,FOXA1
ABL1,SNCA
ABL1,GPX1
ABL1,NOS3
ABL1,HIPK2
ABL1,TRIM33
ABL1,PSMA7
ABL1,PPARG
ABL1,ATR
ABL1,AHSA1
ABL1,DNM1L
ABL1,LGALS3
ABL1,ESR2
ABL1,RAD51
ABL1,STX17
ABL1,GMNN
ABL1,NFKBIA
ABL1,MUC1
ABL1,ERRFI1
ABL1,CAV1
ABL1,BCR
ABL1,PLCG1
ABL1,BTK
ABL1,RACK1
ABL1,ABL2
ABL1,STK3
ABL1,SRCIN1
ABL1,SNW1
ABL1,CEBPB
ABL1,OTULIN
ABL1,JUN
ABL1,IRF3
ABL1,CTTN
ABL1,NCOA3
ABL1,RBM39
ABL1,EMD
ABL1,NCK1
ABL1,RAD52
ABL1,DDX5
ABL1,ARHGDIB
ABL1,GMFG
ABL1,NUMA1
ABL1,ZNF746
ABL1,PLEKHG2
ABL1,DDB1
ABL1,ERCC6
ABL1,PRKN
ABL1,RAD9A
ABL1,SPTLC1
ABL1,CHCHD2
ABL1,STK4
ABL1,NFAT5
ABL1,HDAC2
ABL1,PDHA1
ABL1,PDK1
ABL1,LASP1
ABL1,PRKD1
ABL1,YY1
ABL1,WAS
ABL1,CKMT1B
ABL1,TOP1
MTOR,EIF4EBP1
CDC7,NCL
CDC7,CLSPN
CDC7,DTD1
CDC7,TOP2A
CDC7,DBF4
CDC7,CDC7
CDC7,MCM2
CDC7,NPM1
CDC7,MFAP1
CDC7,AURKB
CDC7,PSIP1
CDC7,RAD18
MAPK8,EWSR1
GSK3B,SRC
GSK3B,SREBF1
GSK3B,MAPT
GSK3B,OGT
GSK3B,GRB14
GSK3B,PSEN1
GSK3B,AHR
GSK3B,CLASP2
GSK3B,BORA
GSK3B,RXRA
GSK3B,MACF1
GSK3B,JUN
GSK3B,SUFU
GSK3B,APBB1
GSK3B,IRF3
GSK3B,TNKS
GSK3B,ERG
GSK3B,PIAS1
GSK3B,MUC1
GSK3B,CD274
GSK3B,MAFA
GSK3B,GFI1
GSK3B,HSPA1B
GSK3B,NBR1
GSK3B,NEFH
GSK3B,DNM1L
GSK3B,STK38
GSK3B,GATA6
GSK3B,CDC25A
GSK3B,DROSHA
GSK3B,BAX
GSK3B,SFPQ
GSK3B,EIF6
GSK3B,ESR1
GSK3B,AKAP11
GSK3B,HDAC4
GSK3B,KAT5
GSK3B,USF1
GSK3B,PTTG1
GSK3B,PTEN
GSK3B,STAT2
GSK3B,SPAG5
GSK3B,ZNF281
GSK3B,CDKN1A
GSK3B,FOXP3
GSK3B,RFX1
GSK3B,HSP90AB1
GSK3B,MCL1
GSK3B,CCNE1
GSK3B,RASSF1
GSK3B,DES
GSK3B,CTNNB1
GSK3B,VDAC1
GSK3B,PRKAA1
GSK3B,PHLPP1
GSK3B,GLE1
GSK3B,SNAI2
GSK3B,TP53
GSK3B,MYBPC3
GSK3B,E2F1
GSK3B,BCLAF1
GSK3B,MITF
GSK3B,RPTOR
GSK3B,SOX9
GSK3B,PGR
GSK3B,CABYR
GSK3B,ENDOG
GSK3B,CAP1
GSK3B,GCM1
GSK3B,CEBPD
GSK3B,LRP6
GSK3B,KLC2
GSK3B,RICTOR
GSK3B,MAPRE1
GSK3B,SNAI1
GSK3B,IKBKG
GSK3B,MYC
GSK3B,CDX2
GSK3B,CTPS1
GSK3B,DPYSL3
GSK3B,PRKCE
GSK3B,HRAS
GSK3B,FCAR
GSK3B,NIFK
GSK3B,CREB1
GSK3B,STAT3
GSK3B,RBM38
GSK3B,RELB
GSK3B,RELA
GSK3B,DPYSL2
GSK3B,CEBPB
GSK3B,SRF
GSK3B,CCND1
GSK3B,BCL2L1
GSK3B,NFE2L2
GSK3B,MYCL
GSK3B,OSBP2
GSK3B,H1-5
GSK3B,GYS1
GSK3B,UNG
GSK3B,PICK1
GSK3B,APC
GSK3B,ARNTL
GSK3B,STMN3
GSK3B,CLOCK
GSK3B,CCND3
GSK3B,RCAN1
GSK3B,ADD2
GSK3B,WT1
GSK3B,NR1D1
GSK3B,SMAD4
GSK3B,SNCA
GSK3B,MYCN
GSK3B,XIAP
GSK3B,SP1
GSK3B,BLM
GSK3B,FRAT1
GSK3B,TOP2A
GSK3B,EIF4EBP1
GSK3B,FBXL21
GSK3B,BCAM
GSK3B,NFKB2
GSK3B,FOXL2
GSK3B,TCAP
GSK3B,JUNB
GSK3B,SPI1
GSK3B,DSP
GSK3B,CIITA
GSK3B,HNRNPD
GSK3B,EGLN2
GSK3B,FANCL
GSK3B,PKM
GSK3B,KDM1A
GSK3B,FBXL2
GSK3B,DCX
GSK3B,SMAD1
GSK3B,USF2
GSK3B,DPYSL5
GSK3B,IL17RA
GSK3B,HSP90AA1
GSK3B,ETS1
GSK3B,RAB11FIP5
GSK3B,MYLK
GSK3B,FBXO4
GSK3B,MAP3K11
GSK3B,NR3C1
GSK3B,HSF1
GSK3B,TRAF6
GSK3B,BCL2L12
GSK3B,ZNF322
GSK3B,WEE1
GSK3B,ATXN3
GSK3B,EZH2
GSK3B,SNCAIP
GSK3B,IRF1
GSK3B,CCND2
GSK3B,FOXM1
GSK3B,PPP1R2
GSK3B,NFE2L1
GSK3B,MARK2
GSK3B,KLF5
GSK3B,SLC6A4
GSK3B,AREL1
GSK3B,SIGIRR
GSK3B,PPIF
GSK3B,NACA
MAPKAPK3,TAB3
MAPKAPK3,BECN1
MAPKAPK3,HSPB1
BMX,PTK2
BMX,FGFR1
BMX,TNK2
BMX,BAK1
BMX,PAK1
BMX,RUFY1
BMX,BCAR1
BMX,MET
PLK2,YWHAE
PLK2,CALU
PLK2,CENPJ
PLK2,FBXW7
PLK2,SNCB
PLK2,PLK1
PLK2,SNCA
PLK2,TP73
PLK2,NPM1
ARAF,MAP2K1
ARAF,BAD
ARAF,SLC9A3R2
MAPK1,NR4A2
MAPK1,HIF1A
MAPK1,CCDC88A
MAPK1,RPS6KB1
MAPK1,ELK1
MAPK1,TP53
MAPK1,RRAS
MAPK1,KRT8
MAPK1,CALD1
CDK1,SYN3
CDK1,UBA1
RPS6KB1,RPS6
DYRK1B,NKX3-1
PHKG1,MAPT
DYRK1B,ID2
DYRK1B,DYRK1B
DYRK1B,CDKN1A
DYRK1B,HNF1A
DYRK1B,H3-3A
DYRK1B,EHMT2
DYRK1B,CCND1
DYRK1B,LIN52
DYRK1B,SF3B1
MKNK2,SFPQ
MKNK2,SPRY2
MKNK2,EIF4E
MKNK2,PLEC
PIM3,STAT5B
PIM3,MYC
PIM3,BAD
PIM3,IRS1
PIM3,PSMD2
LCK,PRDX1
LCK,CD5
LCK,PLCG2
LCK,IL2RB
LCK,CD247
LCK,CHN2
LCK,ZAP70
LCK,PTPN6
LCK,SHC1
LCK,VAV1
LCK,SH2D2A
LCK,BTLA
LCK,STAT2
LCK,STAT5A
LCK,SLAMF1
LCK,ADAM15
LCK,ITGB2
LCK,DGKA
LCK,PTEN
LCK,SOCS3
LCK,PPP2CA
LCK,SIGLEC10
LCK,THEMIS
LCK,CBL
LCK,LAX1
LCK,ITK
LCK,TBK1
LCK,LCK
LCK,SLC25A4
LCK,LCP2
LCK,MED28
LCK,SSBP3
LCK,CD33
LCK,CCDC50
LCK,PECAM1
LCK,MAPK14
LCK,PRKCQ
LCK,ACP1
LCK,ESR1
LCK,TIGIT
LCK,NFKBIA
LCK,G3BP1
LCK,EZR
LCK,WAS
LCK,DAPP1
LCK,FOXP3
EPHA1,GJB1
MST1R,MET
MST1R,GJB1
PRKAA2,CD274
RET,STAT3
RET,RET
UHMK1,PIMREG
UHMK1,NCOA3
UHMK1,SF1
UHMK1,CDKN1B
IKBKE,PELI1
IKBKE,NFATC1
IKBKE,IRF3
IKBKE,IRF1
IKBKE,IRF7
IKBKE,AKT1
IKBKE,CDK2AP1
IKBKE,YAP1
IKBKE,DDX3X
IKBKE,PBXIP1
IKBKE,RELA
IKBKE,IKBKE
IKBKE,NFKBIA
IKBKE,FOXO3
IKBKE,GSK3A
IKBKE,ASB8
IKBKE,HTT
IKBKE,TRAF2
IKBKE,DDX58
IKBKE,FERMT2
IKBKE,ESR1
IKBKE,XIAP
IKBKE,STAT2
IKBKE,FAF1
BTK,BTK
MAPK12,MYOD1
MAPK12,ATF2
MAPK12,NUP62
MAPK12,DLG1
MAPK12,MAPT
MAPK12,PTPN3
MAPK12,HTRA2
MAPK12,HSP90AA1
MAPK12,TP53
MAPK12,MAPK12
MAPK12,SREBF1
MAPK12,CCND3
MAPK12,HSF1
MAPK12,CTNNB1
MAPK12,KAT5
EIF2AK3,EIF2S1
MAP2K4,MAPK8
MAP2K4,MAPK9
MAP2K4,RXRA
MAP2K4,MAPK10
MAP2K4,MAP2K4
MAP2K4,MAPK14
DCAF1,H2AC17
CLK4,ABL1
PDPK1,SGK2
PDPK1,PDPK1
PDPK1,EPAS1
PDPK1,PRKCZ
PDPK1,RPS6KB1
PDPK1,AKT1
PDPK1,PIP5K1C
PDPK1,RPS6KA1
PDPK1,MAP2K1
PDPK1,AKT3
PDPK1,SGK1
PDPK1,PGK1
PDPK1,PKN1
PDPK1,AKT2
PDPK1,ITGB3
PDPK1,PRKACA
PDPK1,SGK3
PDPK1,MAP2K2
PDPK1,PAK1
PDPK1,PRKCD
PDPK1,MAP3K5
PDPK1,PKN2
PDPK1,PRKCE
MAP3K5,SIAH1
MAP3K5,MAP3K5
MAP3K5,STRAP
MAP3K5,MAPK8
MAP3K5,ZNF622
MAP3K5,MAPRE1
MAP3K5,PDPK1
MAP3K5,CDKN1A
MAP3K5,DAXX
MAP3K5,MAP2K3
MAP3K5,MAP2K6
MAP3K5,MAPK14
MAP3K5,MAP2K4
CDK4,SMAD3
MAP3K13,TRIM25
UL97,RB1
UL97,RBL2
UL97,SAMHD1
CAMK1G,EIF4G3
KDR,PFN1
KDR,KDR
GRK5,MSN
GRK5,GRK5
GRK5,ST13
GRK5,FZD6
GRK5,SNCA
GRK5,HDAC6
GRK5,TP53
CSNK2A2,CTNNB1
CSNK2A2,SMC3
CSNK2A2,CSNK2B
CSNK2A2,CCNH
CSNK2A2,XRCC1
CSNK2A2,CDC37
CSNK2A2,TP73
CSNK2A2,TYMS
CSNK2A2,NKX3-1
CSNK2A2,SRPK1
CSNK2A2,HSF1
ACVRL1,ENG
LRRK2,MAPT
LRRK2,LRRK2
LRRK2,RAB10
LRRK2,RDX
LRRK2,DNAJC6
LRRK2,EZR
LRRK2,RAB5B
LRRK2,MAP3K5
LRRK2,AKT1
LRRK2,NSF
LRRK2,DNM1L
LRRK2,APP
LRRK2,AP2M1
LRRK2,SQSTM1
LRRK2,RPS11
LRRK2,RAB8A
LRRK2,TP53
LRRK2,LARS1
LRRK2,FZD3
LRRK2,RPS15
LRRK2,MSN
LRRK2,SNAPIN
SIK1,NCOR2
MAPK14,AIMP2
MAPK14,SLC9A1
MAPK14,ATF2
MAPK14,STAT1
MAPK14,DDIT3
MAPK14,NCF1
MAPK14,SLC6A2
MAPK14,JDP2
MAPK14,ADAM17
MAPK14,ELK4
MAPK14,TP63
MAPK14,NOXA1
MAPK14,SHC1
MAPK14,ETV6
MAPK14,ELK1
MAPK14,RBM17
MAPK14,FPR1
MAPK14,PPARGC1A
MAPK14,MYLK
MAPK14,KCNQ2
MAPK14,FOXC1
MAPK14,PDX1
MAPK14,EIF2AK2
MAPK14,MAP4
MAPK14,CASP8
MAPK14,CDT1
MAPK14,DDX5
MAPK14,USP21
MAPK14,MKNK1
MAPK14,TP53
MAPK14,KCNB1
MAPK14,BAZ1B
MAPK14,MEF2A
MAPK14,ELAVL1
MAPK14,SLC6A4
MAPK14,TAB1
MAPK14,MAPKAPK2
MAPK14,POU3F2
MAPK14,S100A9
MAPK14,MAFA
MAPK14,NFATC4
MAPK14,PTPN7
MAPK14,FOXO3
MAPK14,EPS15
MAPK14,NCOA3
MAPK14,HBP1
MAPK14,RB1
MAPK14,RPS27
MAPK14,KARS1
MAPK14,HTRA2
MAPK14,KRT8
MAPK14,ISL1
MAPK14,FGFR1
MAPK14,GSK3B
MAPK14,FH
MAPK14,EGFR
MAPK14,CDX2
MAPK14,CBX4
MAPK14,USF1
MAPK14,MEF2C
MAPK14,AR
MAPK14,STAT3
MAPK14,BUB3
MAPK14,CDKN2D
MAPK14,SOX9
MAPK14,GRHL3
MAPK14,DROSHA
MAPK14,RBPJ
MAPK14,BCL2L1
MAPK14,GATA2
MAPK14,SREBF1
MAPK14,CRYAB
MAPK14,CDKN1A
MAPK14,LAMP2
MAPK14,TRIM9
MAPK14,SMAD9
MAPK14,SNAI1
MAPK14,KHSRP
MAPK14,ZNHIT1
MAPK14,NR3C1
MAPK14,SKP2
MAPK14,BCL2
MAPK14,ATF6
MAPK14,PXN
MAPK14,FOXC2
MAPK14,PIP4K2B
MAPK14,HSPB1
MAPK14,ESR1
MAPK14,SNX27
MAPK14,MRTFA
MAPK14,AGO2
MAPK14,LIMK1
MAPK14,TWIST1
MAPK14,RPS6KA5
MAPK14,MAOA
MAPK14,ZAP70
MAPK14,HSF1
MAPK14,PAK6
MAPK14,CASP3
MAPK14,CORO1B
MAPK14,MAPKAPK5
MAPK14,GJA1
MAPK14,KAT5
MAPK14,HNF4A
MAPK14,MDM4
MAPK14,NFATC1
MAPK14,EEA1
MAPK14,F3
MAPK14,RPS6KA4
MAPK14,IFNAR1
MAPK14,CCND2
MAPK14,RBSN
MAPK14,PRKCE
MAPK14,EZH2
MAPK14,EWSR1
MAPK14,BACE1
MAPK14,EIF2S1
MAPK14,TXNIP
AAK1,AP2M1
AAK1,NUMB
FES,FES
FES,BCR
FES,NSF
WNK4,CLDN7
WNK4,SLC12A3
WNK4,WNK4
SRC,TRPC3
CHUK,NCOA3
CHUK,MAP3K14
CHUK,NFKB1
CHUK,MTOR
CHUK,FOXA2
CHUK,ATG16L1
CHUK,COPS5
CHUK,CTNNB1
CHUK,MTURN
CHUK,H3C1
CHUK,CREBBP
CHUK,RELA
CHUK,ELAVL1
CHUK,CCND1
CHUK,BCL3
CHUK,NFKB2
CHUK,TAX1BP1
CHUK,MYC
CHUK,NFKBIA
CHUK,FOXO3
CHUK,REL
CHUK,ESR1
CHUK,TRAF4
CHUK,RELB
CHUK,AMBRA1
CHUK,NCOR2
CHUK,BBC3
CDK2,SNAPIN
CDK2,RBL2
CDK2,MAPT
CDK2,CCP110
CDK2,MED1
CDK2,NCL
CDK2,BTG1
CDK2,EEF2
CDK2,RRN3
CDK2,MCM3
CDK2,ANKRD17
CDK2,CHEK1
CDK2,MRTFA
CDK2,H1-4
CDK2,ELF4
CDK2,DNM2
CDK2,NCOA1
CDK2,GATA3
CDK2,POLL
CDK2,ELK4
CDK2,FOXO1
CDK2,PPP1CA
CDK2,PTHLH
CDK2,CDC6
CDK2,NRF1
CDK2,PRKAR1A
CDK2,RAD54L
CDK2,CDC25A
CDK2,TTK
CDK2,TBCE
CDK2,PARP10
CDK2,TP73
CDK2,CDT1
CDK2,FAM168B
CDK2,TK1
CDK2,MTA1
CDK2,ESR1
CDK2,AKIRIN2
CDK2,CC2D1A
CDK2,FAM122A
CDK2,FOXK2
CDK2,KDM2A
CDK2,NPAT
CDK2,RUNX1
CDK2,CENPA
CDK2,SOX2
CDK2,SNAI2
CDK2,IREB2
CDK2,BCLAF1
CDK2,CDK16
CDK2,THRAP3
CDK2,C1ORF198
CDK2,RPA2
CDK2,MCM2
CDK2,CDKN2D
CDK2,SMAD2
CDK2,POLM
CDK2,MCM4
CDK2,PGR
CDK2,EGLN2
CDK2,SPAG9
CDK2,TCF3
CDK2,RNF4
CDK2,ARID4A
CDK2,NOB1
CDK2,CCDC6
CDK2,LIG1
CDK2,DLG1
CDK2,MCL1
CDK2,SNRNP70
CDK2,ATRIP
CDK2,CDK7
CDK2,PPP1R12C
CDK2,SUV39H1
CDK2,CRMP1
CDK2,LRCH3
CDK2,TFCP2
CDK2,ID3
CDK2,RB1
CDK2,SUPT5H
CDK2,SCML2
CDK2,AR
CDK2,PRPF3
CDK2,CDK9
CDK2,RBL1
CDK2,C17ORF49
CDK2,TOPBP1
CDK2,HNRNPK
CDK2,GRK2
CDK2,RPS27
CDK2,FZR1
CDK2,NUMA1
CDK2,UNG
CDK2,HNRNPD
CDK2,RRM2
CDK2,STMN1
CDK2,XRCC6
CDK2,H1-1
CDK2,NUP98
CDK2,KCNAB2
CDK2,RPL11
CDK2,CTTN
CDK2,AKT1
CDK2,EIF4A3
CDK2,POLH
CDK2,NPM1
CDK2,CDX2
CDK2,ETAA1
CDK2,UBE2O
CDK2,SRSF9
CDK2,CALD1
CDK2,LIG3
CDK2,ZBTB16
CDK2,ORC2
CDK2,SUPT6H
CDK2,FOXC1
CDK2,MTHFD1L
CDK2,SETDB1
CDK2,MYBL2
CDK2,LARP1
CDK2,MACF1
CDK2,LMNB2
CDK2,BARD1
CDK2,MECOM
CDK2,NR1I2
CDK2,PAICS
CDK2,SF3B1
CDK2,NDE1
CDK2,NUP133
CDK2,RAD18
CDK2,MCM7
CDK2,DNMT1
CDK2,BRCA1
CDK2,ITGB3BP
CDK2,CCNO
CDK2,CTTNBP2NL
CDK2,HMGA1
CDK2,NUCKS1
CDK2,TP63
CDK2,MDC1
CDK2,PHF8
CDK2,SKP2
CDK2,MASTL
CDK2,CDKN1B
CDK2,SIRT2
CDK2,GIGYF2
CDK2,RAD9A
CDK2,PELP1
CDK2,AARS2
CDK2,RRM1
CDK2,ZMYM3
CDK2,ATF2
CDK2,RALY
CDK2,CDKN1A
CDK2,ING5
CDK2,BIN1
CDK2,PTPN12
CDK2,TERF2
CDK2,RECQL4
CDK2,DIAPH3
CDK2,IMPDH2
CDK2,AFDN
CDK2,NCAPH
CDK2,SMAD3
CDK2,CRTC2
CDK2,HNRNPH1
CDK2,RBBP8
CDK2,TERF2IP
CDK2,HIRA
CDK2,DTL
CDK2,CDC25C
CDK2,RPL12
CDK2,UBE2A
CDK2,FOXM1
CDK2,SORBS3
CDK2,WRN
CDK2,TICRR
CDK2,DDX3X
CDK2,QTRT1
CDK2,TSPYL2
CDK2,CROCC
CDK2,EIF4G1
CDK2,TUBG2
CDK2,USP37
CDK2,ANKLE2
CDK2,NELFA
CDK2,ZHX1
CDK2,MRPS18B
CDK2,BRCA2
CDK2,ORC1
CDK2,BLM
CDK2,DNM1L
CDK2,DPF2
CDK2,ADD3
CDK2,INCA1
CDK2,CDC7
CDK2,CDK2
CDK2,ELAVL1
CDK2,CCNE1
CDK2,TNKS1BP1
CDK2,HMGN5
CDK2,GORASP2
CDK2,APC
CDK2,KLF10
CDK2,TUBG1
CDK2,TPX2
CDK2,KMT2D
CDK2,PML
CDK2,PRRC2A
CDK2,CCNA2
CDK2,RPS27L
CDK2,KAT7
CDK2,ILF3
CDK2,ZNF609
CDK2,PTPN2
CDK2,TOB2
CDK2,SAMHD1
CDK2,ARID1A
CDK2,EZH2
CDK2,UHRF1
CDK2,JPT2
CDK2,NBN
CDK2,INO80E
CDK2,BAZ2A
CDK2,MKI67
CDK2,TSR1
CDK2,ERAL1
CDK2,PA2G4
CDK2,ZC3H11A
CDK2,HNRNPH2
CDK2,SLAIN2
CDK2,TP53
CDK2,ILRUN
CDK2,TANC1
CDK2,ALDH5A1
CDK2,TOR1AIP1
CDK2,CEP76
NLK,NCOA3
NLK,LEF1
NLK,SMAD4
NLK,TCF7L2
NLK,ESR1
NLK,SMAD2
NLK,YAP1
NLK,FOXO1
NLK,SMAD3
NLK,RPTOR
TGM2,H3C1
ALPK1,TIFA
ENPP3,ENPP3
EEF2K,EEF2
EEF2K,EEF2K
EEF2K,PKM
LIMK1,CFL1
PRKG1,GATA4
PRKG1,PRKAR1A
PRKG1,SRF
PRKG1,VASP
PRKG1,TBXA2R
PRKG1,CBS
PRKG1,TRPC6
PRKG1,HRH1
PRKG1,RGS18
PRKG1,ENSA
PRKG1,FHOD1
PRKG1,GTF2I
PRKG1,ORAI1
PRKG1,PPP1R14A
PRKG1,TRPC3
PRKG1,RAP1GAP2
PRKG1,STMN1
PRKG1,RGS2
PRKG1,TTN
PRKG1,TRPC1
PRKG1,CCDC80
PRKG1,ARPP19
PRKG1,PDE5A
PRKG1,RAP1B
PRKG1,RHOA
PRKG1,LIPE
PRKG1,SLC6A4
PRKG1,PTS
PRKG1,ARHGEF6
MAPK1,HELLS
MAPK1,BRAF
MAPK1,MAPT
MAPK1,WTAP
MAPK1,SLC9A1
MAPK1,NUP153
MAPK1,IRS1
MAPK1,APBB1
MAPK1,PXN
MAPK1,RPS6KA1
MAPK1,FGFR2
MAPK1,TH
MAPK1,SPHK1
MAPK1,ATF2
MAPK1,PDE4B
MAPK1,GORASP2
MAPK1,PARVA
MAPK1,ADAM17
MAPK1,SMAD1
MAPK1,REST
MAPK1,STIM1
MAPK1,TOB1
MAPK1,TSC2
MAPK1,BCL2
MAPK1,DUSP16
MAPK1,MITF
MAPK1,PARP1
MAPK1,MTMR2
MAPK1,KLF8
MAPK1,CRTC3
MAPK1,STMN3
MAPK1,EP300
MAPK1,RBM17
MAPK1,LYL1
MAPK1,SP1
MAPK1,DUSP5
MAPK1,CASP9
MAPK1,DUSP6
MAPK1,WASF2
MAPK1,NCOA1
MAPK1,ESR1
MAPK1,NCAM1
MAPK1,CENPE
MAPK1,CTNND1
MAPK1,CREBBP
MAPK1,ARRB2
MAPK1,RUNX1
MAPK1,POU5F1
MAPK1,RGS19
MAPK1,MAFA
MAPK1,NR3C2
MAPK1,ABI1
MAPK1,NUP214
MAPK1,SMAD2
MAPK1,TOP2A
MAPK1,FOS
MAPK1,NCF2
MAPK1,PDX1
MAPK1,DUSP1
MAPK1,EIF2AK2
MAPK1,TAGLN2
MAPK1,PML
MAPK1,PITPNM1
MAPK1,GLE1
MAPK1,FHOD1
MAPK1,RPTOR
MAPK1,ARRB1
MAPK1,SLC6A4
MAPK1,CIITA
MAPK1,MAPKAPK2
MAPK1,PPARG
MAPK1,BCL2L11
MAPK1,MCTS1
MAPK1,PCBP2
MAPK1,PDE4D
MAPK1,PTPN7
MAPK1,BANP
MAPK1,L1CAM
MAPK1,CCNB1
MAPK1,NANOG
MAPK1,MED14
MAPK1,HNRNPK
MAPK1,TPPP
MAPK1,NEFL
MAPK1,FOXO3
MAPK1,CRTC2
MAPK1,MAP2K1
MAPK1,ASB2
MAPK1,FOSL2
MAPK1,CSNK2A1
MAPK1,NUP50
MAPK1,PDE4C
MAPK1,NDEL1
MAPK1,MYLK
MAPK1,CIC
MAPK1,SP3
MAPK1,WWC1
MAPK1,FGFR1
MAPK1,GSK3B
MAPK1,LCK
MAPK1,LIFR
MAPK1,CTTN
MAPK1,RRAS2
MAPK1,SHARPIN
MAPK1,TFAM
MAPK1,MYC
MAPK1,ADD1
MAPK1,MCRIP1
MAPK1,GTF2I
MAPK1,DHPS
MAPK1,SPHK2
MAPK1,TCF3
MAPK1,DNMT3A
MAPK1,TTK
MAPK1,STAT3
MAPK1,GRB10
MAPK1,PLA2G4A
MAPK1,TRAP1
MAPK1,DMTN
MAPK1,NCOA6
MAPK1,THRB
MAPK1,CITED2
MAPK1,ETS1
MAPK1,BCL6
MAPK1,SOS1
MAPK1,CDKN1A
MAPK1,MAPK7
MAPK1,YTHDF2
MAPK1,SMAD3
MAPK1,SHC4
MAPK1,SREBF2
MAPK1,NCOA2
MAPK1,SREBF1
MAPK1,GAB1
MAPK1,MYCN
MAPK1,CDKN1B
MAPK1,NFATC4
MAPK1,MBP
MAPK1,KDM4B
MAPK1,ERBB2
MAPK1,EIF4EBP1
MAPK1,CEBPA
MAPK1,NOX5
MAPK1,ERF
MAPK1,SNAI1
MAPK1,PKM
MAPK1,METTL3
MAPK1,EPAS1
MAPK1,BAD
MAPK1,RXRA
MAPK1,SNAI2
MAPK1,EIF4G1
MAPK1,PLCB1
MAPK1,TERF2
MAPK1,CAPN2
MAPK1,PRDX6
MAPK1,MRTFA
MAPK1,DAZAP1
MAPK1,RPS6KA3
MAPK1,ADD2
MAPK1,ALOX5
MAPK1,NCF1
MAPK1,TGS1
MAPK1,MKNK1
MAPK1,CDCA5
MAPK1,TP53BP2
MAPK1,RPS3
MAPK1,AKAP4
MAPK1,TWIST1
MAPK1,ESPL1
MAPK1,MED1
MAPK1,ARHGEF2
MAPK1,RPS6KA5
MAPK1,DLG2
MAPK1,JUN
MAPK1,TXNIP
MAPK1,HSF4
MAPK1,DYRK1B
MAPK1,CEP55
MAPK1,CASP8
MAPK1,PTPRCAP
MAPK1,MAPK1
MAPK1,RORA
MAPK1,STAT5A
MAPK1,DNM1L
MAPK1,HECTD3
MAPK1,EGFR
MAPK1,MAPKAPK5
MAPK1,MARCKS
MAPK1,CDK2
MAPK1,PTPN12
MAPK1,SHOC2
MAPK1,GLRA1
MAPK1,MCL1
MAPK1,RAMAC
MAPK1,BMF
MAPK1,IL2RB
MAPK1,PGK1
MAPK1,ERG
MAPK1,NR4A1
MAPK1,CAD
MAPK1,HSF1
MAPK1,FBXW7
MAPK1,TAB1
MAPK1,HDAC6
MAPK1,NOXA1
MAPK1,GATA6
MAPK1,COPS6
MAPK1,GAB2
MAPK1,SH2B1
MAPK1,DAPK1
MAPK1,EWSR1
MAPK1,LIN28A
MAPK1,PGR
MAPK1,IER3
MAPK1,CEBPB
MAPK1,EIF2S1
MAPK1,SORBS3
MAPK1,AR
MAPK1,NR5A1
MAPK1,EXOC7
CDK14,LRP6
CDK14,CCNY
CDK14,PPP1R2
CDK14,TAGLN2
GSK3A,PPARA
GSK3A,GRB14
GSK3A,LRP6
GSK3A,IRF3
GSK3A,MAFA
GSK3A,NBR1
GSK3A,GSK3A
GSK3A,STAT2
GSK3A,DES
GSK3A,CTNNB1
GSK3A,NDRG1
GSK3A,MITF
GSK3A,RICTOR
GSK3A,MYC
GSK3A,NIFK
GSK3A,STAT3
GSK3A,CD274
GSK3A,BCL2L1
GSK3A,OSBP2
GSK3A,UNG
GSK3A,GPSM3
GSK3A,STMN3
GSK3A,DPYSL2
GSK3A,PRKAA1
GSK3A,BCL3
GSK3A,IL17RA
GSK3A,NCOA3
GSK3A,CCNE1
GSK3A,PKD2
GSK3A,ANKRD28
GSK3A,CDKN1A
GSK3A,AKT1
CDK18,RB1
PDK2,PDHA1
PDK2,PDHA2
PRKACA,SEPT12
TSSK4,CREB1
LIMK2,DSTN
LIMK2,CFL1
EPHB1,GJB1
MTOR,AKT1
MTOR,AKT1S1
MTOR,STAT3
MTOR,RPS6KB1
MTOR,TRIM28
MET,MST1R
MET,IRS1
MET,PTK2
MET,RHOA
MET,IQGAP1
MET,PARP1
MET,SHC1
MET,PBK
MET,INSR
MET,GSK3B
PRKACA,CETN1
PRKACA,PPP1R17
PRKACA,C2ORF88
PRKACA,ADD2
PRKACA,HNRNPA1
PRKACA,CGB3
PRKACA,MARCKS
PRKACA,GP1BB
PRKACA,ATF2
PRKACA,PSEN1
PRKACA,POU2F1
PRKACA,GSTP1
PRKACA,COL4A3
MAPK3,GRB10
DYRK1A,MAPT
DYRK1A,TRAF3
DYRK1A,MEF2D
DYRK1A,CCNL2
DYRK1A,CCND1
DYRK1A,AMPH
DYRK1A,FOXO1
DYRK1A,CDKL5
DYRK1A,SNCA
DYRK1A,DNM1
DYRK1A,RCAN1
DYRK1A,POLR2A
DYRK1A,GLI1
DYRK1A,DYRK1A
DYRK1A,NFATC1
DYRK1A,SF3B1
DYRK1A,LIN52
DYRK1A,SPRY2
DYRK1A,TP53
HIPK1,MECP2
HIPK1,PAGE4
FGFR1,FGFR1
FGFR1,FGFR3
NEK3,NEK3
NEK3,SNAP29
PRKCE,KRT18
MAPK12,SNTA1
NEK11,CDC25A
NEK11,BLM
PIK3R1,AKT1
PLK1,IRS1
PGK1,PDK1
PGK1,PGK1
JAK2,GTF2I
JAK2,BECN1
JAK2,PAK1
JAK2,PRMT5
JAK2,STAP2
JAK2,GRB2
JAK2,PRLR
JAK2,EZH2
JAK2,STAT5A
JAK2,CCR2
JAK2,BRD4
JAK2,JAK2
JAK2,SOCS3
JAK2,STAT3
JAK2,GAB2
JAK2,MAP3K5
JAK2,ARHGEF1
JAK2,H3C1
JAK2,TET2
JAK2,MAPK1
JAK2,PDHA1
JAK2,PDK1
JAK2,MAPK3
JAK2,STAT1
CDK4,RB1
CDK4,TFEB
CDK4,RBL2
CDK4,FOXM1
CDK4,CDC25A
CDK4,FOXO1
CDK4,DNMT1
CDK4,MEF2D
CDK4,TSC2
CDK4,EGLN2
CDK4,TCF3
CDK4,WDR77
CDK4,VCP
CDK4,FLCN
CDK4,RUNX3
CDK4,CELF1
CDK4,RBL1
CDK4,KAT2A
CDK4,GATA4
CDK4,CDKN1A
CDK4,RUNX2
CDK4,PELP1
CDK4,BRCA1
CDK4,TFE3
CDK4,FLNA
CDK4,SOD2
CDK4,MDM4
CDK4,TP53
CDK4,TOB2
CDK4,SPOP
CDK4,RASSF1
MELK,SMAD7
MELK,CDKN1A
MELK,TXN
MELK,PDPK1
MELK,SMAD2
MELK,SMAD4
MELK,SMAD3
MAP3K3,GLI1
MAP3K3,RCAN1
MAPK3,RPS6KB1
MAPK3,SYN3
TGFBR1,TP63
TGFBR1,SMAD2
TGFBR1,ENG
TGFBR1,OTUB1
TGFBR1,TGFBR3
TGFBR1,EEF1A1
AURKB,H3C1
MAP3K21,IL17RB
STK38,PI4KB
MAPKAPK5,SEPTIN8
MAPKAPK5,TP53
MAPKAPK5,TH
MAPKAPK5,DNAJB1
DAPK2,DAPK2
DAPK2,RPTOR
PRKCH,ITGB2
PRKCH,PTPN11
PRKCH,PRKCH
PRKCH,PRKD2
PRKCH,GSK3A
PRKCH,GSK3B
PRKCH,PRKD1
PRKCH,GSTP1
PLK1,DCTN1
PLK1,CCNT1
PLK1,NINL
PLK1,PTEN
PLK1,PINX1
PLK1,CLASP2
PLK1,ANAPC1
PLK1,MAP9
PLK1,PCNT
PLK1,CDC25C
PLK1,PRC1
PLK1,KIF2C
PLK1,KMT2E
PLK1,MAD1L1
PLK1,MDC1
PLK1,CDC27
PLK1,BORA
PLK1,TNKS
PLK1,KNL1
PLK1,TTK
PLK1,CENPQ
PLK1,STK38
PLK1,PPP6R2
PLK1,CDC20
PLK1,TOP2A
PLK1,NEDD1
PLK1,CDC16
PLK1,KIF2B
PLK1,HSPA1B
PLK1,DVL2
PLK1,PTPN1
PLK1,MDM2
PLK1,HNRNPU
PLK1,TOPORS
PLK1,KLF4
PLK1,BRCA1
PLK1,LRRK1
PLK1,ANAPC7
PLK1,CEP68
PLK1,PPP1R7
PLK1,CASP8
PLK1,USP16
PLK1,NCAPH2
PLK1,FOXM1
PLK1,MAP2K1
PLK1,CDC6
PLK1,VIM
PLK1,CCNB1
PLK1,RACGAP1
PLK1,NCAPD3
PLK1,PAX3/FOXO1
PLK1,AXIN2
PLK1,RAD21
PLK1,BRCA2
PLK1,BRF1
PLK1,YY1
PLK1,WDCP
PLK1,CDC25B
PLK1,NUAK1
PLK1,TP53BP1
PLK1,CDC23
PLK1,SUZ12
PLK1,STK3
PLK1,CENPU
PLK1,CHEK2
PLK1,WEE1
PLK1,KDM1A
PLK1,RIOK2
PLK1,RAPGEF2
PLK1,TP73
PLK1,TSC1
PLK1,RUVBL1
PLK1,CEP55
PLK1,BCL2L1
PLK1,TERF1
PLK1,ERCC6L
PLK1,NUDC
PLK1,SNCB
PLK1,KIZ
PLK1,RBBP8
PLK1,MAP2K2
PLK1,CLIP1
PLK1,YAP1
PLK1,TEX14
PLK1,SNCA
PLK1,C1ORF112
PLK1,NOTCH1
PLK1,KIF2A
PLK1,MRE11
PLK1,OPTN
PLK1,CLSPN
PLK1,PIN1
PLK1,ESPL1
PLK1,FBXO5
PLK1,RAP1GAP
PLK1,CIP2A
PLK1,BIRC5
PLK1,IKBKB
PLK1,GTSE1
PLK1,ZMYM2
PLK1,PLEKHG6
PLK1,TRIOBP
PLK1,PRKN
PLK1,CTNNB1
PLK1,SUN1
PLK1,NPM1
PLK1,FADD
PLK1,GORASP1
PLK1,ATXN10
PLK1,KAT7
PLK1,REST
PLK1,MTHFR
PLK1,STIL
PLK1,ANAPC4
PLK1,BUB1B
PLK1,CEP192
PLK1,PKMYT1
PLK1,WDR62
PLK1,MYC
PLK1,PARP10
PLK1,PRKDC
PLK1,SVIL
PLK1,CDCA5
PLK1,PRKAA2
PLK1,RAN
PLK1,SUGT1
PLK1,HSF1
PLK1,SRI
PLK1,TPT1
PLK1,RAD51
PLK1,MAD2L1BP
PLK1,RSF1
PLK1,NEK9
PLK1,ORC2
CDK19,PAK1
CDK19,EIF3F
CDK19,NOTCH1
MAK,MAK
LCK,MAPK3
CDK5,MAPT
CDK5,PIK3C3
CDK5,BACE1
CDK5,APP
CDK5,AMPH
CDK5,DRD2
CDK5,HTR6
CDK5,XDH
CDK5,FOXO1
CDK5,PPP1CA
CDK5,STMN3
CDK5,DLC1
CDK5,DBN1
CDK5,KCNQ2
CDK5,HTT
CDK5,RPA2
CDK5,DPYSL2
CDK5,PTK2
CDK5,AR
CDK5,CDK5R1
CDK5,RPS6KB1
CDK5,TP53
CDK5,CLOCK
CDK5,CRMP1
CDK5,VRK3
CDK5,HIF1A
CDK5,TPPP
CDK5,NEFL
CDK5,FZR1
CDK5,MAP2K1
CDK5,ADD2
CDK5,KCNAB2
CDK5,HTR1A
CDK5,PARP1
CDK5,ADD1
CDK5,RB1
CDK5,NFE2L2
CDK5,DCX
CDK5,STAT3
CDK5,PIP5K1C
CDK5,EFHD2
CDK5,MEF2A
CDK5,CDK5
CDK5,NOS3
CDK5,DNMT1
CDK5,ATM
CDK5,PSEN1
CDK5,TLN1
CDK5,AGAP2
CDK5,NR3C1
CDK5,STXBP2
CDK5,MCL1
CDK5,PXN
CDK5,PKM
CDK5,EPRS1
CDK5,PEBP1
CDK5,CCDC88A
CDK5,BIN1
CDK5,PPFIA1
CDK5,LMTK2
CDK5,DDHD1
CDK5,PMAIP1
CDK5,TRIM59
CDK5,SRC
CDK5,PLD2
CDK5,PPARG
CDK5,TRPC6
CDK5,NDE1
CDK5,DNM1L
CDK5,ELAVL1
CDK5,MEF2D
CDK5,PHACTR3
CDK5,MYC
CDK5,DPYSL3
CDK5,PRKN
CDK5,APEX1
CDK5,KDR
CDK5,CTNNB1
CDK5,AMFR
CDK5,DNM1
CDK5,PPP1R2
CDK5,PRNP
CDK5,HTRA2
CDK5,HDAC5
CDK5,LRRK2
CDK5,AXIN1
CDK5,LMNA
CDK5,TPX2
CDK5,SEPTIN5
CDK5,USF2
CDK5,NFAT5
CDK5,CLASP2
CDK5,VIM
NME2,NME2
NME2,GNB1
NME2,KCNN4
PNCK,HSP90AA1
PNCK,EIF4G3
PNCK,HSP90AB1
MAPK1,BCL3
PRKD2,IFNAR1
PRKD2,PAK4
PRKD2,PI4KB
PRKD2,CTTN
PRKD2,SET
PRKD2,ARFIP1
PRKD2,ITGB4
PRKD2,MFF
PRKD2,CIB1
PRKD2,VASP
PRKD2,HDAC7
PRKD2,SSH1
PRKD2,HDAC5
PRKD2,PKD2
PRKD2,MARK2
PRKD2,PRKD2
PRKD2,RIN1
CAMK2B,DLGAP1
CAMK2B,PRKAA1
CAMK2B,ITGB1
CAMK2B,STMN1
CAMK2B,RETREG1
CAMK2B,OCLN
CAMK2B,CAMK2G
PAK5,PAK5
PAK5,SNPH
PAK5,TCF3
PAK5,DNPEP
PAK5,GATA1
PAK5,AIFM1
ACVR1B,TDP2
CASK,CASK
CASK,NRXN1
FGFR3,FGFR3
FGFR3,CTNNB1
FGFR3,PTEN
FGFR3,TET2
FGFR3,RPS6KA3
FGFR3,CILK1
FGFR3,STAT1
TLK2,ASF1B
TLK2,ASF1A
MAP2K6,MAPK12
MAP2K6,HSF4
MAP2K6,PAK6
MAP2K6,MAPK13
MAP2K6,MAP2K6
MAP2K6,MAPK14
CSK,FYN
PRKCB,OSBPL9
EIF2AK4,MARS1
SGK1,TRPV4
MATK,SIRPA
MATK,LYN
VRK2,COIL
VRK2,USP25
VRK2,BANF1
VRK2,DTNBP1
VRK2,PLK1
PFKP,ATG4B
ROCK1,RDX
ROCK1,SLC9A1
ROCK1,ARHGAP35
ROCK1,FHOD1
ROCK1,ARHGAP24
ROCK1,EZR
ROCK1,GFAP
ROCK1,PTEN
ROCK1,DES
ROCK1,AQP2
ROCK1,PRMT5
ROCK1,RND3
ROCK1,MYL9
ROCK1,KCNK3
ROCK1,PFN1
ROCK1,H3C1
ROCK1,LIMK2
ROCK1,VIM
ROCK1,PTK2
ROCK1,PAWR
ROCK1,SOX9
ROCK1,PPP1R12A
ROCK1,MAPK8IP3
ROCK1,SCRIB
ROCK1,MARCKS
ROCK1,ARHGAP19
ROCK1,MYL12B
ROCK1,DPYSL2
ROCK1,ADD1
ROCK1,NR3C1
ROCK1,MSN
ROCK1,PPP1R12B
ROCK1,DAPK3
ROCK1,LIMK1
CERT1,COL4A3
PKM,BUB3
PKM,H3C1
PKM,STAT3
NEK5,TTLL4
FER,PRKCD
FER,DPYSL2
FER,MET
FER,FER
FER,EZR
FER,AR
FER,NSF
FER,JUP
FER,GAB1
PRKG2,NOS3
PRKG2,PTPN6
PRKG2,PDGFRB
PRKG2,CTH
PRKG2,ERBB2
PRKG2,LASP1
PRKG2,EGFR
PRKG2,PTS
PRKG2,MET
PRKG1,PPP1R17
PRKG1,IRAG1
PRKG1,CFTR
PRKG1,HSPB6
CDKL2,MAP1S
CDK9,SIRT1
CDK9,SMAD1
CDK9,CDK9
CDK9,OGFOD1
CDK9,SUPT5H
CDK9,H1-1
CDK9,POLR2A
CDK9,BORA
CDK9,PPARG
CDK9,RB1
CDK9,TP53
CDK9,NCOA2
CDK9,SMAD3
CDK9,H1-4
CDK9,RCHY1
CDK9,MDM2
CDK9,XRN2
CDK9,AR
MELK,CDC25B
MELK,MELK
MELK,EIF4B
MELK,EZH2
MAP2K1,TARDBP
MAP2K1,MAPK3
MAP2K1,GSK3B
MAP2K1,KRT8
MAP2K1,MACC1
MAP2K1,MAPK1
MAP2K1,TAL1
MAP2K1,HSF1
MAP2K1,RAF1
MAP2K1,PGR
PAK1,HACE1
GRK4,GRK4
GRK4,BDKRB2
SIK2,PIK3R1
SIK2,CDK5R1
SIK2,SIK2
SIK2,CEP250
SIK2,HDAC5
MAPK10,BCL2
MAP2K3,MAP2K3
MAP2K3,MAPK13
MAP2K3,MAPK14
CDK6,RB1
CDK6,TFEB
CDK6,RBL2
CDK6,FOXM1
CDK6,RUNX1
CDK6,TSC2
CDK6,EGLN2
CDK6,PKM
CDK6,CELF1
CDK6,PFKFB3
CDK6,NPM1
CDK6,CDKN1B
CDK6,CDKN1A
CDK6,TFE3
CDK6,FLNA
CDK6,ELAVL1
CDK6,TP53
CDK8,STAT1
CDK8,SMAD1
CDK8,E2F1
CDK8,H3C1
CDK8,CCNH
CDK8,SMAD3
CDK8,NOTCH1
PRKCB,TUBA1B
PRKCB,CD5
PRKCB,VDR
PTK2,CDCP1
PTK2,CTNNB1
PTK2,ITGB7
PTK2,NANOG
PTK2,BECN1
PTK2,ACTN1
PTK2,PXN
PTK2,BCAR1
PTK2,LAT
PTK2,PTK2
PTK2,GIT1
PTK2,ATP2B4
PTK2,TRIO
PTK2,GRB7
PTK2,HDAC5
PTK2,CLDN11
PTK2,SH3GL1
PTK2,RAC1
PTK2,RET
ADCK5,SOX9
EPHB3,EPHB3
TYRO3,MLKL
TYRO3,AKT1
MAST3,ARPP19
PCK1,INSIG2
PCK1,INSIG1
CAMK2A,SLC6A3
RPS6KA1,TERF2IP
RPS6KA1,TBC1D4
RPS6KA1,SLC9A1
RPS6KA1,WWC1
RPS6KA1,NDRG2
RPS6KA1,VASP
RPS6KA1,CDC25B
RPS6KA1,REPS1
RPS6KA1,CDC25C
RPS6KA1,RIOK2
RPS6KA1,RPTOR
RPS6KA1,EEF2K
RPS6KA1,MXD1
RPS6KA1,YBX1
RPS6KA1,PDCD4
RPS6KA1,SOS1
RPS6KA1,LCP1
RPS6KA1,DAPK1
RPS6KA1,METTL1
RPS6KA1,OSTF1
RPS6KA1,CDC25A
RPS6KA1,EPHA2
RPS6KA1,ITGB4
RPS6KA1,FOS
RPS6KA1,NFKBIA
RPS6KA1,APAF1
RPS6KA1,UBR5
RPS6KA1,MAPK7
RPS6KA1,BAD
RPS6KA1,CREB1
RPS6KA1,ARHGAP31
RPS6KA1,GSK3B
RPS6KA1,RANBP3
RPS6KA1,CIC
RPS6KA1,DEPTOR
RPS6KA1,TSC2
RPS6KA1,ESR1
RPS6KA1,CARHSP1
RPS6KA1,SLC9A3R1
RPS6KA1,RPS6
RPS6KA1,CHEK1
RPS6KA1,MITF
RPS6KA1,RELA
RPS6KA1,FLNA
RPS6KA1,CCT2
RPS6KA1,GMFB
RPS6KA1,CDC34
RPS6KA1,MAGI1
RPS6KA1,EIF4B
RPS6KA1,SENP2
PDGFRA,PDGFRA
PDGFRA,CCDC88C
PDGFRA,SRC
TAOK1,RND3
GRK2,RDX
GRK2,OPRL1
GRK2,EDNRA
GRK2,EZR
GRK2,ADRB2
GRK2,SLC9A5
GRK2,OPRM1
GRK2,CHRM2
GRK2,HRH1
GRK2,NPFFR2
GRK2,ADRA1D
GRK2,RAPGEF3
GRK2,MAPK14
GRK2,KCNIP3
GRK2,OPRD1
GRK2,SSTR5
GRK2,ADIPOR1
GRK2,IGF1R
GRK2,TBXA2R
GRK2,FZD6
GRK2,SNCA
GRK2,CLTB
GRK2,MSN
GRK2,SMAD2
GRK2,TP53
NPM/ALK,PKM
NPM/ALK,MSH2
NPM/ALK,WAS
NPM/ALK,STAT1
MAP3K2,CTNNB1
MAP3K2,STK38
MAP3K2,IRF3
PRKAB1,SRSF1
PRKAB1,PDHA1
PRKAB1,POU2F1
PRKAB1,STIM1
PRKAB1,SKP2
PRKAB1,NEDD4L
MAP2K2,KRT8
MAP2K2,MAPK3
DYRK1A,PSEN1
JAK3,STAT5A
JAK3,JAK1
JAK3,CTNNB1
JAK3,SIGLEC10
JAK3,ELAVL1
JAK3,JAK3
JAK3,PLD2
JAK3,EZH2
JAK3,NFATC1
JAK3,SHC1
JAK3,STAT1
LMTK2,PPP1CA
LMTK2,CFTR
LMTK2,PYGB
ITK,DEF6
ITK,BMX
ITK,SIGLEC10
ITK,HAVCR2
ITK,LCP2
ITK,TEC
ITK,BTK
ITK,ITK
ITK,GRAP2
ITK,PLCG1
CLK3,USP13
CSK,YES1
CSK,PTPRC
CSK,LCK
CSK,SRC
CSK,HCK
MAPK7,MAPK7
MAPK7,FOS
MAPK7,MEF2A
MAPK7,MAP2K5
MAPK7,SGK1
MAPK7,ETS1
MAPK7,PML
MAPK7,DLG1
MAPK7,MEF2C
MAPK7,MYC
HIPK2,HIPK2
HIPK2,ZBTB4
HIPK2,KLF3
HIPK2,SIAH2
HIPK2,HMGA1
HIPK2,CTBP1
HIPK2,PML
HIPK2,TLE1
HIPK2,TP53
HIPK2,SIRT1
HIPK2,RUNX1
HIPK2,EP300
HIPK2,CBX4
HIPK2,CEBPB
HIPK2,HDAC3
HIPK2,TP63
HIPK2,NOTCH1
HIPK2,CTBP2
HIPK2,PPM1D
HIPK2,CDKN1B
HIPK2,ELF4
HIPK2,CREB1
HIPK2,SPAST
PIM1,SKP2
TAOK2,RND3
TAOK2,TAOK2
MTOR,ANKRD17
MTOR,IRS1
MTOR,RRAGC
MTOR,MKNK2
MTOR,ULK1
MTOR,BRD9
MTOR,WASHC2A
MTOR,ESR1
MTOR,UVRAG
MTOR,TFEB
MTOR,SRRM1
MTOR,SENP3
MTOR,DAP
MTOR,PKN2
MTOR,NRBF2
MTOR,ELP1
MTOR,AR
MTOR,PASK
MTOR,MTOR
MTOR,LARP6
MTOR,SRRM2
MTOR,DNMT1
MTOR,MAPKAP1
MTOR,RRM1
MTOR,GRB10
MTOR,DUSP10
MTOR,PRKCE
MTOR,LARP1
MTOR,MAF1
MTOR,AMOTL2
MTOR,MYCN
MTOR,RPTOR
MTOR,SOD1
MTOR,EEF2K
MTOR,ELL
MTOR,DEPTOR
MTOR,BAG3
MTOR,RPRD1B
MTOR,SLC7A11
MTOR,PATL1
MTOR,SGK1
MTOR,APBA3
MTOR,YAP1
MTOR,ZNRF2
MTOR,RPS6
MTOR,OXSR1
MTOR,ISCU
MTOR,HSF1
MTOR,MYC
MTOR,PIP4K2C
MTOR,AMBRA1
MTOR,UBR4
MTOR,RUBCNL
MTOR,ZNF768
MTOR,WNK1
PRPF4B,ELK1
PIK3CA,RPS6KB1
PIK3CA,PIK3R1
PIK3CA,TPM1
PIK3CA,AKT1
NEK6,KIF20A
NEK6,SGK1
NEK6,BSG
NEK6,DDR1
NEK6,ACD
NEK6,RBL2
NEK6,RPS6KB1
NEK6,NUP98
NEK6,EML4
NEK6,KIF11
NEK6,STAT3
NEK6,GRIN1
NEK6,PSMD2
NEK6,CDK7
NEK6,HSPA1B
CSNK1A1,SLC4A1
CSNK1A1,FOXG1
CSNK1A1,YWHAQ
CSNK1A1,TARDBP
CSNK1A1,FOXO4
CSNK1A1,CARD11
CSNK1A1,ATF1
CSNK1A1,TP53
CSNK1A1,HSPA1B
CSNK1A1,JADE1
CSNK1A1,BACE1
CSNK1A1,CTPS2
CSNK1A1,MALT1
CSNK1A1,ERG
CSNK1A1,APC
CSNK1A1,AGO2
CSNK1A1,CREB1
CSNK1A1,HSP90AB1
CSNK1A1,VHL
CSNK1A1,SQSTM1
CSNK1A1,PHLPP1
CSNK1A1,IFNAR1
CSNK1A1,MYC
CSNK1A1,RHOB
CSNK1A1,TUT1
CSNK1A1,LRP6
CSNK1A1,YWHAZ
CSNK1A1,GJA1
CSNK1A1,DEPTOR
CSNK1A1,ZRANB1
CSNK1A1,EIF6
CSNK1A1,CDC25A
CSNK1A1,ECE1
CSNK1A1,CTNND1
CSNK1A1,OSBP2
CSNK1A1,SRPK2
CSNK1A1,FOXO1
CSNK1A1,NFAT5
CSNK1A1,HNRNPC
CSNK1A1,RORA
CSNK1A1,SNCA
CSNK1A1,MDM4
CSNK1A1,KCNIP3
CSNK1A1,RAPGEF2
CSNK1A1,TIAM1
CSNK1A1,CDH1
CSNK1A1,PRKN
CSNK1A1,CBX4
CSNK1A1,RELA
CSNK1A1,CDK5
CSNK1A1,HSP90AA1
CSNK1A1,UVRAG
CSNK1A1,YBX1
CSNK1A1,KDM1A
CSNK1A1,BHLHE40
RIPK1,RIPK1
RIPK1,DAB2IP
CDK2,CEBPB
CILK1,BAG6
CILK1,KIF3A
CILK1,RPTOR
CDK5,CDK5R2
PDPK1,SPHK2
STK24,PPP1R14C
STK24,TAOK1
STK24,RAB8A
STK24,STK24
STK24,STK38L
DYRK2,SIAH2
DYRK2,CARHSP1
DYRK2,DCX
DYRK2,CDC25A
DYRK2,KATNA1
DYRK2,TP53
DYRK2,DYRK2
DYRK2,PSMC4
DYRK2,CRMP1
DYRK2,EIF4EBP1
DYRK2,SNAI1
DYRK2,H3-3A
DYRK2,HSF1
DYRK2,NOTCH1
DYRK2,DPYSL3
DYRK2,DPYSL2
DYRK2,MAPT
DYRK2,TBK1
BUB1,BUB3
BUB1,CDC20
BUB1,BUB1
BUB1,H2AC17
PRKCE,UGT1A7
PRKCE,MAPT
PRKCE,ADAP1
PRKCE,KEAP1
PRKCE,ADAM17
PRKCE,GNAI2
PRKCE,NANOG
PRKCE,PRKCE
PRKCE,PPP1R14A
PRKCE,MCU
PRKCE,EGFR
PRKCE,SLC6A2
PRKCE,MIIP
PRKCE,AURKB
PRKCE,CHAT
PRKCE,ITGB1
PRKCE,STAT3
PRKCE,TNNI3
PRKCE,NREP
PRKCE,BAD
PRKCE,ALDH2
PRKCE,PRKD2
PRKCE,OCLN
PRKCE,KCNK3
PRKCE,FGFR1
PRKCE,TICAM2
PRKCE,CREB1
PRKCE,KIR3DL1
PRKCE,XIAP
PRKCE,RPS6KB2
PRKCE,GLS
PRKCE,IQGAP1
PRKCE,PRKD1
PRKCE,CORO1B
PRKCE,RAB11A
PRKCE,RAB5A
PRKCE,GJA1
PRKCE,IKBKB
PRKCE,ATF2
PRKCE,CTNND1
PRKCE,MET
CSNK2A1,TCF4
CSNK2A1,NFATC1
CSNK2A1,DEK
CSNK2A1,EGR1
CSNK2A1,SLK
STK3,NR3C1
STK3,PRKCA
STK3,ABL1
STK3,MOB1B
STK3,SAV1
STK3,MOB1A
STK3,NEK2
STK3,LATS1
STK3,STK3
STK3,YAP1
STK3,MAP1LC3B
PKM,MDM2
PKM,MYL2
PKM,SREBF1
PKM,RBBP8
PKM,AKT1S1
PKM,SNAP23
DYRK1A,H3-3A
BLVRA,BLVRA
BLVRA,PRKCB
ATR,PARP1
ATR,RBBP8
ATR,ATRIP
ATR,MCC
ATR,TP53BP1
ATR,SIRT7
ATR,UIMC1
ATR,CUX1
ATR,TP53
ATR,E2F1
ATR,MDM2
ATR,XPA
ATR,SP1
ATR,BRCA1
ATR,GINS2
ATR,MCPH1
ATR,CHEK1
ATR,DBF4
ATR,FARSA
ATR,FANCD2
ATR,NPM1
ATR,CDKN2A
ATR,SMC1A
ATR,SUGP2
ATR,BLM
ATR,RPA2
ATR,DCLRE1C
ATR,CREB1
ATR,IRS1
ATR,FANCA
ATR,KMT2A
ATR,AKAP12
ATR,HUWE1
ATR,CNOT2
ATR,PELP1
ATR,RAD17
ATR,MDC1
ATR,SARS1
ATR,APBB1
ATR,SMARCC2
ATR,CCAR2
ATR,NBN
ATR,PRKDC
ATR,ZDHHC13
ATR,CEP164
ATR,FANCI
ATR,CHTF18
ATR,SRPK1
ATR,KIFC1
ATR,XRCC2
ATR,FANCM
ATR,DCK
ATR,SMARCAL1
ATR,KAT2B
ATR,RASSF1
ATR,TUT1
ATR,ATM
ATR,USP28
ATR,CHEK2
ATR,ATR
ATR,WRN
ATR,MCM2
ATR,DAXX
ATR,POLH
ATR,SUN2
ATR,ZSCAN5A
ATR,PHF14
ATR,CCDC82
ATR,SIAH1
ATR,EWSR1
ATR,BORA
ATR,GPS1
ATR,XRCC3
ATR,VCP
ATR,WDHD1
ATR,MARCKSL1
STK10,RDX
STK10,EZR
STK10,PLK1
STK10,MSN
ABL2,CAT
ABL2,HRAS
ABL2,CRK
ABL2,MAPT
ABL2,ABL2
ABL2,PDGFRB
ABL2,GPX1
ABL2,LGALS3
ABL2,CEBPB
ABL2,IRF3
ABL2,PSMA7
ABL2,WWTR1
ABL2,ITGB1
ABL2,SIVA1
LIMK1,DSTN
PDK1,PDHA1
PRKCD,YWHAB
PDGFRB,PTPN11
HCK,ABL1
HCK,ELMO1
HCK,STAT5A
HCK,ADAM15
HCK,RAPGEF1
HCK,TP73
HCK,ALOX5
HCK,TBK1
HCK,BCR
HCK,HCK
HCK,STAT5B
MOS,MAP2K1
MAP3K11,GLI1
MAP3K11,PIN1
MAP3K11,PRKAA1
MAP3K11,MAP3K11
MAP3K11,PAK1
MAP3K11,MAP2K4
MAP3K11,MAP2K3
PDK3,PDHA1
PDK3,PDHA2
CAMK2D,GLO1
DYRK3,CREB1
ROCK2,SLC9A1
ROCK2,BACE1
ROCK2,MYL2
ROCK2,PPP1R14A
ROCK2,ROCK2
ROCK2,SH3GL2
ROCK2,LIMK2
ROCK2,EEF1A1
ROCK2,PPP1R12A
ROCK2,NCF1
ROCK2,SORL1
ROCK2,DPYSL2
ROCK2,NFATC1
ROCK2,DAB2
ROCK2,APP
ROCK2,CNN3
ROCK2,PPP1R14B
PAK3,RAF1
MAP3K14,CHUK
MAP3K14,G6PD
MAP3K14,NFKB2
MAP3K14,NFKBIA
MAP3K14,ACTR2
MAP3K14,IKBKB
RPS6KB1,BACH2
RPS6KB1,NDRG2
RPS6KB1,PDCD4
RPS6KB1,TP63
RPS6KB1,MTOR
RPS6KB1,TRIB2
RPS6KB1,RPS6KB1
RPS6KB1,SMN1
RPS6KB1,EEF2K
RPS6KB1,MXD1
RPS6KB1,URI1
RPS6KB1,MAPT
RPS6KB1,NCBP1
RPS6KB1,H2BC3
RPS6KB1,PIP5K1C
RPS6KB1,POLDIP3
RPS6KB1,TARBP2
RPS6KB1,FMR1
RPS6KB1,GSK3B
RPS6KB1,DEPTOR
RPS6KB1,ESR1
RPS6KB1,LTC4S
RPS6KB1,MRE11
RPS6KB1,CAD
RPS6KB1,EGLN1
RPS6KB1,CCT2
RPS6KB1,GLI1
RPS6KB1,RICTOR
RPS6KB1,SRPK2
RPS6KB1,EIF4B
RPS6KB1,EPRS1
TRPM7,MYH9
TRPM7,TRPM7
TRPM7,PLCG2
TRPM7,ANXA1
TRPM7,EEF2K
TRPM7,TMOD1
MERTK,MLKL
MERTK,AKT1
MERTK,STAT5A
MERTK,STAT3
MERTK,MERTK
MERTK,STAT5B
PAK6,PACSIN1
PAK6,MDM2
PAK6,ITGB1BP1
PAK6,CTBP2
PAK6,AR
PAK6,CTBP1
PAK6,LIMK1
PAK1,FXR1
PAK1,GNAZ
PAK1,ARHGEF2
PAK1,MAP3K1
PAK1,TBCB
PAK1,CRK
PAK1,CTNNB1
PAK1,GDI2
PAK1,PXN
PAK1,PLK1
PAK1,H3C1
PAK1,PAK1
PAK1,SNAI1
PAK1,FLNA
PAK1,ARHGDIA
PAK1,PCBP1
PAK1,CTTN
PAK1,DYNLL1
PAK1,NLRP3
PAK1,SPEN
PAK1,AURKA
PAK1,STMN1
PAK1,GIT1
PAK1,NF2
PAK1,PA2G4
PAK1,RUNX3
PAK1,MAP2K1
PAK1,BAD
PAK1,KIF2C
PAK1,PGM1
PAK1,RAF1
PAK1,ILK
PAK1,PGAM1
PAK1,ELF3
PAK1,MORC2
PAK1,ITGB3BP
PAK1,MYL9
PAK1,SNAI2
PAK1,BRAF
PAK1,LIMK1
PAK1,PREX2
PAK1,CTBP1
PAK1,ESR1
PAK1,MYLK
PAK1,ATG5
TRPM6,H4C1
TRPM6,H3C1
TRPM6,H2AC17
TRPM6,TRPM6
WNK1,PCF11
WNK1,WNK1
WNK1,SLC12A6
WNK1,OXSR1
WNK1,STK39
INSR,IRS1
INSR,INSR
INSR,GAB1
INSR,BLVRA
INSR,PTEN
INSR,PIK3R3
INSR,DOK1
INSR,PPP2CA
INSR,PIK3R1
INSR,ARHGAP5
INSR,PTPN6
INSR,PHB
INSR,CCDC88C
INSR,NFKBIA
MAP3K8,RDX
MAP3K8,IRF3
MAP3K8,EZR
MAP3K8,ABL1
MAP3K8,MAP2K1
MAP3K8,RPS6KA1
MAP3K8,CDK1
MAP3K8,PLK1
MAP3K8,CHEK1
MAP3K8,MAP2K2
MAP3K8,NPM1
MAP3K8,MAP2K3
MAP3K8,CREB1
MAP3K8,EIF4G1
MAP3K8,MAP2K6
MAP3K8,EIF4EBP1
MAP3K8,MSN
MAP3K8,H2BC3
RPS6KA3,H3C1
RPS6KA3,CDKN1B
NUAK2,LATS1
MAPK9,YAP1
MAPK9,MAPT
MAPK9,ATF2
MAPK9,APP
MAPK9,JDP2
MAPK9,TOB1
MAPK9,NFATC4
MAPK9,PDX1
MAPK9,LIMD1
MAPK9,BCL2L1
MAPK9,TP53
MAPK9,BAZ1B
MAPK9,CDC25C
MAPK9,SLC6A4
MAPK9,BID
MAPK9,PIN1
MAPK9,PSEN1
MAPK9,DCX
MAPK9,NFATC3
MAPK9,CDKN1A
MAPK9,FOXO4
MAPK9,SREBF1
MAPK9,GORASP1
MAPK9,MYC
MAPK9,RXRA
MAPK9,JUN
MAPK9,MAPKAPK5
MAPK9,MARCKS
MAPK9,CDK4
MAPK9,TAB1
MAPK9,MAPK8IP1
MAPK9,RRN3
MAPK9,APLP2
LATS2,CDKN1A
LATS2,AMOTL2
LATS2,YAP1
LATS2,WWTR1
LATS2,SNAI1
LATS2,INCENP
LATS2,ABL1
LATS2,LATS2
LATS2,CDC26
LATS2,RPTOR
LATS2,PQBP1
LATS2,PRPS1
LATS2,YWHAG
LATS2,KIF23
LATS2,AMOT
LATS2,PRPS2
CAMKK2,SIRT1
CAMKK2,PRKAA1
CAMKK2,CAMKK2
CAMKK2,PRKAA2
CAMKK2,AKT1
MAP4K4,RDX
MAP4K4,EZR
MAP4K4,SMAD1
MAP4K4,NR3C1
MAP4K4,LATS1
MAP4K4,HTT
MAP4K4,MAP3K11
MAP4K4,MSN
MAPKAPK3,WNK4
CAMK2A,EGFR
CAMK2A,PLA2G4A
CAMK2A,NUMB
CAMK2A,TPH2
CAMK2A,APOBEC3G
CAMK2A,ERBB2
CAMK2A,CEBPB
CSNK2B,ATF4
CSNK2B,MYH9
CSNK2B,DLG3
CSNK2B,SEC63
CSNK2B,RAD17
CSNK2B,TP53
CSNK2B,SNAI1
CSNK2B,SORT1
CSNK2B,CCDC106
CSNK2B,FADD
FGFR1,IDH1
FGFR1,PDP1
FGFR1,AMOTL2
FGFR1,ZMYM2
FGFR1,PDK1
FGFR1,STAT3
FGFR1,LDHA
FGFR1,ITGB4
FGFR1,PDHA1
FGFR1,ACAT1
ERN1,ERN1
GRK3,OPRL1
GRK3,CCR5
GRK3,SSTR2
GRK3,OPRD1
GRK3,TBXA2R
GRK3,ADRB2
SGK3,ITCH
SGK3,LCP1
SGK3,FLII
SGK3,GSK3B
SGK3,MDM2
SGK3,HSD17B4
ATM,FANCI
ATM,KHDC3L
ATM,NKX3-1
ATM,TP53BP1
ATM,KHSRP
ATM,DCLRE1C
ATM,RRM2B
ATM,DBN1
ATM,CROCC
ATM,FANCD2
ATM,FBXW7
ATM,UIMC1
ATM,E2F1
ATM,MDM2
ATM,CHEK2
ATM,SLX4
ATM,NFAT5
ATM,POLL
ATM,PTEN
ATM,XPA
ATM,FUS
ATM,HUWE1
ATM,SP1
ATM,NRF1
ATM,MED1
ATM,HSP90AA1
ATM,NABP2
ATM,YAP1
ATM,MCPH1
ATM,DTYMK
ATM,RNF40
ATM,TOP2B
ATM,PPM1G
ATM,AVEN
ATM,MEN1
ATM,RPA2
ATM,DBF4
ATM,PPP1R2
ATM,CBL
ATM,PRPF19
ATM,MAD1L1
ATM,UCHL3
ATM,RANBP9
ATM,SMC3
ATM,ATM
ATM,PNKP
ATM,TAOK1
ATM,RBBP8
ATM,TP53
ATM,TOPBP1
ATM,MRE11
ATM,ZEB1
ATM,L3MBTL2
ATM,APLF
ATM,KDM2A
ATM,ID3
ATM,BAG6
ATM,SMC1A
ATM,BRCA1
ATM,TERF1
ATM,GIT2
ATM,COPS5
ATM,RNF138
ATM,ATF2
ATM,MDC1
ATM,HIF1A
ATM,BLM
ATM,USP28
ATM,USP10
ATM,CREB1
ATM,EZH2
ATM,UBR5
ATM,USP34
ATM,DDX1
ATM,HNF1A
ATM,PPP2R5C
ATM,RIF1
ATM,BECN1
ATM,DYRK2
ATM,AATF
ATM,MLLT1
ATM,SMURF2
ATM,PELP1
ATM,RAD17
ATM,PIDD1
ATM,CHEK1
ATM,CCDC6
ATM,AGER
ATM,TDP1
ATM,BUB1
ATM,SARS1
ATM,APBB1
ATM,HIC1
ATM,DGCR8
ATM,SMARCC2
ATM,PRKDC
ATM,UFL1
ATM,SMAD1
ATM,VCP
ATM,MCM3
ATM,NBN
ATM,XRCC6
ATM,TAOK3
ATM,BTRC
ATM,ITCH
ATM,METTL3
ATM,RFWD3
ATM,ZNF148
ATM,RASSF1
ATM,ABRAXAS1
ATM,SRPK1
ATM,CDKN1B
ATM,EHMT2
ATM,COP1
ATM,RNF20
ATM,KIFC1
ATM,PKM
ATM,CHD4
ATM,ZNF420
ATM,NUSAP1
ATM,RAD18
ATM,CTTN
ATM,NSD2
ATM,THOC5
ATM,ZBTB2
ATM,TP63
ATM,DCK
ATM,CHUK
ATM,WRAP53
ATM,WWC1
ATM,SLC2A1
ATM,USP15
ATM,LARP7
ATM,SIM2
ATM,FBXO31
ATM,KAT8
ATM,EP300
ATM,RAD50
ATM,TRIM28
ATM,H2AX
ATM,NOP53
ATM,MDM4
ATM,NHEJ1
ATM,WRN
ATM,PRKAA2
ATM,ESPL1
ATM,DAXX
ATM,EIF4EBP1
ATM,TRIM24
ATM,LAMTOR5
ATM,SMARCA4
ATM,SIAH1
ATM,EWSR1
ATM,GPS1
ATM,PAN2
ATM,RAD9A
ATM,MLH1
ATM,PBRM1
ATM,EYA3
ATM,UBQLN4
ATM,SPOP
ATM,MATR3
ATM,PEX5
NTRK1,SH2B1
NTRK1,CTNNB1
NTRK1,NTRK1
NTRK1,SHC3
NTRK1,STAT3
NTRK1,SHC1
PKN3,EGFR
PKN3,CLIP1
ATM,IKBKG
ATM,ABL1
MAPK13,EEF2K
MAPK13,MAPT
MAPK13,STMN1
MAPK13,ISL1
MAPK13,SQSTM1
MAPK13,CCND3
MAPK13,HSF1
MAPK13,KAT5
MYO3A,MYO3A
FYN,GRIN2A
FYN,ITCH
FYN,NMT1
FYN,DCBLD2
FYN,FYB1
FYN,CD5
FYN,PLCG2
FYN,ABL1
FYN,IFITM3
FYN,CHN2
FYN,ARHGAP33
FYN,PAG1
FYN,SKAP1
FYN,CRMP1
FYN,SCN5A
FYN,PECAM1
FYN,MAP2
FYN,STAM2
FYN,APP
FYN,TGFB1I1
FYN,SLAMF1
FYN,CTTN
FYN,AGAP2
FYN,BSG
FYN,FLOT1
FYN,FYN
FYN,PTPRJ
FYN,FLOT2
FYN,H3-3A
FYN,PXN
FYN,FCGR2B
FYN,RPS6KA3
FYN,SNCA
FYN,NOX4
FYN,PLXNA2
FYN,CD3E
FYN,STAT3
FYN,CBL
FYN,RTN4
FYN,PROM1
FYN,CLIC5
FYN,ITPR1
FYN,PTPRT
FYN,MAPT
FYN,DLG4
FYN,CD300LB
FYN,CAV1
FYN,BCR
FYN,GRB10
FYN,JUP
FYN,NFE2L2
FYN,PLXNA1
FYN,ERBB2
FYN,PRC1
FYN,PRKAA2
FYN,PGD
FYN,MAPK14
FYN,CD300LF
FYN,SCN9A
FYN,PTGS2
FYN,SIGLEC10
FYN,TIGIT
FYN,FUS
FYN,PTPN11
FYN,CD226
FYN,ADD2
FYN,IKBKG
FYN,PRKACA
TTK,USP16
TTK,HSP90AA1
TTK,TTK
TTK,BLM
TTK,ABL1
TTK,HSPA9
TTK,MAD1L1
TTK,ARHGEF17
TTK,MAP4
TTK,CDCA8
TTK,BUB1B
TTK,NCAPH2
TTK,SLC4A4
TTK,CHEK2
TTK,RMI2
GRK1,FFAR4
GRK1,OPRK1
CSNK1A1L,NFAT5
PRKCA,NOS3
PRKCA,TACSTD2
PRKCA,JPH2
PRKCA,TOP1
PRKCA,ANXA1
PRKCA,PTPN1
PRKCA,PLCG1
PRKCA,SLC6A4
PRKCA,ADAP1
PRKCA,ITGB2
PRKCA,GNAZ
PRKCA,C5AR1
PRKCA,CDC42EP4
PRKCA,ARHGDIA
PRKCA,CSNK1D
PRKCA,SLC9A3R1
PRKCA,ADAM17
PRKCA,RRAD
PRKCA,SRF
PRKCA,VTN
PRKCA,ATP5F1C
PRKCA,EGLN2
PRKCA,PPARA
PRKCA,EZR
PRKCA,CDKN1A
PRKCA,GMFB
PRKCA,CELF1
PRKCA,KCNH2
PRKCA,ARHGAP35
PRKCA,SPN
PRKCA,TRPV5
PRKCA,FLOT1
PRKCA,IGFBP1
PRKCA,FLNC
PRKCA,EIF6
PRKCA,PTPN11
PRKCA,MYH9
PRKCA,KCNE3
PRKCA,CTPS1
PRKCA,CYP3A4
PRKCA,NR1I2
PRKCA,SLC6A2
PRKCA,CDKN2A
PRKCA,CYSLTR1
PRKCA,IL2RA
PRKCA,PPP2R5A
PRKCA,ITGB4
PRKCA,MMP2
PRKCA,KCNAB2
PRKCA,AQP1
PRKCA,PRKCE
PRKCA,LRP1
PRKCA,PDE3A
PRKCA,TRPV6
PRKCA,KCNJ1
PRKCA,ADRA1D
PRKCA,ITGB1
PRKCA,AKT1
PRKCA,MAPKAP1
PRKCA,PPP1R14A
PRKCA,TP53
PRKCA,NOXA1
PRKCA,CD4
PRKCA,RALB
PRKCA,RALBP1
PRKCA,TNNI3
PRKCA,TUBA1C
PRKCA,EPHA2
PRKCA,ARHGDIB
PRKCA,SLC18A2
PRKCA,AQP4
PRKCA,PTPN12
PRKCA,EGFR
PRKCA,GRK7
PRKCA,TFRC
PRKCA,AQP2
PRKCA,PRKG1
PRKCA,NOX5
PRKCA,CASR
PRKCA,NCOR1
PRKCA,EPB41
PRKCA,GRIA1
PRKCA,DDX58
PRKCA,RSC1A1
PRKCA,LCP1
PRKCA,ARHGEF1
PRKCA,VIM
PRKCA,UGT1A3
PRKCA,LCK
PRKCA,L1CAM
PRKCA,PITPNC1
PRKCA,PGR
PRKCA,TRPM4
PRKCA,FBXW7
PRKCA,JAK2
PRKCA,CFL1
PRKCA,FFAR4
PRKCA,DOCK8
PRKCA,RELA
PRKCA,NOXO1
PRKCA,CHAT
PRKCA,PHB2
PRKCA,PLD2
PRKCA,TBXA2R
PRKCA,GRIK2
PRKCA,NR1H4
PRKCA,NLGN4X
PRKCA,ARRB1
PRKCA,DTNB
PRKCA,CORO1A
PRKCA,NPHS1
PRKCA,PFKFB3
PRKCA,EIF2S3
PRKCA,KCNMA1
PRKCA,TRPV1
PRKCA,PTPN22
PRKCA,TRPM2
PRKCA,SH2B1
PRKCA,PPP1R1A
PRKCA,BCL11B
PRKCA,KIT
PRKCA,BNC1
PRKCA,KRT20
PRKCA,TUBA1A
PRKCA,RORA
PRKCA,PRKD2
PRKCA,PRKD1
PRKCA,PLEK
PRKCA,EWSR1
PRKCA,CD226
PRKCA,GSK3A
PRKCA,SLC6A3
PRKCA,ARX
PRKCA,RAB37
PRKCA,FRAT1
PRKCA,APLP2
PRKCA,TAGLN2
PRKCA,BEST1
PRKCA,APPL1
PRKCA,CLDN4
PRKCA,ABCB1
PRKCA,MBD4
PRKCA,SNAP25
PRKCA,CYTH2
PRKCA,ATF2
PRKCA,CTNND1
PRKCA,KIR3DL1
PRKCA,CD36
PRKCA,TTN
PRKCA,GSK3B
PRKCA,FSCN1
PRKCA,ELAVL1
PRKCA,PA2G4
PRKCA,NF1
PRKCA,PEBP1
PRKCA,PRKD3
PRKCA,AR
PRKCA,BCL2
PRKCA,PACSIN2
PRKCA,F11R
PRKCA,RPS6KB2
PRKCA,SATB1
PRKCA,FMNL2
PRKCA,RET
PRKCA,CFLAR
PRKCA,EIF4G1
PRKCA,TRPC3
PRKCA,CLDN1
PRKCA,TGFBR1
PRKCA,IQGAP1
PRKCA,NR2F6
PRKCA,KLHL3
PRKCA,GJA1
PRKCA,CORO1B
PRKCA,KCNJ13
PRKCA,CLDN7
PRKCA,KRAS
PRKCA,SHOC2
PRKCA,PTPN6
PRKCA,NR1I3
PRKCA,AHR
PRKCA,KCNJ4
PRKCA,RGS7
PRKCA,GPSM2
PRKCA,PIM1
PRKCA,RASSF1
PRKCA,NKX3-1
PRKCA,ROBO3
PRKCA,TP73
PRKCA,GNMT
PRKCA,AFAP1
PRKCA,PPP1R16B
PRKCA,VDR
PRKCA,F3
PRKCA,KCNK9
PRKCA,DLG1
PRKCA,H3C1
PRKCA,SCN9A
PRKCA,CD44
PRKCA,HABP4
PRKCA,TXN
PRKCA,GSTA4
PRKCA,TNNT2
PRKCA,PPP1R14B
PRKCA,FERMT3
PRKCA,EP300
PRKCA,IKBKB
PRKCA,ICOSLG
PRKCA,H2BC3
PRKCA,CD300LF
PRKCA,ILK
PRKCA,THOC5
PRKCA,GSTP1
PRKCA,PLCB3
PRKCA,TAGLN
PRKCA,CYBA
PRKCA,SUN1
PRKCA,VASP
PRKCA,BDKRB2
PRKCA,SCN5A
PRKCA,NMNAT1
PRKCA,DRD2
PRKCA,GPR15
PRKCA,MET
PRKCA,TWIST1
PRKCA,KCNA5
MAP4K2,PSMD2
MAP4K2,PRH1
MAP4K2,HTT
PLK1,MASTL
STK26,EZR
STK26,YAP1
STK26,PPP1R14C
STK26,ASAP3
STK26,PDCD10
STK26,ATG4B
PHKG2,SIK3
SRMS,PTK6
SRMS,FKBP5
SRMS,SRMS
BRSK1,TUBG1
HASPIN,H3C1
PYV0001,GNAQ
IKBKB,CYLD
IKBKB,BBC3
IKBKB,NFKB1
IKBKB,IRF3
IKBKB,FOS
IKBKB,COPS5
IKBKB,TP63
IKBKB,TSC1
IKBKB,BCL10
IKBKB,TNFRSF1A
IKBKB,TNFAIP3
IKBKB,RAPGEF2
IKBKB,MTURN
IKBKB,IKBKG
IKBKB,RELA
IKBKB,MAVS
IKBKB,DOK1
IKBKB,EDC4
IKBKB,PFKFB3
IKBKB,BCL3
IKBKB,ASB8
IKBKB,RPS3
IKBKB,HTT
IKBKB,OPTN
IKBKB,MYC
IKBKB,NFKBIA
IKBKB,FOXO3
IKBKB,REL
IKBKB,IRF5
IKBKB,TP73
IKBKB,RELB
IKBKB,TMIGD2
IKBKB,CDKN2A
IKBKB,STAT1
IKBKB,IRS1
PRKACA,NFE2L1
PRKACA,PTPN5
PRKACA,ITPR3
PRKACA,MAP1LC3B
PRKACA,EVL
MKNK1,PNPLA8
MKNK1,SFPQ
MKNK1,HNRNPA1
MKNK1,SPRY2
MARK4,TNK1
AURKB,NUMA1
AURKB,RACGAP1
AURKB,NDC80
AURKB,SHCBP1
AURKB,RB1
AURKB,ZWINT
AURKB,PRKDC
AURKB,H2BC14
AURKB,RUNX3
AURKB,H2BC9
AURKB,CDCA8
AURKB,H2BC5
AURKB,INCENP
AURKB,GFAP
AURKB,H2BC20P
AURKB,DES
AURKB,DEK
AURKB,KRT8
AURKB,CDCA5
AURKB,DIAPH2
AURKB,MYBBP1A
AURKB,HASPIN
AURKB,ATXN10
AURKB,H2BC4
AURKB,DSN1
AURKB,KIF4A
AURKB,COBLL1
AURKB,PPHLN1
AURKB,RIF1
AURKB,PLEKHG6
AURKB,NSUN2
AURKB,KIF20A
AURKB,NINL
AURKB,CKAP2
AURKB,KIF2C
AURKB,NPM1
AURKB,ATM
AURKB,AURKB
AURKB,RPL21
AURKB,SH2D4A
AURKB,KNL1
AURKB,H2BC15
AURKB,SEPTIN1
AURKB,RPS10
AURKB,H3-3A
AURKB,HMGN2
AURKB,DDX52
AURKB,NFKBIA
AURKB,H2BC11
AURKB,H2BC19P
AURKB,ARHGAP21
AURKB,CBX5
AURKB,H2BC18
AURKB,HSP90AB1
AURKB,CDT1
AURKB,TP53
AURKB,NAGK
AURKB,LMO7
AURKB,HMGN5
AURKB,WWC1
AURKB,RPL8
AURKB,MIS18A
AURKB,BIRC5
AURKB,SSU72
AURKB,H2BC3
AURKB,UTP3
AURKB,SSH3
AURKB,AHNAK
AURKB,RSL1D1
AURKB,RBMX
AURKB,RBM3
AURKB,TP53BP1
AURKB,RPRD1B
AURKB,ZFYVE19
AURKB,DDX3X
AURKB,H2BC17
AURKB,HNRNPU
AURKB,MYL12B
AURKB,YY1
AURKB,PARD3
AURKB,NELFE
AURKB,PLK1
AURKB,CDCA2
AURKB,KIF23
AURKB,CCDC86
AURKB,H2BC21
AURKB,VIM
AURKB,MYH10
AURKB,CHMP4C
AURKB,H2BC12
AURKB,RBM14
AURKB,MISP
AURKB,MAPRE3
AURKB,ARHGAP23
AURKB,MCL1
AURKB,CAVIN1
AURKB,SUPT16H
AURKB,GBF1
AURKB,PRRC2C
AURKB,NUDC
AURKB,NUSAP1
AURKB,MKI67
AURKB,CENPA
AURKB,RASSF1
AURKB,DDA1
AURKB,MPHOSPH10
AURKB,PKM
AURKB,USP13
AURKB,DDX3Y
AURKB,HDAC5
AURKB,PLEC
AURKB,RBMXL1
RPS6KA2,RPS6KA2
RPS6KA2,CREB1
RPS6KA2,ATXN1
FAM20C,FGF23
FAM20C,HRC
BLK,FCGR2A
BLK,FCGR2B
BLK,SOCS1
BLK,CGAS
BLK,FCGR2C
BRD4,POLR2A
ROCK2,MYL9
ROCK2,CFL1
MYLK,MYL12A
MYLK,MYL9
BCKDK,BCKDHA
BCKDK,BCKDHB
NEK2,NEK2
NEK2,TRIOBP
NEK2,CEP250
NEK2,CNTROB
NEK2,NPM1
NEK2,SGO1
NEK2,EEF2
NEK2,DVL3
NEK2,FANCA
NEK2,LRRC45
NEK2,GAS2L1
NEK2,PPP1CC
NEK2,CD274
NEK2,TERF1
NEK2,NDC80
NEK2,TP53
PIM1,UHRF1
PIM1,CAPZA1
PIM1,CDKN1A
PIM1,DNM1L
PIM1,MARK3
PIM1,CBX8
PIM1,NFATC1
PIM1,RUNX3
PIM1,DEPDC5
PIM1,CDKN1B
PIM1,NKX3-1
PIM1,MDM2
PIM1,H3C1
PIM1,ABCG2
PIM1,STAT5B
PIM1,AR
PIM1,MYC
PIM1,HBP1
PIM1,CAPZB
PIM1,MAP3K5
PIM1,BAD
PIM1,POU5F1
PIM1,IRS1
PIM1,FOXO3
PIM1,NOS3
PIM1,IRS2
PIM1,HIF1A
PIM1,PSMD2
PIM1,RELA
PIM1,NDRG1
PIM1,EPAS1
PIM1,CXCR4
PIM1,FOXP3
STK4,TNNI3
STK4,PRDX1
STK4,NR3C1
STK4,STK4
STK4,FOXO1
STK4,ABL1
STK4,H2BC3
STK4,STK38
STK4,FOXO3
STK4,UNC5B
STK4,BECN1
STK4,IRF3
STK4,AURKB
STK4,MAP1LC3B
STK4,MOB1B
STK4,ITGA2
STK4,H2AX
MOS,VIM
PRKCZ,RPS6KB2
MAP4K3,TFEB
MAP4K3,MAP4K3
MAP4K3,IQGAP1
MAP4K3,PRKCQ
FAM20C,P4HB
FAM20C,AHSG
FAM20C,FAM20C
FAM20C,PCSK9
FAM20C,VWF
FAM20C,PCSK7
FAM20C,ERO1A
MAPK14,PSMD1
MAPK14,TAB3
PRKCD,PLSCR1
PRKCD,GRK2
EPHA4,EPHA4
HCK,WAS
SRPK2,LGMN
SRPK2,ACIN1
SRPK2,SRPK2
SRPK2,MAPT
CDK11A,CDK11B
PRKX,SMAD6
PRKX,PKD1
MAPK6,NCOA3
MAPK6,MAPK6
MAPK6,TDP2
CAMK2G,CAMK2G
CAMK2G,DAB2
CAMK2G,NR1H2
CAMK2G,OCLN
CAMK2G,CACNA1H
PDK1,PDHA2
MAPK8,SIRT1
MAPK8,YAP1
MAPK8,MAPT
MAPK8,JUNB
MAPK8,EIF4ENIF1
MAPK8,EEF1A2
MAPK8,ATF2
MAPK8,APP
MAPK8,FOXO3
MAPK8,RARA
MAPK8,ATN1
MAPK8,NR4A1
MAPK8,WDR62
MAPK8,SP1
MAPK8,SFN
MAPK8,MAPK8IP1
MAPK8,RBM17
MAPK8,LAT
MAPK8,STAT6
MAPK8,CTBP1
MAPK8,NFATC4
MAPK8,JUND
MAPK8,LIMD1
MAPK8,CTNNB1
MAPK8,BCL2L1
MAPK8,GRB7
MAPK8,GLE1
MAPK8,CDT1
MAPK8,MCL1
MAPK8,CDC25C
MAPK8,RPTOR
MAPK8,NEIL1
MAPK8,PPARG
MAPK8,BID
MAPK8,NCOA3
MAPK8,KRT8
MAPK8,BCL2L11
MAPK8,JUN
MAPK8,PKM
MAPK8,PIN1
MAPK8,STMN2
MAPK8,NLRP3
MAPK8,AR
MAPK8,STAT3
MAPK8,HNRNPK
MAPK8,DIABLO
MAPK8,OSBP2
MAPK8,CDKN1A
MAPK8,CDC25B
MAPK8,GLI2
MAPK8,STMN3
MAPK8,NFE2
MAPK8,FOXO4
MAPK8,SREBF1
MAPK8,NR3C1
MAPK8,TP53
MAPK8,BCL2
MAPK8,SYT4
MAPK8,MYC
MAPK8,SARM1
MAPK8,RXRA
MAPK8,TP63
MAPK8,PXN
MAPK8,RUNX2
MAPK8,ARHGAP8
MAPK8,TWIST1
MAPK8,ELF4
MAPK8,STK4
MAPK8,DGCR8
MAPK8,AIMP1
MAPK8,MARCKS
MAPK8,SIRT6
MAPK8,BMF
MAPK8,SND1
MAPK8,CDK4
MAPK8,GNMT
MAPK8,NFATC1
MAPK8,IRS1
MAPK8,TAB1
MAPK8,YWHAZ
MAPK8,YWHAB
MAPK8,IRF3
MAPK8,DCP1A
MAPK8,APLP2
MARK3,MEF2C
MARK3,PPP1R2
MARK3,CDC25C
MARK3,TNK1
MARK3,FEZ1
MARK3,ARHGEF2
AKT2,ATP7A
AKT2,PKP1
AKT2,EGFR
AKT2,EZR
AKT2,CBY1
AKT2,HSF1
AKT2,BMI1
AKT2,ADAR
AKT2,FLNC
AKT2,IRS2
AKT2,H3C1
AKT2,WIPF1
AKT2,EDC3
AKT2,PHB2
AKT2,CHUK
AKT2,ADARB1
AKT2,PPIF
AKT2,GAPDH
AKT2,MAP3K5
AKT2,HTRA2
AKT2,XIAP
AKT2,CYCS
AKT2,GATA6
AKT2,ESR1
AKT2,RACGAP1
AKT2,NF2
AKT2,KHSRP
AKT2,PIP5K1C
AKT2,MAT1A
AKT2,CTNNB1
AKT2,ANKRD2
AKT2,C2CD5
AKT2,SH3RF1
AKT2,PDK1
HIPK3,DAXX
PRKCB,ANXA1
PRKCB,ANXA2
PRKCB,LIN28B
PRKCB,ORAI1
PRKCB,KCNC4
PRKCB,PIK3CG
PRKCB,AKT1
PRKCB,IBTK
PRKCB,EPHA2
PRKCB,PRKAA1
PRKCB,NOX5
PRKCB,EPB41
PRKCB,STMN1
PRKCB,TYR
PRKCB,MSX2
PRKCB,SHC1
PRKCB,TRPM8
PRKCB,GRN
PRKCB,OCLN
PRKCB,CFLAR
PRKCB,CLDN1
PRKCB,KLHL3
PRKCB,IRS1
PRKCB,ILF3
PRKCB,H3C1
PRKCB,FCER1G
PBK,TP53RK
PBK,ULK1
PBK,H3C1
PBK,JUN
PBK,GPSM2
PBK,PRDX1
PASK,PASK
PASK,EEF1A1
PASK,WDR5
BRAF,SLC9A1
BRAF,EEF1A1
BRAF,MAP2K1
BRAF,EEF1A2
BRAF,TTK
BRAF,BAD
BRAF,MAP2K2
BRAF,NANOG
BRAF,BRAF
NEK9,NEK9
NEK9,NEDD1
NEK9,MAP1LC3B
NEK9,NEK7
NEK9,NEK6
MYLK,MYL2
MYLK,MYL12B
CDK15,PAK4
PRKCG,HSP90AA1
PRKCG,DNAJC5
PRKCG,MAPT
PRKCG,DAB2
PRKCG,KCNC4
PRKCG,CHAT
PRKCG,NGFR
PRKCG,GSK3A
PRKCG,NADK
PRKCG,KIR3DL1
PRKCG,GSK3B
PRKCG,TRPC3
PRKCG,MMP14
PRKCG,RPS6KB2
PRKCG,ARHGEF7
PRKCG,GRK2
PRKCG,C5AR1
PRKCG,APTX
PRKCG,CD5
VRK3,BANF1
FLT3,FLT3
FLT3,IDH1
FLT3,PDHA1
FLT3,PDK1
SRPK1,SRPK1
SRPK1,SRSF1
SRPK1,RBM8A
SRPK1,RBM4
PRKCZ,PTEN
PRKCZ,MARK2
PRKCZ,MAPT
PRKCZ,RND3
PRKCZ,BLVRA
PRKCZ,GSK3B
PRKCZ,NUMB
PRKCZ,STK11
PRKCZ,AQP9
PRKCZ,NCOA3
PRKCZ,OCLN
PRKCZ,MARK3
PRKCZ,PLA2G4A
PRKCZ,PPP1R14A
PRKCZ,EPHA2
PRKCZ,PHGDH
PRKCZ,PIAS4
PRKCZ,CTNNB1
PRKCZ,MYH10
PRKCZ,CASP9
PRKCZ,HMGB1
PRKCZ,SNAI1
PRKCZ,CHAT
PRKCZ,YAP1
PRKCZ,NREP
PRKCZ,GEM
PRKCZ,AGER
PRKCZ,NCF1
PRKCZ,RELA
PRKCZ,PARD6A
PRKCZ,VIM
PRKCZ,KLF10
PRKCZ,SP1
PRKCZ,BAX
PRKCZ,SMARCD3
PRKCZ,MAP1LC3B
PRKCZ,NR1H4
PRKCZ,IRS1
PRKCZ,ADD2
PRKCZ,ADD1
PRKCZ,STOML2
PRKCZ,ADARB1
PRKCZ,NR0B2
PRKCZ,HABP4
PRKCZ,IKBKB
PRKCZ,WWC1
PRKCZ,TRAF2
PRKCZ,NFE2L2
WEE1,HSP90AA1
WEE1,CDK2
WEE1,CDK1
WEE1,ERG
PLK3,ATF2
PLK3,YWHAE
PLK3,TOP2A
PLK3,CALU
PLK3,CHEK2
PLK3,HSP90AB1
PLK3,CDC25C
PLK3,SNCB
PLK3,BCL2L1
PLK3,SNCA
PLK3,HIF1A
PLK3,NPM1
PLK3,JUN
PLK3,TP53
PLK3,CCNB1
PLK3,CASP8
PLK3,VRK1
PLK3,OCLN
CDK13,SERINC5
CDK13,POLR2A
MAPK10,APP
MAPK10,ATN1
MAPK10,BID
MAPK10,MYC
MAPK10,OSBP2
MAPK10,CDKN1A
MAPK10,NFATC1
MAPK10,APLP2
NEK1,ME1
NEK1,VHL
NEK1,RAD54L
NEK1,VDAC1
NEK1,NDC80
JMJD6,H2AX
CDK20,CILK1
CDK20,CDK2
MAPK3,RPS6KA1
MAPK3,SMAD3
CSNK1G3,LYN
CAMK1,NUMB
CAMK1,KRT18
AXL,MLKL
AXL,ELMO2
AXL,AKT1
AXL,STAT5A
AXL,ELMO1
AXL,STAT3
AXL,LCK
AXL,FYN
AXL,LYN
AXL,HCK
AXL,STAT5B
AXL,SRC
AXL,YES1
DAPK3,PPP1R14A
DAPK3,DAPK3
DAPK3,LMO7
DAPK3,MYL9
DAPK3,MDM2
DAPK3,CDKN1A
DAPK3,BECN1
DAPK3,TRIP12
DAPK3,RPL13A
DAPK3,MYL12B
DAPK3,TP53
DAPK3,CDC14A
FGFR2,FGFR2
FGFR2,CTNNB1
FGFR2,PTEN
FGFR2,GRB2
BRSK1,PRKAA1
BRSK1,CDC25B
BRSK1,CDC25C
BRSK1,BRSK1
BRSK1,WEE1
TNK2,AR
TNK2,TNK2
TNK2,H4C1
TNK2,WWOX
TNK2,KDM3A
TNK2,WAS
AKT3,HSF1
AKT3,ADAR
AKT3,ADARB1
AKT3,NCF1
AKT3,AGO2
AKT3,IWS1
AKT3,CYCS
AKT3,TBX3
AKT3,BRAF
AKT3,NF2
AKT3,EMSY
AKT3,IRF3
MAP3K1,MAFA
MAP3K1,MAP2K7
MAP3K1,NOTCH1
MAP3K1,FADD
TP53RK,TP53
ALK,ALK
ALK,ELP3
ALK,SFPQ
ALK,ATIC
ALK,STAT3
ALK,PTPN11
ALK,SRCIN1
ALK,VASP
ALK,GRB2
RPS6KA5,RPS6KA5
RPS6KA5,LRRC8A
RPS6KA5,RARA
RPS6KA5,H3C1
RPS6KA5,SRF
RPS6KA5,H2AC17
RPS6KA5,CBX3
RPS6KA5,CREB1
RPS6KA5,KDM3A
RPS6KA5,ATXN1
RPS6KA5,ATF1
RPS6KA5,RELA
RPS6KA5,WNK1
RPS6KA5,ELK1
RPS6KA5,TH
EGFR,GNAI1
EGFR,GSTP1
EGFR,SHC1
EGFR,VAV2
EGFR,CTNNB1
EGFR,GAB1
EGFR,BECN1
EGFR,GPRC5A
EGFR,SQSTM1
EGFR,SCD
EGFR,ANXA1
EGFR,HIP1
EGFR,PTPN1
EGFR,EGFR
EGFR,SHC3
EGFR,KCNJ4
EGFR,PPP2CA
EGFR,PKM
EGFR,USP8
EGFR,ASAP3
EGFR,KCNN1
EGFR,CCDC88A
EGFR,AGO2
EGFR,PRKDC
EGFR,PFKP
EGFR,STING1
EGFR,CCDC50
EGFR,PLCG1
EGFR,PTK2
EGFR,PCNA
EGFR,SPRED1
EGFR,PLD2
EGFR,EPB41
EGFR,NIBAN2
EGFR,HDAC6
EGFR,LRRK1
EGFR,ATM
EGFR,PDP1
EGFR,HDAC1
EGFR,TLR3
EGFR,ABCA1
EGFR,RGS16
EGFR,CCDC88C
EGFR,EZR
EGFR,TRIP13
EGFR,LYN
EGFR,SOX2
EGFR,IKBKE
EGFR,KCND3
EGFR,MYL12A
EGFR,PPARD
EGFR,PPARG
PAK2,MYC
PAK2,ARHGAP15
PAK2,H4C1
PAK2,JUN
PAK2,CALD1
PAK2,SORT1
PAK2,CASP7
PAK2,ABL1
PAK2,PAK2
PAK2,SMAD2
PAK2,NF2
PAK2,EIF4G1
PAK2,PXN
PAK2,MAPK6
PAK2,PREX2
PAK2,HACE1
MAP4K5,GSK3B
MAPK9,ARNTL
MAPK9,RPS6KB1
STK17A,TP53
MAPK15,MAPK15
MAPK15,NFKBIA
MAPK15,JUN
AKT1,DIABLO
AKT1,TFEB
AKT1,PLCG1
AKT1,MAP3K11
AKT1,TBC1D4
AKT1,RALGAPA2
AKT1,PHB
AKT1,PCK1
AKT1,STK4
AKT1,PRKAA1
AKT1,TOPBP1
AKT1,TWIST1
AKT1,SLC9A1
AKT1,EGFR
AKT1,CABLES1
AKT1,CDKN1A
AKT1,BTK
AKT1,MITF
AKT1,IRAK1
AKT1,PPP1CA
AKT1,SKI
AKT1,CARD11
AKT1,FOXO4
AKT1,RARA
AKT1,TP53RK
AKT1,KRT19
AKT1,YWHAZ
AKT1,CBY1
AKT1,CELF1
AKT1,PDCD4
AKT1,CDKN1C
AKT1,PHF20
AKT1,HSF1
AKT1,BMI1
AKT1,CLK2
AKT1,MTOR
AKT1,PYGO2
AKT1,ACLY
AKT1,PFKFB2
AKT1,NUAK1
AKT1,AURKB
AKT1,ADAR
AKT1,INVS
AKT1,DEPDC5
AKT1,CDKN1B
AKT1,SRSF3
AKT1,STK3
AKT1,BRCA1
AKT1,KMT2D
AKT1,ZFP36L1
AKT1,RNF11
AKT1,FLNC
AKT1,ACAP1
AKT1,USP4
AKT1,LONP1
AKT1,SP1
AKT1,RUNX2
AKT1,NQO1
AKT1,MXD1
AKT1,BECN1
AKT1,RBM8A
AKT1,YBX1
AKT1,MDM2
AKT1,KDM5A
AKT1,GATA2
AKT1,CCNF
AKT1,PTK2
AKT1,ADRB2
AKT1,USP14
AKT1,NR3C1
AKT1,PKM
AKT1,HES5
AKT1,RPL13
AKT1,VCP
AKT1,CREBBP
AKT1,ZNF322
AKT1,COPS6
AKT1,EDC3
AKT1,PIK3R6
AKT1,ITCH
AKT1,TKT
AKT1,FANCA
AKT1,CDCA7
AKT1,H2BC11
AKT1,TERF1
AKT1,EP300
AKT1,ALYREF
AKT1,PHB2
AKT1,METTL1
AKT1,BCL10
AKT1,GJA1
AKT1,TSC2
AKT1,FOXO1
AKT1,SSH1
AKT1,CHUK
AKT1,AGAP2
AKT1,SIRT6
AKT1,YAP1
AKT1,BABAM1
AKT1,ADARB1
AKT1,TBC1D1
AKT1,MAP2K4
AKT1,TIFA
AKT1,TERT
AKT1,RARG
AKT1,AR
AKT1,DLC1
AKT1,PFKFB3
AKT1,EPHA2
AKT1,RPS3A
AKT1,CFLAR
AKT1,H2BC3
AKT1,DNMT1
AKT1,SCYL1
AKT1,CYTH2
AKT1,EYA1
AKT1,TAL1
AKT1,BAD
AKT1,NIBAN1
AKT1,HNRNPA1
AKT1,SMAD3
AKT1,PTPN1
AKT1,AKT1
AKT1,NCL
AKT1,RPL7A
AKT1,NCF1
AKT1,HTT
AKT1,FBXW7
AKT1,MST1R
AKT1,VDAC2
AKT1,RAC1
AKT1,GSK3A
AKT1,NSD2
AKT1,HSPB1
AKT1,PPAT
AKT1,USP35
AKT1,TTC3
AKT1,PLD2
AKT1,MDM4
AKT1,ARHGAP22
AKT1,NOS3
AKT1,HK2
AKT1,SKP2
AKT1,TARBP2
AKT1,LMNA
AKT1,CASP9
AKT1,CCDC88A
AKT1,FLII
AKT1,ZRANB1
AKT1,MAP3K5
AKT1,HTRA2
AKT1,NDRG2
AKT1,NCOR1
AKT1,PCGF2
AKT1,ITGB3
AKT1,WT1
AKT1,XIAP
AKT1,GSK3B
AKT1,RANBP3
AKT1,EZH2
AKT1,TMIGD2
AKT1,ARHGAP19
AKT1,IWS1
AKT1,FBXO31
AKT1,SLC7A11
AKT1,CYCS
AKT1,KAT6A
AKT1,ACOT4
AKT1,ACIN1
AKT1,ESR1
AKT1,MASTL
AKT1,CDK2
AKT1,FOXG1
AKT1,BRAF
AKT1,CARHSP1
AKT1,SLC9A3R1
AKT1,ARFIP2
AKT1,TENT2
AKT1,TBC1D7
AKT1,RPS6
AKT1,CHEK1
AKT1,SH3BP4
AKT1,GAB2
AKT1,DNM1L
AKT1,ATXN1
AKT1,LARP6
AKT1,WNK1
AKT1,LTB4R2
AKT1,FLNA
AKT1,WEE1
AKT1,CCT2
AKT1,MAP3K8
AKT1,PARK7
AKT1,VIM
AKT1,UBE2S
AKT1,SSB
AKT1,HSPA1B
AKT1,MAPKAP1
AKT1,MVD
AKT1,CBX3
AKT1,ZYX
AKT1,FAF1
AKT1,RGCC
AKT1,NPM1
AKT1,KHSRP
AKT1,PIP5K1C
AKT1,ILF3
AKT1,SYTL1
AKT1,CTNNB1
AKT1,PACS2
AKT1,TSPYL5
AKT1,S1PR1
AKT1,NHEJ1
AKT1,PIKFYVE
AKT1,ATG4B
AKT1,RICTOR
AKT1,FOXA2
AKT1,PALLD
AKT1,SH3RF1
AKT1,HJURP
AKT1,IRS1
AKT1,PDK1
AKT1,H3C14
AKT1,CASTOR1
AKT1,SRPK2
AKT1,GATA1
AKT1,H3C1
AKT1,NLRP3
AKT1,KCNH2
AKT1,CSNK2A1
AKT1,DOCK6
AKT1,KRT8
AKT1,H2BC18
AKT1,EMSY
AKT1,PEA15
AKT1,RPS6KA3
AKT1,MAZ
AKT1,HMOX1
AKT1,TIAM1
RET,PTK2
RET,ATF4
RET,MAPK9
RET,MAPK8
RET,PIK3R1
RET,PDPK1
RET,DOK1
RET,PLCG1
RET,AFAP1L2
RET,AKT1
RET,MAPK1
RET,MAPK3
RET,MAPK14
TESK1,DSTN
CDK5,PPP1R1A
LYN,NMT1
LYN,ABL1
LYN,YY1
LYN,AKAP8
LYN,GCSAM
LYN,ACLY
LYN,RGS16
LYN,SLC4A1
LYN,PTPN6
LYN,FCGR2A
LYN,CSF2RB
LYN,RMDN3
LYN,TRIM28
LYN,CASP8
LYN,SYK
LYN,CD19
LYN,IRF5
LYN,LY96
LYN,CDKN1B
LYN,FCGR2B
LYN,PTEN
LYN,LAT2
LYN,CBL
LYN,IKBKB
LYN,PEAK1
LYN,CDK4
LYN,SOCS1
LYN,LYN
LYN,PTGS2
LYN,FCGR2C
LYN,BCR
LYN,BTK
LYN,SLAMF1
LYN,LASP1
LYN,WAS
LYN,SLCO1B1
LYN,MCM7
LYN,DAPP1
LYN,PPP1R8
LYN,IKBKG
RPS6KA3,NFATC4
RPS6KA3,WWC1
RPS6KA3,TH
RPS6KA3,RIOK2
RPS6KA3,EIF2AK2
RPS6KA3,YBX1
RPS6KA3,TINF2
RPS6KA3,RRN3
RPS6KA3,LCP1
RPS6KA3,MYL12A
RPS6KA3,TBX21
RPS6KA3,MAP3K5
RPS6KA3,DAPK1
RPS6KA3,STAT3
RPS6KA3,STMN1
RPS6KA3,EPHA2
RPS6KA3,BAD
RPS6KA3,NFKBIA
RPS6KA3,GSK3A
RPS6KA3,PPP1R3A
RPS6KA3,CASP8
RPS6KA3,CREB1
RPS6KA3,GSK3B
RPS6KA3,RANBP3
RPS6KA3,ESR1
RPS6KA3,H2AX
RPS6KA3,RPS6
RPS6KA3,VGLL1
RPS6KA3,RELA
RPS6KA3,ATF4
RPS6KA3,FOXN2
RPS6KA3,H2BC3
RPS6KA3,FGFR1
RPS6KA3,SLC9A3
RPS6KA3,CIC
RPS6KA3,EIF2S1
RPS6KA3,KCNK3
TTBK2,SV2A
TTBK2,CEP83
TTBK2,KIF2A
BTK,GTF2I
BTK,PLCG2
BTK,TIRAP
BTK,BMX
BTK,IKZF1
BTK,TEC
BTK,NFKBIA
BTK,ITK
BTK,DDX41
BTK,TP53
CAMK2G,STAT1
IRAK4,PELI1
IRAK4,NCF1
IRAK4,IRAK4
IRAK4,IRAK1
MAPK8,ARNTL
MAPK8,RPS6KB1
TNIK,SMAD1
TNIK,TCF7L2
TNIK,HTT
ADRBK1,PDGFRB
ADRBK1,ADRB2
ADRBK1,MC4R
TTBK1,MAPT
PRKG2,IRAG1
LYN,STAT5A
MAP3K20,H3C1
MAP3K20,MAP3K20
MAP3K20,CHEK2
MAP3K4,MAP3K4
PTK2,YAP1
PRKACA,CSF2RB
PRKACA,PLCL1
NUAK1,CDKN1A
NUAK1,PPP1R12A
NUAK1,MAPT
NUAK1,CASP6
NUAK1,TP53
NUAK1,LATS1
ULK2,STING1
ULK2,BECN1
ULK2,RPTOR
ULK2,DENND3
ULK2,SEC16A
ULK2,PIK3C3
