id,residue,position
AAK1-S637,S,637
AAK1-S678,S,678
AAK1-T674,T,674
AASDH-S649,S,649
AATF-S320,S,320
AATF-S321,S,321
ABCC4-T648,T,648
ABCF1-S166,S,166
ABI1-S222,S,222
ABI1-S225,S,225
ABI3-S170,S,170
ABI3-T163,T,163
ABI3-T176,T,176
ABL1-S683,S,683
ABLIM1-S455,S,455
ABLIM1-S655,S,655
ABLIM1-Y461,Y,461
ABR-S638,S,638
ACACA-S80,S,80
ACAP1-T389,T,389
ACIN1-S400,S,400
ACIN1-T254,T,254
ACIN1-T682,T,682
ACLY-S455,S,455
ADAM17-T735,T,735
ADAR-S823,S,823
ADAR-T601,T,601
ADD1-Y389,Y,389
ADD3-S683,S,683
ADRM1-T217,T,217
AEBP2-S141,S,141
AFDN-S1182,S,1182
AFDN-S1799,S,1799
AFDN-T249,T,249
AFF4-S487,S,487
AFTPH-S376,S,376
AFTPH-T375,T,375
AFTPH-T617,T,617
AGAP2-S818,S,818
AGAP2-S927,S,927
AGAP2-T925,T,925
AGFG1-T177,T,177
AHCTF1-S1214,S,1214
AHCTF1-S1216,S,1216
AHNAK-S135,S,135
AHNAK-S5737,S,5737
AHNAK-S5782,S,5782
AHNAK-S5830,S,5830
AHNAK-T5845,T,5845
AIMP1-S140,S,140
AKAP10-S281,S,281
AKAP11-S288,S,288
AKAP11-S444,S,444
AKAP11-S448,S,448
AKAP13-S1683,S,1683
AKAP13-S2563,S,2563
AKAP13-S2567,S,2567
AKAP13-S2709,S,2709
AKAP13-S2720,S,2720
AKAP13-S2728,S,2728
AKAP13-T1930,T,1930
AKAP1-S107,S,107
AKAP1-S151,S,151
AKAP5-S178,S,178
AKNA-S303,S,303
AKT1S1-S88,S,88
AKT1S1-S92,S,92
AKT3-S476,S,476
ALG3-S11,S,11
ALKBH5-Y372,Y,372
AMPD2-S22,S,22
AMPD2-S46,S,46
ANAPC2-S314,S,314
ANK3-S4342,S,4342
ANKHD1-S1670,S,1670
ANKLE2-S268,S,268
ANKLE2-S905,S,905
ANKRD12-S1311,S,1311
ANKRD17-S1696,S,1696
ANKRD17-S1700,S,1700
ANKRD17-S2045,S,2045
ANKRD17-S2047,S,2047
ANKRD17-S2401,S,2401
ANKS1A-S647,S,647
ANLN-S339,S,339
ANP32A-S17,S,17
AP3D1-S658,S,658
APC-S1774,S,1774
APOBR-S175,S,175
APOBR-T572,T,572
ARAF-S186,S,186
ARAF-S257,S,257
ARAF-T181,T,181
ARAP1-S229,S,229
ARAP1-Y231,Y,231
AREL1-S339,S,339
AREL1-T343,T,343
ARFGAP1-S150,S,150
ARFGAP1-S343,S,343
ARFGAP2-S240,S,240
ARFGEF2-S1511,S,1511
ARFGEF2-T243,T,243
ARFGEF2-T244,T,244
ARHGAP10-S591,S,591
ARHGAP11A-S847,S,847
ARHGAP11A-S875,S,875
ARHGAP11A-T323,T,323
ARHGAP12-S215,S,215
ARHGAP12-Y243,Y,243
ARHGAP17-S676,S,676
ARHGAP17-S808,S,808
ARHGAP25-S379,S,379
ARHGAP25-T442,T,442
ARHGAP30-S1086,S,1086
ARHGAP30-S822,S,822
ARHGAP30-T1020,T,1020
ARHGAP35-S1150,S,1150
ARHGAP35-S1179,S,1179
ARHGAP35-S589,S,589
ARHGAP35-S985,S,985
ARHGAP35-Y1105,Y,1105
ARHGAP45-S23,S,23
ARHGAP45-S25,S,25
ARHGAP45-S578,S,578
ARHGAP45-S592,S,592
ARHGAP45-T600,T,600
ARHGAP45-T603,T,603
ARHGAP4-S906,S,906
ARHGAP5-S1195,S,1195
ARHGAP5-S1202,S,1202
ARHGAP9-S475,S,475
ARHGDIA-S34,S,34
ARHGEF12-S1288,S,1288
ARHGEF1-S786,S,786
ARHGEF2-S174,S,174
ARHGEF2-S645,S,645
ARHGEF6-S150,S,150
ARHGEF6-S561,S,561
ARHGEF6-S640,S,640
ARHGEF6-S684,S,684
ARHGEF7-S694,S,694
ARID1A-S1184,S,1184
ARID1A-S1600,S,1600
ARID1A-T1599,T,1599
ARID1A-Y762,Y,762
ARID2-S1300,S,1300
ARID2-Y1299,Y,1299
ARID4A-S1111,S,1111
ARID4B-Y795,Y,795
ARID5A-S23,S,23
ARK2N-S143,S,143
ASAP1-S843,S,843
ASB3-S35,S,35
ASXL1-S509,S,509
ASXL2-T148,T,148
ATAD2-S1151,S,1151
ATAD2-S1157,S,1157
ATAD2-S1255,S,1255
ATAD2-S342,S,342
ATAD2-S61,S,61
ATAD2-T1152,T,1152
ATAD2-T1158,T,1158
ATAD5-S306,S,306
ATAD5-S356,S,356
ATAD5-S602,S,602
ATAD5-S86,S,86
ATF2-S62,S,62
ATF7IP-S559,S,559
ATG16L1-S287,S,287
ATN1-S661,S,661
ATP2B1-S1139,S,1139
ATP2B1-S1140,S,1140
ATP2B4-S328,S,328
ATP5F1B-S253,S,253
ATRX-S1061,S,1061
ATRX-S34,S,34
ATRX-S596,S,596
ATXN1-S775,S,775
ATXN2L-S335,S,335
ATXN2L-S341,S,341
ATXN2L-S684,S,684
ATXN2-S554,S,554
ATXN2-S558,S,558
ATXN7L3-S281,S,281
BACH2-S337,S,337
BAD-S118,S,118
BAD-Y76,Y,76
BAG3-S289,S,289
BAP1-S292,S,292
BAZ1A-S1320,S,1320
BAZ1A-S961,S,961
BAZ1B-S160,S,160
BAZ1B-S347,S,347
BAZ2A-S1184,S,1184
BAZ2A-S1747,S,1747
BCCIP-S234,S,234
BCL10-S48,S,48
BCL11B-S169,S,169
BCL11B-S772,S,772
BCL11B-T417,T,417
BCL7B-S114,S,114
BCL7B-S122,S,122
BCL7C-T118,T,118
BCL9L-S118,S,118
BCL9L-S88,S,88
BCL9L-S987,S,987
BCL9L-T989,T,989
BCLAF1-S153,S,153
BCLAF1-S300,S,300
BCORL1-Y1508,Y,1508
BIN1-S331,S,331
BIN2-S277,S,277
BIN2-T500,T,500
BIRC6-S1248,S,1248
BLM-S499,S,499
BLTP1-S2755,S,2755
BLTP3A-S1106,S,1106
BMP2K-S1107,S,1107
BOD1L1-S2815,S,2815
BOD1L1-S2986,S,2986
BOD1L1-S635,S,635
BOD1L1-S800,S,800
BOD1L1-T2956,T,2956
BORA-S190,S,190
BORA-S191,S,191
BORA-S239,S,239
BORA-S252,S,252
BORCS5-S75,S,75
BORCS6-S168,S,168
BRAF-S419,S,419
BRAF-S447,S,447
BRAP-S93,S,93
BRAP-S97,S,97
BRAP-Y389,Y,389
BRD7-S289,S,289
BRIX1-S261,S,261
BSG-S367,S,367
BSG-S368,S,368
BSG-T237,T,237
BTF3-S173,S,173
BTF3-T82,T,82
BUB3-S325,S,325
BUD13-S163,S,163
BUD13-S240,S,240
BUD13-S271,S,271
BUD13-S391,S,391
BUD13-T135,T,135
BZW1-S413,S,413
C15orf39-S467,S,467
C15orf39-T472,T,472
C19orf47-S151,S,151
C2CD2L-S466,S,466
C2CD5-S662,S,662
C2orf49-S143,S,143
C2orf49-S184,S,184
C2orf49-S193,S,193
C8orf33-T19,T,19
CAAP1-S312,S,312
CAMK1-S324,S,324
CAMK2D-S330,S,330
CAMK4-S341,S,341
CAMK4-S343,S,343
CAMKK1-S74,S,74
CAMSAP1-T1129,T,1129
CAPZA2-S9,S,9
CARD11-S448,S,448
CARD11-S512,S,512
CARD11-S541,S,541
CARD11-S886,S,886
CARD11-S925,S,925
CARHSP1-S17,S,17
CARHSP1-S30,S,30
CARHSP1-S32,S,32
CARMIL2-S1355,S,1355
CASP2-S157,S,157
CBLB-S476,S,476
CBLB-S480,S,480
CBLB-S483,S,483
CBLB-S977,S,977
CBLL1-S201,S,201
CBLL1-S290,S,290
CBLL1-T294,T,294
CBX6-T282,T,282
CBX8-S256,S,256
CC2D1A-S455,S,455
CC2D1B-S528,S,528
CCDC61-S373,S,373
CCDC61-S447,S,447
CCDC6-S244,S,244
CCDC86-S110,S,110
CCDC88B-S1348,S,1348
CCDC88B-S1379,S,1379
CCDC88B-S1380,S,1380
CCDC88B-S1408,S,1408
CCDC9-S362,S,362
CCM2-T239,T,239
CCM2-T241,T,241
CCNK-S329,S,329
CCNY-S21,S,21
CCNY-S25,S,25
CCRL2-S329,S,329
CCSER2-S488,S,488
CCT6A-S205,S,205
CD247-S146,S,146
CD247-Y142,Y,142
CD274-S283,S,283
CD2AP-S458,S,458
CD2AP-S80,S,80
CD2AP-Y541,Y,541
CD3G-S148,S,148
CD5-Y453,Y,453
CDAN1-S277,S,277
CDC23-S588,S,588
CDC25B-S230,S,230
CDC25B-S238,S,238
CDC25B-S89,S,89
CDC25C-T48,T,48
CDC27-S364,S,364
CDC42EP3-S100,S,100
CDC5L-S277,S,277
CDCA2-S1000,S,1000
CDCA2-S120,S,120
CDCA2-S210,S,210
CDCA2-S98,S,98
CDCA2-S999,S,999
CDCA5-S75,S,75
CDCA5-T111,T,111
CDCA7L-S261,S,261
CDK11A-T583,T,583
CDK12-S1053,S,1053
CDK12-T514,T,514
CDK13-S325,S,325
CDK13-S400,S,400
CDKN1A-S130,S,130
CDKN2AIP-S131,S,131
CDKN2AIP-S151,S,151
CDS2-S41,S,41
CDV3-S106,S,106
CDV3-S107,S,107
CEMIP2-Y27,Y,27
CENPE-S1389,S,1389
CEP131-S114,S,114
CEP131-S47,S,47
CEP131-S731,S,731
CEP170-S1160,S,1160
CEP170-S1270,S,1270
CEP170-S466,S,466
CEP43-S156,S,156
CEP55-S428,S,428
CEP55-T430,T,430
CETN2-S20,S,20
CFL1-S8,S,8
CHAF1A-S873,S,873
CHAMP1-S282,S,282
CHAMP1-S297,S,297
CHAMP1-S319,S,319
CHAMP1-S376,S,376
CHAMP1-S382,S,382
CHAMP1-S436,S,436
CHD1L-S888,S,888
CHD3-S1601,S,1601
CHD4-S108,S,108
CHD8-S2519,S,2519
CHEK1-Y314,Y,314
CHERP-S813,S,813
CHORDC1-T199,T,199
CIC-S105,S,105
CIC-S946,S,946
CISD2-S104,S,104
CIT-S1939,S,1939
CIT-S440,S,440
CKAP2L-S287,S,287
CLASP1-S568,S,568
CLASP1-S646,S,646
CLASP1-S649,S,649
CLASP2-S1029,S,1029
CLASP2-S1281,S,1281
CLCC1-S438,S,438
CLIP1-S195,S,195
CLIP1-S310,S,310
CLIP1-S348,S,348
CLN6-S31,S,31
CLTC-T875,T,875
CNK3-S334,S,334
CNK3-S35,S,35
CNK3-S351,S,351
CNK3-S497,S,497
CNK3-S796,S,796
CNK3-S813,S,813
CNNM3-S467,S,467
CNOT4-S432,S,432
CORO7-S465,S,465
CRKL-Y105,Y,105
CRTC2-S136,S,136
CRTC2-S623,S,623
CRTC3-S396,S,396
CRYBG1-S16,S,16
CRYBG1-S19,S,19
CRYBG1-S725,S,725
CRYBG1-S915,S,915
CSDE1-T589,T,589
CSNK1D-T344,T,344
CSRP1-S87,S,87
CTU2-S435,S,435
CUL4A-S10,S,10
CUSTOS-S179,S,179
CWC22-S27,S,27
CWC22-S28,S,28
CWF19L2-S479,S,479
CXCR4-S324,S,324
CXCR4-S325,S,325
CXCR4-S339,S,339
CXCR4-T342,T,342
CYREN-S125,S,125
CYTIP-S64,S,64
DBF4-S80,S,80
DBN1-S337,S,337
DBNL-S160,S,160
DBNL-S178,S,178
DBNL-S253,S,253
DBNL-S269,S,269
DBNL-T291,T,291
DCAF15-S359,S,359
DCK-S11,S,11
DCP1A-S525,S,525
DCP1A-T401,T,401
DCP1B-S275,S,275
DDI2-S106,S,106
DDX10-S831,S,831
DDX17-S571,S,571
DDX17-S64,S,64
DDX20-S522,S,522
DDX20-S678,S,678
DDX20-S714,S,714
DDX39A-T26,T,26
DDX3X-S90,S,90
DDX41-S68,S,68
DDX42-S754,S,754
DEAF1-S176,S,176
DEAF1-T171,T,171
DENND4A-S1151,S,1151
DENND4B-S732,S,732
DENND4B-S736,S,736
DENND4C-S741,S,741
DENND4C-T739,T,739
DENND4C-T975,T,975
DFFA-S28,S,28
DGCR8-S383,S,383
DGKQ-S26,S,26
DHCR7-S14,S,14
DHX16-S103,S,103
DIAPH3-S1091,S,1091
DIAPH3-S1093,S,1093
DIAPH3-S26,S,26
DIDO1-S1017,S,1017
DIDO1-S862,S,862
DLGAP5-S806,S,806
DMTN-S92,S,92
DMTN-S96,S,96
DMXL1-Y915,Y,915
DNAJC1-S480,S,480
DNAJC21-S370,S,370
DOCK10-S1289,S,1289
DOCK11-S12,S,12
DOCK2-S1706,S,1706
DOCK2-S1784,S,1784
DOCK2-T1797,T,1797
DOCK7-S30,S,30
DOCK8-S451,S,451
DOCK8-S936,S,936
DOK2-Y271,Y,271
DOP1B-S681,S,681
DPYSL2-S517,S,517
DPYSL2-S522,S,522
DPYSL2-T514,T,514
DTL-S487,S,487
DTL-S488,S,488
DTL-S717,S,717
DTX3L-S535,S,535
DUSP22-S60,S,60
DYNC1I2-S101,S,101
DYNC1LI1-S414,S,414
DYNC1LI1-S516,S,516
DYNLL1-Y32,Y,32
E2F7-S410,S,410
E2F8-S664,S,664
E2F8-T60,T,60
EDC3-Y141,Y,141
EEF1AKMT2-S21,S,21
EEF1D-T129,T,129
EEF2-T57,T,57
EEF2-T59,T,59
EHBP1L1-S1218,S,1218
EHBP1-S854,S,854
EIF2AK4-T667,T,667
EIF2A-S526,S,526
EIF2B4-S130,S,130
EIF3E-Y401,Y,401
EIF3E-Y445,Y,445
EIF3G-T244,T,244
EIF4B-S207,S,207
EIF4B-S497,S,497
EIF4B-S498,S,498
EIF4ENIF1-S78,S,78
EIF4ENIF1-T769,T,769
EIF4G1-S1077,S,1077
EIF4G3-S1156,S,1156
EIF4G3-S1157,S,1157
EIF4G3-S495,S,495
EIF5B-S107,S,107
EIF5B-S438,S,438
ELAVL1-S202,S,202
ELF1-S187,S,187
ELF1-Y160,Y,160
ELMO1-S344,S,344
EMB-S306,S,306
EMB-S309,S,309
EMD-S114,S,114
EMD-S120,S,120
EMD-S141,S,141
EMD-S142,S,142
EMD-S163,S,163
EMD-S171,S,171
EMD-S29,S,29
EMD-S49,S,49
EMD-T165,T,165
EML3-S176,S,176
EML3-S197,S,197
EML4-S138,S,138
EML4-S94,S,94
EMSY-S209,S,209
ENSA-S43,S,43
EP300-S12,S,12
EP300-S1726,S,1726
EP300-T887,T,887
EPB41L2-S715,S,715
EPB41L2-S87,S,87
EPB41-S521,S,521
EPB41-S542,S,542
EPB41-S712,S,712
EPB41-T195,T,195
EPRS1-S747,S,747
EPRS1-Y1028,Y,1028
ERBIN-S857,S,857
ERC1-S21,S,21
ERC1-S807,S,807
ERCC6L-S14,S,14
ERCC6-S1345,S,1345
ERF-T526,T,526
ESYT1-S1034,S,1034
ESYT2-S691,S,691
ETS1-S251,S,251
ETS1-S273,S,273
ETS1-S282,S,282
ETV3-S139,S,139
ETV3-S245,S,245
ETV3-S250,S,250
ETV6-Y27,Y,27
EVL-S152,S,152
EVL-S369,S,369
EXOSC10-T846,T,846
EZH2-S366,S,366
F11R-S284,S,284
F11R-S287,S,287
FAM169A-S619,S,619
FAM193A-S293,S,293
FAM193A-S302,S,302
FAM193A-S642,S,642
FAM53B-S167,S,167
FARP2-Y436,Y,436
FASN-T2204,T,2204
FBXO38-S724,S,724
FBXO38-T742,T,742
FBXO46-Y290,Y,290
FBXO4-S48,S,48
FGD3-S547,S,547
FIP1L1-Y505,Y,505
FKBP15-S619,S,619
FKBP15-S984,S,984
FKBP3-Y198,Y,198
FKBP8-S296,S,296
FOXK1-S428,S,428
FOXK1-Y219,Y,219
FOXN3-S412,S,412
FOXO1-S432,S,432
FOXP1-Y439,Y,439
FRMD4B-S608,S,608
FRMD4B-S628,S,628
FRYL-S1972,S,1972
FSD1-S313,S,313
FTH1-Y169,Y,169
FTSJ3-T573,T,573
FUBP1-T153,T,153
FUBP1-T87,T,87
FUS-S346,S,346
FXR1-S406,S,406
FXR1-S485,S,485
FYB1-S205,S,205
FYB1-S209,S,209
FYB1-S329,S,329
FYB1-Y571,Y,571
FYN-S26,S,26
G6PD-S132,S,132
GAPDH-T153,T,153
GAPVD1-S746,S,746
GART-S802,S,802
GATAD2A-S546,S,546
GATAD2B-S129,S,129
GATAD2B-S227,S,227
GBF1-S1298,S,1298
GBF1-S1784,S,1784
GBF1-Y1305,Y,1305
GCSAM-S102,S,102
GCSAM-S99,S,99
GEMIN5-S757,S,757
GFI1-S96,S,96
GIGYF1-S237,S,237
GIGYF1-S28,S,28
GIGYF1-S636,S,636
GIGYF2-S139,S,139
GIGYF2-S160,S,160
GIGYF2-S242,S,242
GIGYF2-S30,S,30
GIT1-S388,S,388
GIT1-S571,S,571
GIT1-S592,S,592
GIT2-S397,S,397
GLS-S95,S,95
GLUD1-T206,T,206
GMIP-S234,S,234
GMIP-S914,S,914
GMIP-T660,T,660
GOLGA3-S983,S,983
GOLGA4-S41,S,41
GOLGA8O-S371,S,371
GOLGA8O-S372,S,372
GOLGA8O-S496,S,496
GOLGA8O-S497,S,497
GON4L-S1895,S,1895
GON4L-T1841,T,1841
GPATCH4-S137,S,137
GPATCH8-S976,S,976
GPBP1L1-S76,S,76
GPKOW-T138,T,138
GPR15-S335,S,335
GPR35-S300,S,300
GPR35-S303,S,303
GPR55-S305,S,305
GPRIN3-S519,S,519
GPRIN3-T581,T,581
GRAP2-S187,S,187
GRAP2-T262,T,262
GRK2-S685,S,685
GSE1-T1094,T,1094
GSK3A-S14,S,14
GTF2I-S103,S,103
GTF3C1-S1068,S,1068
GTF3C1-S1073,S,1073
GTPBP1-S47,S,47
GTSE1-S457,S,457
GTSE1-S477,S,477
GTSE1-S575,S,575
H1-2-T4,T,4
H1-3-T10,T,10
H1-4-S89,S,89
H1-5-T39,T,39
H2BC12-S7,S,7
HAPSTR1-T214,T,214
HAUS6-S660,S,660
HAUS6-T858,T,858
HBS1L-S127,S,127
HCFC1-S598,S,598
HCLS1-S299,S,299
HCLS1-S300,S,300
HCLS1-S62,S,62
HDAC1-S346,S,346
HDAC3-S424,S,424
HDAC7-S109,S,109
HDGFL2-S369,S,369
HDGFL2-S370,S,370
HEATR1-S1195,S,1195
HELLS-S115,S,115
HELZ-S1317,S,1317
HERC1-T1429,T,1429
HIP1R-S1045,S,1045
HIPK1-T1027,T,1027
HIRIP3-S196,S,196
HIVEP1-S1735,S,1735
HIVEP2-S389,S,389
HIVEP2-S406,S,406
HLA-B-S343,S,343
HLA-E-S347,S,347
HLA-H-T97,T,97
HLA-H-Y344,Y,344
HLTF-Y394,Y,394
HMGA1-S14,S,14
HMGA1-T39,T,39
HMGB2-S35,S,35
HMGCR-S872,S,872
HMGN1-S86,S,86
HMGXB4-Y83,Y,83
HMOX2-S2,S,2
HNRNPA0-Y180,Y,180
HNRNPA1-S360,S,360
HNRNPA1-S364,S,364
HNRNPA2B1-S341,S,341
HNRNPA3-S375,S,375
HNRNPD-S80,S,80
HNRNPD-S83,S,83
HNRNPF-S104,S,104
HNRNPK-Y72,Y,72
HNRNPL-S188,S,188
HOOK1-S719,S,719
HOOK3-S707,S,707
HSH2D-S194,S,194
HSH2D-S298,S,298
HSP90B1-S523,S,523
HTT-S1874,S,1874
HTT-S1880,S,1880
HUWE1-S3802,S,3802
HUWE1-T1905,T,1905
ICE1-S944,S,944
ICE1-T1852,T,1852
IFI16-S153,S,153
IFI16-T161,T,161
IGF2R-S2204,S,2204
IGF2R-S2479,S,2479
IGF2R-S2484,S,2484
IGHMBP2-S677,S,677
IKZF1-S391,S,391
IL10RB-T317,T,317
IL16-S845,S,845
IL16-S946,S,946
INCENP-S72,S,72
INCENP-T213,T,213
INCENP-Y822,Y,822
INF2-S2,S,2
INPP5D-S1057,S,1057
INPP5D-S994,S,994
INPP5D-T153,T,153
INTS1-S13,S,13
IQGAP1-S1443,S,1443
IQGAP2-S16,S,16
IQSEC1-S89,S,89
IREB2-S177,S,177
IRF2BP2-S240,S,240
IRF2BP2-S318,S,318
IRF2BP2-S406,S,406
IRF2BP2-S455,S,455
IRF2BPL-S662,S,662
IRF2-S339,S,339
ITGAE-S1163,S,1163
ITGB7-S40,S,40
ITGB7-S44,S,44
ITPKB-S43,S,43
ITPKB-S49,S,49
ITPR3-S1832,S,1832
ITPRID2-S593,S,593
ITPRID2-T87,T,87
ITSN2-S884,S,884
ITSN2-S889,S,889
IVNS1ABP-S322,S,322
IVNS1ABP-T281,T,281
IWS1-S300,S,300
IWS1-S302,S,302
IWS1-S362,S,362
IWS1-S363,S,363
IWS1-S365,S,365
IWS1-S400,S,400
IWS1-S720,S,720
JMJD1C-S1576,S,1576
JMJD1C-S1982,S,1982
JMJD1C-S639,S,639
JMJD1C-S641,S,641
JPT2-S69,S,69
JUNB-S251,S,251
JUNB-S259,S,259
JUNB-T255,T,255
JUND-S259,S,259
KANSL3-S511,S,511
KANSL3-S515,S,515
KAT5-S190,S,190
KAT6A-S1089,S,1089
KAT6A-S1090,S,1090
KAT6A-S941,S,941
KAT6A-T1144,T,1144
KAT7-S100,S,100
KATNA1-S170,S,170
KATNBL1-S61,S,61
KCNAB2-S20,S,20
KCTD10-S23,S,23
KCTD5-S29,S,29
KDM2B-S445,S,445
KDM3A-S265,S,265
KDM3B-S289,S,289
KDM3B-S798,S,798
KDM5A-Y1595,Y,1595
KHDRBS1-S20,S,20
KHDRBS1-S29,S,29
KHDRBS1-T33,T,33
KIAA0319L-S985,S,985
KIAA0319L-T984,T,984
KIAA0930-S306,S,306
KIAA1143-S105,S,105
KIAA1143-S146,S,146
KIAA1671-S1666,S,1666
KIDINS220-S1555,S,1555
KIF13B-S658,S,658
KIF15-T1144,T,1144
KIF18B-S662,S,662
KIF18B-T674,T,674
KIF1C-S1092,S,1092
KIF20A-T857,T,857
KIF20A-Y869,Y,869
KIF21A-S853,S,853
KLC1-S521,S,521
KLF2-S177,S,177
KLF2-T173,T,173
KLHDC4-S418,S,418
KLHDC4-S424,S,424
KLHDC4-S62,S,62
KMT2A-S1837,S,1837
KMT2A-S2196,S,2196
KMT2B-S844,S,844
KMT2D-S2260,S,2260
KMT2E-T641,T,641
KNL1-S1076,S,1076
KNL1-S32,S,32
KNL1-S60,S,60
KNOP1-S127,S,127
KPNA3-S56,S,56
KRI1-S93,S,93
KRI1-S94,S,94
KRI1-S95,S,95
KRI1-S97,S,97
KTN1-S77,S,77
KTN1-S79,S,79
LAMTOR1-S26,S,26
LANCL1-T100,T,100
LARP1-S1056,S,1056
LARP1-T1071,T,1071
LARP1-T376,T,376
LARP4B-S498,S,498
LARP4B-T732,T,732
LARP4-S643,S,643
LARP4-S647,S,647
LASP1-S146,S,146
LAT2-S135,S,135
LAT-S101,S,101
LAT-S106,S,106
LAT-S109,S,109
LATS1-S181,S,181
LAT-S91,S,91
LBR-S167,S,167
LCP2-S376,S,376
LCP2-T341,T,341
LCP2-Y380,Y,380
LEMD3-S259,S,259
LEMD3-S402,S,402
LEMD3-Y258,Y,258
LENG1-S59,S,59
LEO1-T302,T,302
LIG1-S49,S,49
LIG1-S91,S,91
LIG3-S241,S,241
LIMA1-S362,S,362
LIMA1-S365,S,365
LIMA1-S369,S,369
LIMA1-S617,S,617
LIMA1-S692,S,692
LIMD1-S233,S,233
LIMD1-S240,S,240
LIME1-S70,S,70
LIME1-T274,T,274
LIMK1-S298,S,298
LIMK1-S302,S,302
LIMK1-S310,S,310
LIMK2-S289,S,289
LIPE-S855,S,855
LMNA-S628,S,628
LMNB1-T20,T,20
LMNB2-T34,T,34
LMO7-S1591,S,1591
LRCH3-S516,S,516
LRRC41-S276,S,276
LRRC41-T327,T,327
LRRFIP1-S116,S,116
LRRFIP1-S638,S,638
LRRFIP1-S766,S,766
LRRFIP1-S775,S,775
LRRFIP2-S324,S,324
LSP1-T240,T,240
LSR-S464,S,464
LUC7L-S336,S,336
LYAR-S260,S,260
LYST-S494,S,494
LYST-T497,T,497
MADD-S818,S,818
MAP2K2-S222,S,222
MAP2K2-S226,S,226
MAP2K2-T394,T,394
MAP2K4-S80,S,80
MAP2K7-T66,T,66
MAP3K1-S1018,S,1018
MAP3K1-S1043,S,1043
MAP3K3-S166,S,166
MAP3K3-Y181,Y,181
MAP3K7-S367,S,367
MAP3K7-S439,S,439
MAP3K7-S454,S,454
MAP4K4-S631,S,631
MAP4K4-S639,S,639
MAP4K4-S900,S,900
MAP4K5-S433,S,433
MAP4K5-S434,S,434
MAP4-S1000,S,1000
MAP7D1-S113,S,113
MAP7D1-S116,S,116
MAP7D1-S280,S,280
MAP7D1-S442,S,442
MAP7D1-S460,S,460
MAP7D3-S524,S,524
MAP9-S87,S,87
MAPK14-T180,T,180
MAPK14-Y182,Y,182
MAPK1-T185,T,185
MAPK1-Y187,Y,187
MAPK3-T202,T,202
MAPK3-Y204,Y,204
MAPKBP1-S1198,S,1198
MAPRE1-S155,S,155
MAPRE2-T25,T,25
MARF1-S1567,S,1567
MARF1-S1571,S,1571
MARF1-S716,S,716
MARK2-S392,S,392
MARK2-S498,S,498
MARK3-S543,S,543
MARK3-S643,S,643
MAST2-S876,S,876
MAST2-S931,S,931
MAST3-S1203,S,1203
MAST3-S1215,S,1215
MAST4-S1370,S,1370
MAST4-S1377,S,1377
MAST4-S1779,S,1779
MATR3-T150,T,150
MAX-S2,S,2
MBD4-S318,S,318
MCM2-S31,S,31
MCM2-S4,S,4
MCM3-Y708,Y,708
MCM4-S26,S,26
MCM4-T19,T,19
MCM4-T7,T,7
MDC1-S485,S,485
MDC1-S995,S,995
MDC1-T455,T,455
MDM1-S543,S,543
MDM2-S166,S,166
MED14-S1136,S,1136
MED14-S1144,S,1144
MED1-S1256,S,1256
MED1-S1463,S,1463
MED1-S1482,S,1482
MED1-S588,S,588
MEF2A-S235,S,235
METTL1-S27,S,27
MFAP1-T267,T,267
MIA2-S1125,S,1125
MICAL1-S617,S,617
MICALL1-S484,S,484
MICALL1-S486,S,486
MICALL1-T647,T,647
MIDEAS-Y624,Y,624
MIDEAS-Y630,Y,630
MIEF1-T61,T,61
MINDY1-S103,S,103
MIOS-T768,T,768
MKI67-S128,S,128
MKI67-S1380,S,1380
MKI67-S1447,S,1447
MKI67-S1496,S,1496
MKI67-S1686,S,1686
MKI67-S2173,S,2173
MKI67-S2505,S,2505
MKI67-S3249,S,3249
MKI67-S3253,S,3253
MKI67-T1167,T,1167
MKI67-T1764,T,1764
MKI67-T1897,T,1897
MKI67-T347,T,347
MKI67-Y1737,Y,1737
MKNK1-T385,T,385
MKRN2-S139,S,139
MKRN2-S365,S,365
MLLT1-S361,S,361
MMACHC-S275,S,275
MMACHC-S279,S,279
MMTAG2-S220,S,220
MNAT1-S279,S,279
MON2-S1214,S,1214
MORC2-S725,S,725
MORC2-S730,S,730
MORC2-S739,S,739
MORC2-T733,T,733
MORC3-S514,S,514
MPLKIP-Y45,Y,45
MPP1-Y48,Y,48
MPRIP-S289,S,289
MPRIP-S292,S,292
MPRIP-S891,S,891
MPZL1-S210,S,210
MRGBP-S197,S,197
MRPS36-Y67,Y,67
MRTFA-S511,S,511
MSANTD2-S13,S,13
MSH6-S309,S,309
MSL2-S447,S,447
MSL3-S400,S,400
MTA1-T564,T,564
MTDH-S308,S,308
MTHFD1-T216,T,216
MTM1-S18,S,18
MTM1-S588,S,588
MTMR12-S564,S,564
MTMR1-S49,S,49
MTMR3-S633,S,633
MTMR6-S561,S,561
MTRR-S164,S,164
MVP-S864,S,864
MYBBP1A-S1241,S,1241
MYCBP2-S2869,S,2869
MYCBP2-S2871,S,2871
MYCBP2-S3478,S,3478
MYCBP2-T2683,T,2683
MYCBP2-Y2874,Y,2874
MYH9-S1916,S,1916
MYO1F-S992,S,992
MYO9B-S1115,S,1115
MYO9B-S1972,S,1972
MYO9B-S722,S,722
MYSM1-S110,S,110
NAA10-S182,S,182
NAA10-S209,S,209
NAA30-S39,S,39
NAB1-S183,S,183
NAP1L4-S12,S,12
NAP1L4-S5,S,5
NAP1L4-S7,S,7
NAP1L4-Y55,Y,55
NBEAL2-S1384,S,1384
NBEAL2-S2739,S,2739
NBEAL2-T1388,T,1388
NCAPD2-S1333,S,1333
NCAPH2-S282,S,282
NCAPH2-S284,S,284
NCBP1-T21,T,21
NCBP3-S530,S,530
NCK1-S85,S,85
NCL-S580,S,580
NCOA2-S2,S,2
NCOA2-S771,S,771
NCOA3-S857,S,857
NCOA3-S860,S,860
NCOA5-S377,S,377
NCOA7-S208,S,208
NCOA7-S211,S,211
NCOR1-S1111,S,1111
NCOR1-S1528,S,1528
NCOR1-S1533,S,1533
NCOR1-S1543,S,1543
NCOR1-S97,S,97
NCOR2-S2058,S,2058
NDEL1-S231,S,231
NDRG1-T366,T,366
NDRG1-T375,T,375
NDRG3-S331,S,331
NDRG3-T329,T,329
NELFE-S113,S,113
NELFE-S115,S,115
NELFE-S51,S,51
NF1-S2543,S,2543
NF2-T581,T,581
NFATC2IP-S220,S,220
NFATC2-S148,S,148
NFATC2-S217,S,217
NFATC2-S221,S,221
NFATC2-S225,S,225
NFATC2-S268,S,268
NFATC2-S326,S,326
NFATC3-S269,S,269
NFIC-S339,S,339
NFIL3-S210,S,210
NFKB2-S161,S,161
NFKB2-S858,S,858
NFKBIE-S157,S,157
NFXL1-S331,S,331
NIBAN2-S692,S,692
NIFK-T277,T,277
NIPBL-T713,T,713
NIPBL-T746,T,746
NKTR-S390,S,390
NLRC3-S61,S,61
NME2-T103,T,103
NMT1-S83,S,83
NOL8-S1099,S,1099
NOL8-S267,S,267
NOL8-S432,S,432
NOP2-S58,S,58
NOSIP-S138,S,138
NR2C2-S68,S,68
NR2C2-T54,T,54
NSD1-S2573,S,2573
NSD1-S486,S,486
NSD1-S948,S,948
NSD3-S585,S,585
NSD3-S587,S,587
NUP107-S11,S,11
NUP107-S37,S,37
NUP153-S334,S,334
NUP153-S338,S,338
NUP153-S516,S,516
NUP153-T515,T,515
NUP160-S1157,S,1157
NUP188-S1709,S,1709
NUP210-S1874,S,1874
NUP214-S433,S,433
NUP214-S657,S,657
NUP50-S221,S,221
NUP88-S49,S,49
NUP98-S1034,S,1034
NUP98-T546,T,546
OCC1-S28,S,28
OCIAD1-S122,S,122
OCIAD2-S149,S,149
OPTN-S342,S,342
OPTN-S526,S,526
ORC1-S199,S,199
ORC2-T226,T,226
OSBPL11-S172,S,172
OSBPL3-S265,S,265
OSBPL3-S374,S,374
OSBPL8-S63,S,63
OSBPL8-S68,S,68
OSBP-T332,T,332
OTUD4-S443,S,443
OTUD7B-S464,S,464
OXCT1-Y174,Y,174
OXR1-S201,S,201
OXR1-S202,S,202
PAG1-S201,S,201
PAG1-S229,S,229
PAK1-S204,S,204
PAK2-S141,S,141
PAK2-S152,S,152
PAK2-S197,S,197
PALM2AKAP2-S979,S,979
PANK2-S168,S,168
PANK2-S169,S,169
PAPOLG-S525,S,525
PAPOLG-S708,S,708
PARN-S557,S,557
PARP1-S63,S,63
PATJ-S1212,S,1212
PATL1-S177,S,177
PAXX-S148,S,148
PBK-T9,T,9
PBRM1-S13,S,13
PBRM1-S948,S,948
PCBP1-S173,S,173
PCBP1-Y183,Y,183
PCBP2-S187,S,187
PCF11-S509,S,509
PCF11-S511,S,511
PCM1-S1283,S,1283
PCM1-T77,T,77
PCNP-S119,S,119
PCNT-S1653,S,1653
PCNT-S44,S,44
PCNT-S610,S,610
PCNT-T2362,T,2362
PCYT1A-S321,S,321
PDAP1-S178,S,178
PDCD4-S323,S,323
PDCD4-S457,S,457
PDE3B-S295,S,295
PDE3B-S299,S,299
PDE4A-S85,S,85
PDHA1-S232,S,232
PDHA1-S300,S,300
PDHA1-Y289,Y,289
PDIA5-S54,S,54
PDLIM2-T279,T,279
PDPK1-T10,T,10
PDPK1-T37,T,37
PEA15-S116,S,116
PEAK1-S1036,S,1036
PEAK1-S826,S,826
PECAM1-S653,S,653
PEX16-S158,S,158
PEX16-S183,S,183
PFKFB2-S466,S,466
PFKFB2-S483,S,483
PFKFB3-S461,S,461
PFKFB3-S467,S,467
PFKL-S775,S,775
PGRMC1-Y180,Y,180
PHACTR2-T25,T,25
PHACTR4-S118,S,118
PHACTR4-S131,S,131
PHACTR4-S557,S,557
PHACTR4-S628,S,628
PHC3-T614,T,614
PHF14-S835,S,835
PHF20L1-S433,S,433
PHF23-S74,S,74
PHF23-S79,S,79
PHF6-S145,S,145
PHIP-S1315,S,1315
PHIP-S674,S,674
PHKB-S700,S,700
PHKB-S701,S,701
PHRF1-S814,S,814
PHRF1-S864,S,864
PHRF1-S867,S,867
PHRF1-T1404,T,1404
PI4K2A-S44,S,44
PI4K2A-S47,S,47
PI4KA-S260,S,260
PI4KA-S265,S,265
PI4KB-S425,S,425
PI4KB-T426,T,426
PIK3C2A-S259,S,259
PIK3R5-S432,S,432
PIK3R5-S458,S,458
PIP5K1A-S475,S,475
PITPNM1-S1205,S,1205
PJA2-S323,S,323
PKP4-S337,S,337
PLCB2-S958,S,958
PLCG1-S1233,S,1233
PLCG1-S1248,S,1248
PLCH2-S595,S,595
PLCL2-S123,S,123
PLCL2-T121,T,121
PLEC-S149,S,149
PLEC-S1732,S,1732
PLEC-S4613,S,4613
PLEKHA2-S314,S,314
PLEKHA2-S349,S,349
PLEKHA3-S289,S,289
PLEKHF1-S243,S,243
PLEKHG2-S1265,S,1265
PLEKHM1-S432,S,432
PLEKHM1-T434,T,434
PLEKHO1-S227,S,227
PLEKHO1-S239,S,239
PLEKHO1-Y253,Y,253
PLIN3-S130,S,130
PLPP6-S26,S,26
PML-S504,S,504
PNKP-T122,T,122
PNN-S96,S,96
POLA1-S186,S,186
POLR1F-S304,S,304
POLR1G-S490,S,490
POLR1G-T287,T,287
POLR2A-S1864,S,1864
POLR2A-S1871,S,1871
POLR2A-Y1853,Y,1853
POLR2A-Y1860,Y,1860
POLR2M-S179,S,179
POM121C-S415,S,415
POM121C-S81,S,81
PPFIBP2-S329,S,329
PPFIBP2-S385,S,385
PPFIBP2-S387,S,387
PPHLN1-S172,S,172
PPHLN1-S201,S,201
PPIG-S753,S,753
PPIG-T358,T,358
PPIP5K2-S1180,S,1180
PPM1G-S527,S,527
PPME1-S15,S,15
PPP1R10-S247,S,247
PPP1R10-T256,T,256
PPP1R11-S77,S,77
PPP1R12A-S507,S,507
PPP1R12A-S995,S,995
PPP1R13L-S183,S,183
PPP1R13L-S187,S,187
PPP1R18-S209,S,209
PPP1R18-S213,S,213
PPP1R18-T493,T,493
PPP1R21-S101,S,101
PPP1R3E-S33,S,33
PPP2R5D-S573,S,573
PPP3CB-S478,S,478
PPP6R1-S726,S,726
PRAG1-S510,S,510
PRDM11-Y70,Y,70
PRDM2-S421,S,421
PRICKLE3-S453,S,453
PRIMPOL-S255,S,255
PRKAA1-S397,S,397
PRKAA1-T488,T,488
PRKAB1-S182,S,182
PRKAR2A-S58,S,58
PRKCB-S311,S,311
PRKCB-T314,T,314
PRKCB-T500,T,500
PRKCD-S304,S,304
PRKCD-T43,T,43
PRKCQ-S323,S,323
PRKCQ-S685,S,685
PRKCQ-T538,T,538
PRKD2-S214,S,214
PRKD2-S518,S,518
PRKD2-S710,S,710
PRKDC-T2645,T,2645
PROSER3-S356,S,356
PRPF19-S205,S,205
PRPF4B-Y140,Y,140
PRPF6-S143,S,143
PRR11-S355,S,355
PRR12-S1135,S,1135
PRR12-Y380,Y,380
PRRC2A-S1106,S,1106
PRRC2A-S166,S,166
PRRC2A-S456,S,456
PRRC2A-T1087,T,1087
PRRC2A-T1112,T,1112
PRRC2A-T172,T,172
PRRC2C-S1544,S,1544
PRRC2C-S633,S,633
PRRC2C-T1265,T,1265
PRRC2C-T1267,T,1267
PSD4-S477,S,477
PSIP1-S129,S,129
PSMB6-T65,T,65
PSTPIP1-S298,S,298
PTDSS1-S11,S,11
PTDSS1-S425,S,425
PTDSS1-S442,S,442
PTGER4-S245,S,245
PTPN1-S50,S,50
PTPN22-S449,S,449
PTPN6-Y536,Y,536
PTPN7-S143,S,143
PTPN7-T66,T,66
PTPRK-S856,S,856
PUM2-S587,S,587
PUM2-S75,S,75
PURB-S6,S,6
PVR-S406,S,406
PXN-S106,S,106
PYCR2-S304,S,304
R3HDM1-S362,S,362
R3HDM1-S381,S,381
R3HDM1-S973,S,973
RAB10-S188,S,188
RAB11FIP1-S345,S,345
RAB11FIP1-S389,S,389
RAB3GAP1-S537,S,537
RAB5A-S193,S,193
RABEP1-S407,S,407
RABGAP1-S42,S,42
RABGAP1-T1002,T,1002
RACGAP1-S203,S,203
RAF1-S296,S,296
RAF1-S301,S,301
RAF1-S43,S,43
RALBP1-S29,S,29
RALB-Y154,Y,154
RALGAPA1-S721,S,721
RALGAPA2-S820,S,820
RALGPS2-S296,S,296
RALY-S288,S,288
RALY-T286,T,286
RANBP1-S60,S,60
RANBP2-S1400,S,1400
RANBP2-S1456,S,1456
RANBP2-S1573,S,1573
RANBP2-S1869,S,1869
RANBP2-S2805,S,2805
RANBP2-T1144,T,1144
RAPGEF1-S296,S,296
RAPGEF1-S371,S,371
RAPGEF1-Y478,Y,478
RAPGEF6-S1070,S,1070
RAPGEF6-S1237,S,1237
RAPGEF6-S1427,S,1427
RASA3-S809,S,809
RASA3-Y807,Y,807
RASAL3-S164,S,164
RASAL3-S166,S,166
RASAL3-S170,S,170
RASAL3-S224,S,224
RASAL3-S228,S,228
RASAL3-S231,S,231
RASAL3-S785,S,785
RASAL3-S787,S,787
RASAL3-S790,S,790
RASAL3-S857,S,857
RASAL3-S859,S,859
RASAL3-S865,S,865
RASAL3-S949,S,949
RASAL3-T884,T,884
RASGRF2-S746,S,746
RASSF2-T137,T,137
RAVER1-T463,T,463
RB1CC1-S647,S,647
RB1-S624,S,624
RB1-S794,S,794
RB1-S795,S,795
RB1-T826,T,826
RB1-Y790,Y,790
RBBP6-S1695,S,1695
RBBP6-S1699,S,1699
RBL1-S1037,S,1037
RBL1-S640,S,640
RBL2-S1082,S,1082
RBL2-S1110,S,1110
RBL2-S1112,S,1112
RBL2-S672,S,672
RBL2-S952,S,952
RBL2-S982,S,982
RBM10-S718,S,718
RBM10-S723,S,723
RBM12B-S839,S,839
RBM14-S618,S,618
RBM14-T629,T,629
RBM15B-S267,S,267
RBM15-S128,S,128
RBM15-S212,S,212
RBM25-S675,S,675
RBM27-S769,S,769
RBM34-S14,S,14
RBM7-S136,S,136
RBM7-Y117,Y,117
RBMX-Y246,Y,246
RC3H1-S535,S,535
RCSD1-S116,S,116
RCSD1-S120,S,120
RCSD1-S127,S,127
RCSD1-S179,S,179
RCSD1-T124,T,124
RECQL4-S27,S,27
RECQL4-S323,S,323
RECQL5-S858,S,858
RELB-S573,S,573
RELL1-S244,S,244
REPIN1-S426,S,426
REPS1-S143,S,143
REPS1-S273,S,273
RERE-S594,S,594
RERE-S681,S,681
REXO4-S419,S,419
RFC1-S281,S,281
RFC1-S283,S,283
RFC1-S368,S,368
RFC1-Y67,Y,67
RFLNB-S6,S,6
RFTN1-T574,T,574
RFX1-S159,S,159
RFX7-S1081,S,1081
RFXAP-S179,S,179
RGS14-S478,S,478
RGS19-S65,S,65
RGS3-S917,S,917
RGS3-S943,S,943
RIC1-S1017,S,1017
RIC1-S1037,S,1037
RIC8A-Y435,Y,435
RICTOR-S1284,S,1284
RICTOR-S1388,S,1388
RICTOR-Y1386,Y,1386
RIF1-S2157,S,2157
RIF1-S2265,S,2265
RIF1-S2348,S,2348
RILPL2-S107,S,107
RIPK1-S330,S,330
RIPK1-S331,S,331
RIPOR1-S357,S,357
RIPOR2-S585,S,585
RNF168-S134,S,134
RNF213-T2859,T,2859
RNF214-S47,S,47
RNF31-S437,S,437
RNF31-S466,S,466
RPA2-Y20,Y,20
RPL29-S31,S,31
RPL37A-Y37,Y,37
RPP30-S251,S,251
RPRD2-S1021,S,1021
RPRD2-S374,S,374
RPRD2-S614,S,614
RPS14-T140,T,140
RPS26-S76,S,76
RPS6KA1-S363,S,363
RPS6KA1-S369,S,369
RPS6KA1-S380,S,380
RPS6KA1-T359,T,359
RPS6KA3-S227,S,227
RPS6KA3-S369,S,369
RPS6KA3-S375,S,375
RPS6KA3-T365,T,365
RPS6KB1-S441,S,441
RPS6KB1-T444,T,444
RPS6-S244,S,244
RPS9-S153,S,153
RPTOR-S122,S,122
RPTOR-T126,T,126
RRBP1-S1277,S,1277
RREB1-S120,S,120
RRM2-S20,S,20
RSL1D1-T465,T,465
RSRC2-S376,S,376
RTF2-S268,S,268
RTTN-S314,S,314
RUFY1-T74,T,74
RUFY2-T276,T,276
SAFB2-S233,S,233
SAMSN1-S90,S,90
SAP30BP-S18,S,18
SAP30BP-S22,S,22
SARAF-Y307,Y,307
SARNP-S163,S,163
SASH3-S120,S,120
SASH3-S34,S,34
SASH3-S97,S,97
SASH3-Y116,Y,116
SBF1-S560,S,560
SCAF11-S798,S,798
SCML2-S590,S,590
SCRIB-T1342,T,1342
SEC14L1-Y243,Y,243
SEC16A-S1369,S,1369
SEC16A-S2081,S,2081
SEC16A-S2083,S,2083
SEC23IP-S926,S,926
SEC61B-S14,S,14
SEC61B-S49,S,49
SEMA4D-Y561,Y,561
SENP1-S108,S,108
SENP7-S92,S,92
SEPTIN1-S317,S,317
SEPTIN1-S320,S,320
SEPTIN6-S388,S,388
SEPTIN6-T418,T,418
SEPTIN9-S30,S,30
SERBP1-S53,S,53
SETD1A-S1103,S,1103
SETD1A-S464,S,464
SETD1A-T1106,T,1106
SETX-S1366,S,1366
SETX-T2474,T,2474
SF3A2-S13,S,13
SF3B1-S322,S,322
SF3B1-T267,T,267
SF3B1-T328,T,328
SFMBT1-S767,S,767
SFMBT1-S775,S,775
SFPQ-S33,S,33
SGPP1-S101,S,101
SGTA-S305,S,305
SGTA-T303,T,303
SGTB-S295,S,295
SGTB-S297,S,297
SH2D3C-S339,S,339
SH2D3C-S447,S,447
SH3GL1-S288,S,288
SH3GL1-S291,S,291
SH3GL1-S292,S,292
SH3KBP1-S156,S,156
SHKBP1-S637,S,637
SHKBP1-T639,T,639
SIK3-S866,S,866
SIPA1L1-S1087,S,1087
SIPA1L3-S97,S,97
SIPA1-S908,S,908
SIPA1-S912,S,912
SIRT1-S26,S,26
SIRT1-S27,S,27
SKA3-S152,S,152
SLAIN1-S431,S,431
SLAMF1-T272,T,272
SLAMF6-Y285,Y,285
SLAMF7-S278,S,278
SLC12A2-S994,S,994
SLC19A1-S225,S,225
SLC19A1-S583,S,583
SLC19A2-S222,S,222
SLC1A4-T511,T,511
SLC25A19-Y59,Y,59
SLC2A1-S226,S,226
SLC2A1-T238,T,238
SLC2A1-T478,T,478
SLC4A1AP-S420,S,420
SLC4A2-S173,S,173
SLC4A7-S233,S,233
SLC4A7-S407,S,407
SLC4A7-T408,T,408
SLC7A6OS-S16,S,16
SLX4IP-S271,S,271
SLX4IP-T398,T,398
SMAP1-S207,S,207
SMARCA4-S1382,S,1382
SMARCA4-S1417,S,1417
SMARCA4-T1384,T,1384
SMARCA5-T113,T,113
SMARCAD1-S212,S,212
SMARCAD1-S34,S,34
SMARCB1-S129,S,129
SMARCC1-T335,T,335
SMARCD2-T217,T,217
SMARCD2-Y197,Y,197
SMC4-T44,T,44
SMG1-S3556,S,3556
SMG6-T479,T,479
SMG8-S668,S,668
SMG9-S4,S,4
SMG9-S7,S,7
SNAP23-S23,S,23
SNAP23-T24,T,24
SNAPC4-S1224,S,1224
SNAPC4-S599,S,599
SNRK-S569,S,569
SNRNP200-S17,S,17
SNRPA1-T239,T,239
SNRPC-Y12,Y,12
SNTB1-S225,S,225
SNW1-S232,S,232
SNX17-S421,S,421
SNX17-S437,S,437
SNX17-S440,S,440
SNX27-S51,S,51
SON-S2011,S,2011
SORBS3-S530,S,530
SORBS3-T585,T,585
SOS1-S1078,S,1078
SP1-S2,S,2
SPAG5-S43,S,43
SPAG7-S114,S,114
SPATA13-S78,S,78
SPATA2-S253,S,253
SPECC1L-S384,S,384
SPECC1L-S385,S,385
SPEN-S1392,S,1392
SPEN-S623,S,623
SPG11-S1955,S,1955
SPHK2-T402,T,402
SPINDOC-S308,S,308
SPNS1-T24,T,24
SPN-S291,S,291
SPRY1-S50,S,50
SPTBN1-T2328,T,2328
SRPK2-S494,S,494
SRPK2-S496,S,496
SRRM1-S234,S,234
SRRM1-S429,S,429
SRRM1-S431,S,431
SRRM1-S530,S,530
SRRM1-S532,S,532
SRRM1-S695,S,695
SRRM1-S715,S,715
SRRM1-S775,S,775
SRRM2-S1101,S,1101
SRRM2-S1110,S,1110
SRRM2-S1132,S,1132
SRRM2-S1439,S,1439
SRRM2-S1441,S,1441
SRRM2-S1443,S,1443
SRRM2-S1501,S,1501
SRRM2-S1620,S,1620
SRRM2-S1621,S,1621
SRRM2-S1694,S,1694
SRRM2-S1984,S,1984
SRRM2-S1987,S,1987
SRRM2-S1996,S,1996
SRRM2-S1999,S,1999
SRRM2-S2008,S,2008
SRRM2-S2011,S,2011
SRRM2-S2343,S,2343
SRRM2-S2426,S,2426
SRRM2-S295,S,295
SRRM2-S398,S,398
SRRM2-S435,S,435
SRRM2-S455,S,455
SRRM2-S484,S,484
SRRM2-S486,S,486
SRRM2-S534,S,534
SRRM2-S992,S,992
SRRM2-T1071,T,1071
SRSF10-S253,S,253
SRSF2-S101,S,101
SRSF7-S163,S,163
SRSF7-S165,S,165
SRSF7-S171,S,171
SRSF7-S173,S,173
SRSF9-S204,S,204
SSBP3-T360,T,360
SSH2-T795,T,795
STAT1-S735,S,735
STAT1-T598,T,598
STAT3-S701,S,701
STAT4-S721,S,721
STAU2-T405,T,405
STAU2-T488,T,488
STIM1-S512,S,512
STIM1-S595,S,595
STIM2-S515,S,515
STIM2-S518,S,518
STIM2-S522,S,522
STIM2-S523,S,523
STIM2-S680,S,680
STIM2-S697,S,697
STIM2-S700,S,700
STIM2-S719,S,719
STIP1-Y236,Y,236
STK10-S13,S,13
STK10-S450,S,450
STK10-S454,S,454
STK10-S514,S,514
STK10-T14,T,14
STK11IP-S387,S,387
STK11IP-S389,S,389
STK11IP-S392,S,392
STK11IP-T394,T,394
STK17B-S12,S,12
STMN1-S139,S,139
STMN1-S16,S,16
STMN1-S25,S,25
STRN4-S206,S,206
STX5-S9,S,9
STX6-S129,S,129
STXBP5-S692,S,692
STXBP5-S782,S,782
SUB1-S17,S,17
SUB1-S19,S,19
SUDS3-S236,S,236
SUGT1-T265,T,265
SUZ12-T35,T,35
SVIL-T852,T,852
SVIL-T856,T,856
SYMPK-S1171,S,1171
SYMPK-S494,S,494
SYNE1-S6230,S,6230
SYNE1-T2335,T,2335
SYNE2-S1941,S,1941
SYNE2-S6361,S,6361
SYNE2-T1459,T,1459
SYNRG-S580,S,580
SYNRG-T1100,T,1100
SYTL2-S511,S,511
TAB3-S385,S,385
TACC1-S276,S,276
TACC3-S71,S,71
TAF1-S1176,S,1176
TAF2-S1185,S,1185
TAF3-T433,T,433
TAF9-S196,S,196
TAGAP-S661,S,661
TAGAP-Y376,Y,376
TAOK3-S324,S,324
TAOK3-S331,S,331
TASOR2-S685,S,685
TASOR-S673,S,673
TASOR-S694,S,694
TASOR-S699,S,699
TASOR-S903,S,903
TBC1D10B-S132,S,132
TBC1D10B-S687,S,687
TBC1D10B-T150,T,150
TBC1D13-S184,S,184
TBC1D15-S70,S,70
TBC1D1-S237,S,237
TBC1D22B-S116,S,116
TBC1D22B-S168,S,168
TBC1D2B-S473,S,473
TBC1D5-S554,S,554
TBC1D9B-S275,S,275
TCEA3-S140,S,140
TCF12-S386,S,386
TCF20-S249,S,249
TCOF1-S982,S,982
TCOF1-T310,T,310
TERF2IP-S43,S,43
TEX2-T804,T,804
THEMIS2-S416,S,416
THEMIS-S584,S,584
THOC2-S1419,S,1419
THOC2-T1289,T,1289
THOC5-T328,T,328
THRAP3-S377,S,377
THRAP3-S444,S,444
THRAP3-S877,S,877
TICRR-S1141,S,1141
TICRR-S1430,S,1430
TICRR-S1433,S,1433
TICRR-T1146,T,1146
TINF2-T334,T,334
TLK1-S109,S,109
TLK1-T111,T,111
TLK1-T753,T,753
TLN1-S405,S,405
TLNRD1-S15,S,15
TMEM109-S239,S,239
TMEM201-S454,S,454
TMEM238-S124,S,124
TMF1-S72,S,72
TMF1-S77,S,77
TMIGD2-S262,S,262
TMIGD2-S266,S,266
TMPO-S224,S,224
TMPO-S312,S,312
TMPO-S360,S,360
TMPO-T208,T,208
TMPO-T251,T,251
TMSB10-T23,T,23
TMSB4X-T23,T,23
TMX1-S270,S,270
TNIK-S707,S,707
TNIP1-S627,S,627
TNRC18-S1136,S,1136
TNRC6C-S717,S,717
TOMM22-S15,S,15
TOP2A-S1374,S,1374
TOP2B-S1413,S,1413
TOP2B-Y1421,Y,1421
TOPBP1-S817,S,817
TOPBP1-S853,S,853
TOR1AIP1-S135,S,135
TOR1AIP1-S154,S,154
TOR1AIP1-S157,S,157
TP53BP1-S1430,S,1430
TP53BP1-S379,S,379
TP53BP1-S809,S,809
TP53BP2-Y664,Y,664
TPD52-S171,S,171
TPD52-S176,S,176
TPD52-T173,T,173
TPR-S1660,S,1660
TPR-S2155,S,2155
TPR-T2116,T,2116
TPR-T577,T,577
TPX2-T72,T,72
TRA2A-T88,T,88
TRAF1-S172,S,172
TRAF7-S17,S,17
TRAFD1-S409,S,409
TRAFD1-S415,S,415
TRAIP-S347,S,347
TRAT1-S132,S,132
TREX1-S261,S,261
TRIM22-S383,S,383
TRIM22-S384,S,384
TRIM25-S435,S,435
TRIM28-S437,S,437
TRIM28-S471,S,471
TRIM28-S473,S,473
TRIM33-S644,S,644
TRIM37-S797,S,797
TRIM56-S471,S,471
TRIP12-S1078,S,1078
TRIP12-S1248,S,1248
TRIP12-S1427,S,1427
TRIT1-S439,S,439
TRMT10A-S318,S,318
TRMT1L-S66,S,66
TRMT2A-S602,S,602
TRPM7-S1404,S,1404
TRPM7-S907,S,907
TSC22D4-T57,T,57
TSC2-T1462,T,1462
TTC39B-S120,S,120
TTF1-S478,S,478
TUBA1B-S48,S,48
TXNL1-S113,S,113
U2AF1-S61,S,61
U2SURP-S202,S,202
UBAP1-S146,S,146
UBAP2L-S471,S,471
UBAP2-T657,T,657
UBE2E3-S8,S,8
UBE2O-S399,S,399
UBL7-S230,S,230
UBR4-S362,S,362
UBXN4-T489,T,489
UGP2-S13,S,13
UGP2-S18,S,18
UNC45A-S4,S,4
UNG-S63,S,63
UNKL-Y25,Y,25
UNK-S380,S,380
UNK-S385,S,385
UPF1-Y1112,Y,1112
URI1-S372,S,372
URI1-T373,T,373
USP1-S292,S,292
USP1-S350,S,350
USP20-S333,S,333
USP24-S2081,S,2081
USP28-T1048,T,1048
USP36-S18,S,18
USP36-T653,T,653
UTP14A-S434,S,434
UTP14A-S437,S,437
UTP14A-T205,T,205
UTP18-S124,S,124
UTP18-T204,T,204
UTP3-S365,S,365
UTP3-T362,T,362
VAMP3-S11,S,11
VAMP8-S55,S,55
VASP-S239,S,239
VASP-S322,S,322
VASP-T335,T,335
VAV1-S780,S,780
VAV1-Y844,Y,844
VCPIP1-S994,S,994
VCPIP1-S997,S,997
VDAC2-T118,T,118
VEZT-Y692,Y,692
VGLL4-S54,S,54
VGLL4-S59,S,59
VIM-S39,S,39
VPS50-S494,S,494
VPS50-S496,S,496
VRK3-T58,T,58
WARS1-T383,T,383
WASF2-S308,S,308
WASHC2A-S1053,S,1053
WASHC2A-S1054,S,1054
WASHC2A-S1060,S,1060
WASHC2C-S539,S,539
WBP11-S600,S,600
WDHD1-S407,S,407
WDR20-S360,S,360
WDR26-S121,S,121
WDR44-S262,S,262
WDR44-T219,T,219
WDR4-S391,S,391
WDR62-S1348,S,1348
WDR62-S49,S,49
WDR62-T46,T,46
WDR62-T50,T,50
WDR74-S361,S,361
WIPI2-T415,T,415
WIZ-S1006,S,1006
WRAP53-S54,S,54
WRNIP1-S75,S,75
XBP1-S47,S,47
YBX3-S203,S,203
YBX3-S204,S,204
YJU2B-S332,S,332
YTHDC1-S120,S,120
YTHDC2-S1202,S,1202
YTHDF2-S2,S,2
YWHAQ-S232,S,232
YWHAZ-S145,S,145
YY1-S187,S,187
ZBTB21-S411,S,411
ZBTB21-S422,S,422
ZBTB21-T1005,T,1005
ZBTB21-T425,T,425
ZBTB3-S549,S,549
ZBTB48-S171,S,171
ZC3H11A-S290,S,290
ZC3H12A-S386,S,386
ZC3H13-S238,S,238
ZC3H13-S242,S,242
ZC3H13-S831,S,831
ZC3H13-S833,S,833
ZC3H13-S837,S,837
ZC3H18-S487,S,487
ZC3H18-S95,S,95
ZC3H3-S383,S,383
ZC3H8-T32,T,32
ZC3HAV1-Y348,Y,348
ZC3HC1-S407,S,407
ZDHHC20-S330,S,330
ZEB1-S704,S,704
ZEB1-T702,T,702
ZFC3H1-S352,S,352
ZFP36L2-S59,S,59
ZFPM1-S786,S,786
ZFYVE16-S939,S,939
ZGRF1-S558,S,558
ZHX3-S604,S,604
ZNF106-S859,S,859
ZNF174-Y184,Y,184
ZNF185-S465,S,465
ZNF217-S407,S,407
ZNF217-S630,S,630
ZNF22-S49,S,49
ZNF280C-S80,S,80
ZNF367-S310,S,310
ZNF395-S449,S,449
ZNF408-S345,S,345
ZNF551-S126,S,126
ZNF592-S1264,S,1264
ZNF592-S348,S,348
ZNF609-S1055,S,1055
ZNF609-S467,S,467
ZNF609-S846,S,846
ZNF609-S849,S,849
ZNF654-S1123,S,1123
ZNF692-S146,S,146
ZNF777-S351,S,351
ZNF777-S623,S,623
ZSWIM8-S1265,S,1265
ZW10-T768,T,768
ZZEF1-S1537,S,1537
ZZEF1-S1540,S,1540
