id,accession,window,center_local,residue
AAK1-S637,Q2M2I8,AGHRRILSDVTHSAV,7,S
AAK1-S678,Q2M2I8,ATTTPSGSPRTSQQN,7,S
AAK1-T674,Q2M2I8,KSKSATTTPSGSPRT,7,T
AASDH-S649,Q4L235,CATKRKLSDINQEEA,7,S
AATF-S320,Q9NY61,NAGSEEISSEDDELV,7,S
AATF-S321,Q9NY61,AGSEEISSEDDELVE,7,S
ABCC4-T648,O15439,PPVPGTPTLRNRTFS,7,T
ABCF1-S166,Q8NE71,NRINKAVSEEQQPAL,7,S
ABI1-S222,Q8IZP0,TSPARLGSQHSPGRT,7,S
ABI1-S225,Q8IZP0,ARLGSQHSPGRTASL,7,S
ABI3-S170,Q9P2A4,TGTLSRKSIKAPATP,7,S
ABI3-T163,Q9P2A4,LSTQLSRTGTLSRKS,7,T
ABI3-T176,Q9P2A4,KSIKAPATPASATLG,7,T
ABL1-S683,P00519,SGGSGFRSPHLWKKS,7,S
ABLIM1-S455,O14639,HRSTSQGSINSPVYS,7,S
ABLIM1-S655,O14639,IPSSKTASLPGYGRN,7,S
ABLIM1-Y461,O14639,GSINSPVYSRHSYTP,7,Y
ABR-S638,Q12979,MSLKRTPSKKQTGVF,7,S
ACACA-S80,Q13085,LHIRSSMSGLHLVKQ,7,S
ACAP1-T389,Q15027,LAIGSAATLGSGGMA,7,T
ACIN1-S400,Q9UKV3,TEDRKKASLVALPEQ,7,S
ACIN1-T254,Q9UKV3,EEEEDQETPSRNLRV,7,T
ACIN1-T682,Q9UKV3,SSGQEVATPPVPQLQ,7,T
ACLY-S455,P53396,PAPSRTASFSESRAD,7,S
ADAM17-T735,P78536,KPFPAPQTPGRLQPA,7,T
ADAR-S823,P55265,RRTMLLLSRSPEAQP,7,S
ADAR-T601,P55265,EKTAESQTPTPSATS,7,T
ADD1-Y389,P35611,RMLDNLGYRTGYPYR,7,Y
ADD3-S683,Q9UEY8,GSPSKSPSKKKKKFR,7,S
ADRM1-T217,Q16186,RSQSAAVTPSSTTSS,7,T
AEBP2-S141,Q6ZN18,SDETRSLSPGAASSS,7,S
AFDN-S1182,P55196,NVANQPPSPGGKSAY,7,S
AFDN-S1799,P55196,KERQRLFSQGQDVSN,7,S
AFDN-T249,P55196,GRPDSGGTLRIYADS,7,T
AFF4-S487,Q9UHB7,KVNPHKVSPASSVDS,7,S
AFTPH-S376,Q6ULP2,CMDSVKTSDDEVGSP,7,S
AFTPH-T375,Q6ULP2,LCMDSVKTSDDEVGS,7,T
AFTPH-T617,Q6ULP2,ENIDTPGTPKTHSVP,7,T
AGAP2-S818,Q99490,CTPSGDLSPLSREPP,7,S
AGAP2-S927,Q99490,KVKLRTDSQSEAVAI,7,S
AGAP2-T925,Q99490,SSKVKLRTDSQSEAV,7,T
AGFG1-T177,P52594,TLHLNKGTPSQSPVV,7,T
AHCTF1-S1214,Q8WYP5,LRSTPLASPSPSPGR,7,S
AHCTF1-S1216,Q8WYP5,STPLASPSPSPGRSP,7,S
AHNAK-S135,Q09666,KIKPRLKSEDGVEGD,7,S
AHNAK-S5737,Q09666,GSPEASISGSKGDLK,7,S
AHNAK-S5782,Q09666,KPRHRSNSFSDEREF,7,S
AHNAK-S5830,Q09666,GTFGGLGSKSKGHYE,7,S
AHNAK-T5845,Q09666,VTGSDDETGKLQGSG,7,T
AIMP1-S140,Q12904,KKEKKQQSIAGSADS,7,S
AKAP10-S281,O43572,ASRNSPASPLKELSG,7,S
AKAP11-S288,Q9UKA4,FYRSSNASDKDSDLQ,7,S
AKAP11-S444,Q9UKA4,VKASREDSGLFSPIR,7,S
AKAP11-S448,Q9UKA4,REDSGLFSPIRSSAF,7,S
AKAP13-S1683,Q12802,YCTSAISSPLTKSIS,7,S
AKAP13-S2563,Q12802,RALTRSLSRPSSLIE,7,S
AKAP13-S2567,Q12802,RSLSRPSSLIEQEKQ,7,S
AKAP13-S2709,Q12802,PSPEEPPSPSAPSIA,7,S
AKAP13-S2720,Q12802,PSIAKSGSLDSELSV,7,S
AKAP13-S2728,Q12802,LDSELSVSPKRNSIS,7,S
AKAP13-T1930,Q12802,WKFLSHSTDSLNKIS,7,T
AKAP1-S107,Q92667,PPCRRSESSGILPNT,7,S
AKAP1-S151,Q92667,PLECPLSSPKGVLFS,7,S
AKAP5-S178,P24588,DQATKAKSTQDLSEG,7,S
AKNA-S303,Q7Z591,IWKQTKTSPKPLPSR,7,S
AKT1S1-S88,Q96B36,PPAPQPPSPTPSPPR,7,S
AKT1S1-S92,Q96B36,QPPSPTPSPPRPTLA,7,S
ALG3-S11,Q92685,GLRKRGRSGSAAQAE,7,S
ALKBH5-Y372,Q6P6C2,ENYWRKSYESSEDCS,7,Y
AMPD2-S22,Q01433,YPFKKRASLQASTAA,7,S
AMPD2-S46,Q01433,PPLQSARSLPGPAPC,7,S
ANAPC2-S314,Q9UJX6,DGPARPASPEAGNTL,7,S
ANK3-S4342,Q12955,ADGKPRLSLHEEEGS,7,S
ANKHD1-S1670,Q8IWZ3,TVSLPLSSPNIKLNL,7,S
ANKLE2-S268,Q86XL3,SKTSLPLSPVKTAPL,7,S
ANKLE2-S905,Q86XL3,GRNSVAGSNPAKPGL,7,S
ANKRD12-S1311,Q6UB98,TIEVRRCSMPSVICE,7,S
ANKRD17-S1696,O75179,TCTKSGPSPLSSPNG,7,S
ANKRD17-S1700,O75179,SGPSPLSSPNGKLTV,7,S
ANKRD17-S2045,O75179,YPVSSPSSPSPPAQP,7,S
ANKRD17-S2047,O75179,VSSPSSPSPPAQPGG,7,S
ANKRD17-S2401,O75179,SSGVRAPSPAPSSVP,7,S
ANKS1A-S647,Q92625,TMGSRSESLSNCSIG,7,S
ANLN-S339,Q9NQW6,PIVKSTLSQTVPSKG,7,S
ANP32A-S17,P39687,ELRNRTPSDVKELVL,7,S
AP3D1-S658,O14617,RRPKHRPSEADEEEL,7,S
APC-S1774,P25054,GKKKKPTSPVKPIPQ,7,S
APOBR-S175,Q0VD83,NREERLRSWEQEEEE,7,S
APOBR-T572,Q0VD83,ELMGGAQTPTKQPEE,7,T
ARAF-S186,P10398,LLTPQGPSPRTQHCD,7,S
ARAF-S257,P10398,SDGTPRGSPSPASVS,7,S
ARAF-T181,P10398,RPLNELLTPQGPSPR,7,T
ARAP1-S229,Q96P48,LFPEFDDSDYDEVPE,7,S
ARAP1-Y231,Q96P48,PEFDDSDYDEVPEEG,7,Y
AREL1-S339,O15033,EEDEDSPSECHTPEK,7,S
AREL1-T343,O15033,DSPSECHTPEKVKKP,7,T
ARFGAP1-S150,Q8N6T3,PSMVHRVSGQPQSVT,7,S
ARFGAP1-S343,Q8N6T3,EPTKTRKSPSSDSWT,7,S
ARFGAP2-S240,Q8N6H7,AQKVSSQSFSEIERQ,7,S
ARFGEF2-S1511,Q9Y6D5,DVDLDRQSLSSIDKN,7,S
ARFGEF2-T243,Q9Y6D5,SQAQSKPTTPEKTDL,7,T
ARFGEF2-T244,Q9Y6D5,QAQSKPTTPEKTDLT,7,T
ARHGAP10-S591,A1A4S6,EPTCLSASPPNAPPR,7,S
ARHGAP11A-S847,Q6P4F7,QSVRRINSLLEYSRQ,7,S
ARHGAP11A-S875,Q6P4F7,SPLVKSVSCDGALSS,7,S
ARHGAP11A-T323,Q6P4F7,SESPVILTPNAKRTL,7,T
ARHGAP12-S215,Q8IWW6,RIHQDSESGDELSSS,7,S
ARHGAP12-Y243,Q8IWW6,GRPDSPVYANLQELK,7,Y
ARHGAP17-S676,Q68EM7,KPPTRSPSPPTQHTG,7,S
ARHGAP17-S808,Q68EM7,PKPRNRPSVPPPPQP,7,S
ARHGAP25-S379,P42331,KAPVARSSVGWDATE,7,S
ARHGAP25-T442,P42331,QSRKRTQTLPNRKCF,7,T
ARHGAP30-S1086,Q7Z6I6,LLSSQRRSYAFETQA,7,S
ARHGAP30-S822,Q7Z6I6,GDGEDSRSPEAATEG,7,S
ARHGAP30-T1020,Q7Z6I6,QGVRRTQTCTEGGDY,7,T
ARHGAP35-S1150,Q9NRY4,LERGRKVSIVSKPVL,7,S
ARHGAP35-S1179,Q9NRY4,RTSFSVGSDDELGPI,7,S
ARHGAP35-S589,Q9NRY4,SDRNQKNSLSDPNID,7,S
ARHGAP35-S985,Q9NRY4,CNSNLQDSEEDIEPS,7,S
ARHGAP35-Y1105,Q9NRY4,RNEEENIYSVPHDST,7,Y
ARHGAP45-S23,Q92619,SKKNRAGSPSPQPSG,7,S
ARHGAP45-S25,Q92619,KNRAGSPSPQPSGEL,7,S
ARHGAP45-S578,Q92619,VMRARKSSFNVSDVA,7,S
ARHGAP45-S592,Q92619,ARPEAAGSPPEEGGC,7,S
ARHGAP45-T600,Q92619,PPEEGGCTEGTPAKD,7,T
ARHGAP45-T603,Q92619,EGGCTEGTPAKDHRA,7,T
ARHGAP4-S906,P98171,SPSPGPRSPKAPPSS,7,S
ARHGAP5-S1195,Q13017,RKGRHRGSEEDPLLS,7,S
ARHGAP5-S1202,Q13017,SEEDPLLSPVETWKG,7,S
ARHGAP9-S475,Q9BRR9,GSGPAELSAGEDEEE,7,S
ARHGDIA-S34,P52565,YKPPAQKSIQEIQEL,7,S
ARHGEF12-S1288,Q9NZN5,FPRYRTASQGPQTDS,7,S
ARHGEF1-S786,Q92888,STREPLLSSSENGNG,7,S
ARHGEF2-S174,Q92974,LRRILSQSTDSLNMR,7,S
ARHGEF2-S645,Q92974,RGLFRSESLESPRGE,7,S
ARHGEF6-S150,Q15052,VSGLQRQSKTVEMTE,7,S
ARHGEF6-S561,Q15052,SSLSKTSSSSCSAHS,7,S
ARHGEF6-S640,Q15052,RKTERKPSEEEYVIR,7,S
ARHGEF6-S684,Q15052,GSSTRKDSIPQVLLP,7,S
ARHGEF7-S694,Q14155,RKPERKPSDEEFASR,7,S
ARID1A-S1184,O14497,PGMSRSNSVGIQDAF,7,S
ARID1A-S1600,O14497,RPMENRTSPSKSPFL,7,S
ARID1A-T1599,O14497,PRPMENRTSPSKSPF,7,T
ARID1A-Y762,O14497,RNPQMPQYSSPQPGS,7,Y
ARID2-S1300,Q68CP9,LLNGRKYSDSSLPPS,7,S
ARID2-Y1299,Q68CP9,SLLNGRKYSDSSLPP,7,Y
ARID4A-S1111,P29374,GTGQSSDSEDLPVLD,7,S
ARID4B-Y795,Q4LE39,VLSEDTDYEEDEVTK,7,Y
ARID5A-S23,Q03989,DALDPPASPKPAGKQ,7,S
ARK2N-S143,Q96B23,VGRKSRRSRSESETS,7,S
ASAP1-S843,Q9ULH1,RTLSDPPSPLPHGPP,7,S
ASB3-S35,Q9Y575,KLLKKGRSVDVADNR,7,S
ASXL1-S509,Q8IXJ9,ASPDRIPSLPQETVD,7,S
ASXL2-T148,Q76L83,QSGCPSPTIPAGKVI,7,T
ATAD2-S1151,Q6PL18,NEKLKTPSTPVACST,7,S
ATAD2-S1157,Q6PL18,PSTPVACSTPAQLKR,7,S
ATAD2-S1255,Q6PL18,IENELEDSRKTTACT,7,S
ATAD2-S342,Q6PL18,LSSAGPRSPYCKRMN,7,S
ATAD2-S61,Q6PL18,AKAGDGSSVKEVETY,7,S
ATAD2-T1152,Q6PL18,EKLKTPSTPVACSTP,7,T
ATAD2-T1158,Q6PL18,STPVACSTPAQLKRK,7,T
ATAD5-S306,Q96QE3,IVKSGYISESENSEI,7,S
ATAD5-S356,Q96QE3,FEMENSLSDPENEQT,7,S
ATAD5-S602,Q96QE3,RRSGRISSTPTTETI,7,S
ATAD5-S86,Q96QE3,GKECKIKSPESVPVD,7,S
ATF2-S62,P15336,FGPARNDSVIVADQT,7,S
ATF7IP-S559,Q6VMQ6,SRRKRSKSEDMDNVQ,7,S
ATG16L1-S287,Q676U5,TNIFGRRSVSSFPVP,7,S
ATN1-S661,P54259,PPGYKPGSPPSFRTG,7,S
ATP2B1-S1139,P20020,LEKPESRSSIHNFMT,7,S
ATP2B1-S1140,P20020,EKPESRSSIHNFMTH,7,S
ATP2B4-S328,P23634,LEIQPLNSQEGIDNE,7,S
ATP5F1B-S253,P06576,LYHEMIESGVINLKD,7,S
ATRX-S1061,P46100,SKKKDELSDYAEKST,7,S
ATRX-S34,P46100,EESEETSSPPRLAMN,7,S
ATRX-S596,P46100,KLTPVSLSNSPIKGA,7,S
ATXN1-S775,P54253,ATRKRRWSAPESRKL,7,S
ATXN2L-S335,Q8WWM7,SAVQRQGSGRESPSL,7,S
ATXN2L-S341,Q8WWM7,GSGRESPSLASREGK,7,S
ATXN2L-S684,Q8WWM7,KSTSTPTSPGPRTHS,7,S
ATXN2-S554,Q99700,NGGVPWPSPCPSPSS,7,S
ATXN2-S558,Q99700,PWPSPCPSPSSRPPS,7,S
ATXN7L3-S281,Q14CW9,WDGSSDLSPSDSGSS,7,S
BACH2-S337,Q9BYV9,ERSRSVASPSCLRSL,7,S
BAD-S118,Q92934,GRELRRMSDEFVDSF,7,S
BAD-Y76,Q92934,IRSRHSSYPAGTEDD,7,Y
BAG3-S289,O95817,RSSTPLHSPSPIRVH,7,S
BAP1-S292,Q92560,SKSASNKSPLVLEAN,7,S
BAZ1A-S1320,Q9NRL2,RSLRKINSAPPTETK,7,S
BAZ1A-S961,Q9NRL2,TYSRGRSSNAYDPSQ,7,S
BAZ1B-S160,Q9UIG0,DGACDSPSSDKENSS,7,S
BAZ1B-S347,Q9UIG0,VHLKKSLSGSPLKVK,7,S
BAZ2A-S1184,Q9UIF9,GSNTTASSPARARGR,7,S
BAZ2A-S1747,Q9UIF9,KRGQKRKSGYSLNFS,7,S
BCCIP-S234,Q9P287,VEAGKNNSKKKPSNK,7,S
BCL10-S48,O95999,LRAKKILSREDTEEI,7,S
BCL11B-S169,Q9C0K0,PHSSVITSPLRALGA,7,S
BCL11B-S772,Q9C0K0,SGRSGTASGGSTPHL,7,S
BCL11B-T417,Q9C0K0,PPMPPGGTPPPQPPA,7,T
BCL7B-S114,Q9BQE9,SSTNSSPSPQQSESL,7,S
BCL7B-S122,Q9BQE9,PQQSESLSPAHTSDF,7,S
BCL7C-T118,Q8WUZ0,TEPSPGGTPQPSRPV,7,T
BCL9L-S118,Q86UU0,VKRDRSVSVDSGEQR,7,S
BCL9L-S88,Q86UU0,GAKANQISPSNSSLK,7,S
BCL9L-S987,Q86UU0,GSSLSVRSPTGSPSR,7,S
BCL9L-T989,Q86UU0,SLSVRSPTGSPSRLK,7,T
BCLAF1-S153,Q9NYF8,SSSPYSKSPVSKRRG,7,S
BCLAF1-S300,Q9NYF8,HHIPSRRSPAKTIAP,7,S
BCORL1-Y1508,Q5H9F3,QRAARLGYKDVVLYC,7,Y
BIN1-S331,O00499,PGATLPKSPSQLRKG,7,S
BIN2-S277,Q9UBW5,TVSSPLTSPTSPSTL,7,S
BIN2-T500,Q9UBW5,EELCTSPTLMTSQVA,7,T
BIRC6-S1248,Q9NR09,RPVVRLPSLKHQSNK,7,S
BLM-S499,P54132,FNTHLQKSFVSSNWA,7,S
BLTP1-S2755,Q2LD37,ENEQDNSSLTKTQRK,7,S
BLTP3A-S1106,Q6BDS2,KRTVSQQSFDGVSLD,7,S
BMP2K-S1107,Q9NSY1,PGRPRQNSLHGSFHS,7,S
BOD1L1-S2815,Q8NFC6,HDTKEENSRDLEELP,7,S
BOD1L1-S2986,Q8NFC6,EDKKEQESDEEEEEE,7,S
BOD1L1-S635,Q8NFC6,SKPARRLSESLHVVD,7,S
BOD1L1-S800,Q8NFC6,HRNERKLSVLGKDGK,7,S
BOD1L1-T2956,Q8NFC6,RKPKRSLTVSDDAES,7,T
BORA-S190,Q6PGQ7,SPGNLSSSSLRRKLF,7,S
BORA-S191,Q6PGQ7,PGNLSSSSLRRKLFL,7,S
BORA-S239,Q6PGQ7,LSPVKCRSPLQTPSS,7,S
BORA-S252,Q6PGQ7,SSGQFSSSPIQASAK,7,S
BORCS5-S75,Q969J3,GLLSGQTSPTNAKLE,7,S
BORCS6-S168,Q96GS4,SRLQDSRSLDGLSEA,7,S
BRAF-S419,P15056,NVKALQKSPGPQRER,7,S
BRAF-S447,P15056,TLGRRDSSDDWEIPD,7,S
BRAP-S93,Q7Z569,TTVEERKSSEASPTA,7,S
BRAP-S97,Q7Z569,ERKSSEASPTAQRSK,7,S
BRAP-Y389,Q7Z569,TDGKIVQYECEGDTC,7,Y
BRD7-S289,Q9NPI1,AEAHAFKSPSKENKK,7,S
BRIX1-S261,Q8TDN6,YENPHYQSPNMHRRV,7,S
BSG-S367,P35613,AGSAPLKSSGQHQND,7,S
BSG-S368,P35613,GSAPLKSSGQHQNDK,7,S
BSG-T237,P35613,EHINEGETAMLVCKS,7,T
BTF3-S173,P20290,AEALPKQSVDGKAPL,7,S
BTF3-T82,P20290,KVVHRTATADDKKLQ,7,T
BUD13-S163,Q9BRD0,RHDTPDPSPLRGARH,7,S
BUD13-S240,Q9BRD0,HGSSDISSPRRVHNN,7,S
BUD13-S271,Q9BRD0,LRRARHDSPDLAPNV,7,S
BUD13-S391,Q9BRD0,RSSDSDLSPPRRRQR,7,S
BUD13-T135,Q9BRD0,PRRVRHGTPDPSPRK,7,T
C15orf39-S467,Q6ZRI6,PPIVIRDSPVPCTPP,7,S
C15orf39-T472,Q6ZRI6,RDSPVPCTPPALPPC,7,T
C19orf47-S151,Q8N9M1,TNSLNHDSPPSTPPR,7,S
C2CD2L-S466,O14523,DGKLDSPSRSPSKVE,7,S
C2CD5-S662,Q86YS7,LRSQSESSDEVTELD,7,S
C2orf49-S143,Q9BVC5,SNAFRKLSNSSSSVS,7,S
C2orf49-S184,Q9BVC5,LTHRKSPSGPVKSPP,7,S
C2orf49-S193,Q9BVC5,PVKSPPLSPVGTTPV,7,S
C8orf33-T19,Q9H7E9,AAAPGPGTPCASRGA,7,T
CAAP1-S312,Q9H8G2,ILGLAESSPNEPKAA,7,S
CAMK1-S324,Q14012,RKLQLGTSQEGQGQT,7,S
CAMK2D-S330,Q13557,KPDGVKESTESSNTT,7,S
CAMK4-S341,Q16566,VASSRLGSASSSHGS,7,S
CAMK4-S343,Q16566,SSRLGSASSSHGSIQ,7,S
CAMKK1-S74,Q8N5S9,SLSARKLSLQERPAG,7,S
CAMSAP1-T1129,Q5T5Y3,TPTPSVETLPHLRPF,7,T
CAPZA2-S9,P47755,ADLEEQLSDEEKVRI,7,S
CARD11-S448,Q9BXL7,DSNNLDQSLPRNLPV,7,S
CARD11-S512,Q9BXL7,IQLQRAKSPISLKRT,7,S
CARD11-S541,Q9BXL7,ASPSSCGSLPITNSF,7,S
CARD11-S886,Q9BXL7,STSDPRVSPRLSRAS,7,S
CARD11-S925,Q9BXL7,RVRIISGSPLGSLAR,7,S
CARHSP1-S17,Q9Y2V2,QPPTHQASVGLLDTP,7,S
CARHSP1-S30,Q9Y2V2,TPRSRERSPSPLRGN,7,S
CARHSP1-S32,Q9Y2V2,RSRERSPSPLRGNVV,7,S
CARMIL2-S1355,Q6F5E8,QLRPRPLSAGRRAVS,7,S
CASP2-S157,P42575,LYKKLRLSTDTVEHS,7,S
CBLB-S476,Q13191,KCTDRQNSPVTSPGS,7,S
CBLB-S480,Q13191,RQNSPVTSPGSSPLA,7,S
CBLB-S483,Q13191,SPVTSPGSSPLAQRR,7,S
CBLL1-S201,Q75N03,GKPVTRASLENVHPP,7,S
CBLL1-S290,Q75N03,RISTRKHSNLITVPI,7,S
CBLL1-T294,Q75N03,RKHSNLITVPIQDDS,7,T
CBX6-T282,O95503,SSGCPSPTPQSSDPD,7,T
CBX8-S256,Q9HC52,QLARRQDSDLVQCGV,7,S
CC2D1A-S455,Q6P1N0,EVPKKQNSPVAPTAQ,7,S
CC2D1B-S528,Q5T0F9,RASSSKESPSPSVRE,7,S
CCDC61-S373,Q9Y6R9,QQRNRLGSGGSGDGP,7,S
CCDC61-S447,Q9Y6R9,RRRGKPPSPTPWSGS,7,S
CCDC6-S244,Q16204,QPVSAPPSPRDISME,7,S
CCDC86-S110,Q9H6F5,PQRQPEYSPESPRCQ,7,S
CCDC88B-S1348,A6NC98,DGAGSTESLGGPPET,7,S
CCDC88B-S1379,A6NC98,APMRRAQSSLCLRDE,7,S
CCDC88B-S1380,A6NC98,PMRRAQSSLCLRDET,7,S
CCDC88B-S1408,A6NC98,PVGRSSESFSPGDTP,7,S
CCDC9-S362,Q9Y3X0,KAAPRAYSDHDDRWE,7,S
CCM2-T239,Q9BSQ5,AIFDGASTPTHHLSL,7,T
CCM2-T241,Q9BSQ5,FDGASTPTHHLSLHS,7,T
CCNK-S329,O75909,KPSPQPSSPRQVKRA,7,S
CCNY-S21,Q8ND76,KLRRNAHSRLESYRP,7,S
CCNY-S25,Q8ND76,NAHSRLESYRPDTDL,7,S
CCRL2-S329,O00421,PLQPRGQSAQGTSRE,7,S
CCSER2-S488,Q9H7U1,TSGNNLVSPDTDYRA,7,S
CCT6A-S205,P40227,HKSETDTSLIRGLVL,7,S
CD247-S146,P20963,DGLYQGLSTATKDTY,7,S
CD247-Y142,P20963,GKGHDGLYQGLSTAT,7,Y
CD274-S283,Q9NZQ7,DTNSKKQSDTHLEET,7,S
CD2AP-S458,Q9Y5K6,QLPLRPKSVDFDSLT,7,S
CD2AP-S80,Q9Y5K6,ERHGNVASLVQRIST,7,S
CD2AP-Y541,Q9Y5K6,ELKKDTCYSPKPSVY,7,Y
CD3G-S148,P09693,GVRQSRASDKQTLLP,7,S
CD5-Y453,P06127,ASHVDNEYSQPPRNS,7,Y
CDAN1-S277,Q8IWY9,CPTPELGSPLPSRTG,7,S
CDC23-S588,Q9UJX2,NTPTRRVSPLNLSSV,7,S
CDC25B-S230,P30305,AFAQRPSSAPDLMCL,7,S
CDC25B-S238,P30305,APDLMCLSPDRKMEV,7,S
CDC25B-S89,P30305,RSRLTHLSLSRRASE,7,S
CDC25C-T48,P30307,VCPDVPRTPVGKFLG,7,T
CDC27-S364,P30260,STTPQVLSPTITSPP,7,S
CDC42EP3-S100,Q9UKI2,SVFTETPSPVLKNAI,7,S
CDC5L-S277,Q99459,KKESDLPSAILQTSG,7,S
CDCA2-S1000,Q69YH5,KGYRRRSSLNGKGES,7,S
CDCA2-S120,Q69YH5,NIKNARKSPLAQDSP,7,S
CDCA2-S210,Q69YH5,RISYQRDSDENLTDA,7,S
CDCA2-S98,Q69YH5,SAVGARGSPETNHLI,7,S
CDCA2-S999,Q69YH5,FKGYRRRSSLNGKGE,7,S
CDCA5-S75,Q96FF9,VEVPAVQSPRRSPRI,7,S
CDCA5-T111,Q96FF9,KTHSVPATPTSTPVP,7,T
CDCA7L-S261,Q96GN5,KTVRRAFSEGQITRR,7,S
CDK11A-T583,Q9UQ88,GSPLKAYTPVVVTQW,7,T
CDK12-S1053,Q9NYV4,KRRRQRQSGVVVEEP,7,S
CDK12-T514,Q9NYV4,ALKEEIVTPKETETS,7,T
CDK13-S325,Q14004,PLGGRDDSPVSHRAS,7,S
CDK13-S400,Q14004,RRSRSPYSPVLRRSG,7,S
CDKN1A-S130,P38936,SGEQAEGSPGGPGDS,7,S
CDKN2AIP-S131,Q9NXV6,KVKKRGISSSNEGVE,7,S
CDKN2AIP-S151,Q9NXV6,RVIEGKNSSAVEQDH,7,S
CDS2-S41,O95674,DSESRAESAPLPVSA,7,S
CDV3-S106,Q9UKY7,RVQAMQISSEKEEDD,7,S
CDV3-S107,Q9UKY7,VQAMQISSEKEEDDN,7,S
CEMIP2-Y27,Q9UHN6,NSRHPSGYVPGKVVP,7,Y
CENPE-S1389,Q02224,SQSKQEQSLNMKEKD,7,S
CEP131-S114,Q9UPN4,SGKKRPASLSTAPSE,7,S
CEP131-S47,Q9UPN4,KPIVRSVSVVTGSEQ,7,S
CEP131-S731,Q9UPN4,QEVRRLKSLHEAELL,7,S
CEP170-S1160,Q5SW79,PRRTRLGSLSARSDS,7,S
CEP170-S1270,Q5SW79,LKTTRLQSAGSAMPT,7,S
CEP170-S466,Q5SW79,ALLRSSGSLGHRPSQ,7,S
CEP43-S156,O95684,LDLSDVHSPPKSPEG,7,S
CEP55-S428,Q53EZ4,KVAASPKSPTAALNE,7,S
CEP55-T430,Q53EZ4,AASPKSPTAALNESL,7,T
CETN2-S20,P41208,SSQRKRMSPKPELTE,7,S
CFL1-S8,P23528,MASGVAVSDGVIKVF,7,S
CHAF1A-S873,Q13111,PISLKRKSAGSMCIT,7,S
CHAMP1-S282,Q96JM3,SPEPRKPSPSESPEP,7,S
CHAMP1-S297,Q96JM3,WKPFPAVSPEPRRPA,7,S
CHAMP1-S319,Q96JM3,WKPGPPGSPRPWKSN,7,S
CHAMP1-S376,Q96JM3,SWKSSSVSPSSWKSP,7,S
CHAMP1-S382,Q96JM3,VSPSSWKSPPASPES,7,S
CHAMP1-S436,Q96JM3,EIRSPAGSPELRKPS,7,S
CHD1L-S888,Q86WJ1,AVLHSQSSSSSSRQL,7,S
CHD3-S1601,Q12873,ETEADAPSPAPSLGE,7,S
CHD4-S108,Q14839,LRSDSEGSDYTPGKK,7,S
CHD8-S2519,Q9HCK8,RAPGYPSSPVTTASG,7,S
CHEK1-Y314,O14757,SSEENVKYSSSQPEP,7,Y
CHERP-S813,Q8IWX8,SPGRRRRSRSRSPTP,7,S
CHORDC1-T199,Q9UHD1,WSCCRRKTSDFNTFL,7,T
CIC-S105,Q96RK0,EAGRWEPSLSRKTAT,7,S
CIC-S946,Q96RK0,RSVAVFPWHSLVPFL,7,S
CISD2-S104,Q8N5K1,AYCRCWRSKTFPACD,7,S
CIT-S1939,O14578,HITKRVASSPAPPEG,7,S
CIT-S440,O14578,SVVSGLDSPAKTSSM,7,S
CKAP2L-S287,Q8IYA6,SHFIRTLSKVQSSKK,7,S
CLASP1-S568,Q7Z460,ESLNRPLSAKRSPTG,7,S
CLASP1-S646,Q7Z460,RIRTRRQSSGSATNV,7,S
CLASP1-S649,Q7Z460,TRRQSSGSATNVAST,7,S
CLASP2-S1029,O75122,YNYSDSISPFNKSAL,7,S
CLASP2-S1281,O75122,IKRAQTGSGGADPTT,7,S
CLCC1-S438,Q96S66,RFQTGNKSPEVLRAF,7,S
CLIP1-S195,P30622,LTKTASESISNLSEA,7,S
CLIP1-S310,P30622,TSASLKRSPSASSLS,7,S
CLIP1-S348,P30622,SRYARKISGTTALQE,7,S
CLN6-S31,Q9NWW5,FLQARHGSVSADEAA,7,S
CLTC-T875,Q00610,EGCEEPATHNALAKI,7,T
CNK3-S334,Q8WWN9,PLGDRRPSTKKELRK,7,S
CNK3-S35,Q8WWN9,TMSRRRISCKDLGHA,7,S
CNK3-S351,Q8WWN9,VKRCKNPSINEKLHK,7,S
CNK3-S497,G9CGD6,TMSRRRISCKDLGHA,7,S
CNK3-S796,G9CGD6,PLGDRRPSTKKELRK,7,S
CNK3-S813,G9CGD6,VKRCKNPSINEKLHK,7,S
CNNM3-S467,Q8NE01,VVKRKPASLMAPLKR,7,S
CNOT4-S432,O95628,VQDQPSLSPTSLQNS,7,S
CORO7-S465,P57737,PSLRSLQSLLGPSSK,7,S
CRKL-Y105,P46109,LIEPAPRYPSPPMGS,7,Y
CRTC2-S136,Q53ET0,PYSPAYLSPPPESSW,7,S
CRTC2-S623,Q53ET0,NIILTGDSSPGFSKE,7,S
CRTC3-S396,Q6UUV7,PVSPLTLSPGPEAHQ,7,S
CRYBG1-S16,Q9Y4K1,GDPGEPSPCRPPKKH,7,S
CRYBG1-S19,Q9Y4K1,GEPSPCRPPKKHTTF,7,S
CRYBG1-S725,Q9Y4K1,NLAKKAKEMEQPEKK,7,S
CRYBG1-S915,Q9Y4K1,HKGCVLPVSRQNNEK,7,S
CSDE1-T589,O75534,THSVNGITEEADPTI,7,T
CSNK1D-T344,P48730,TQEVAPPTPLTPTSH,7,T
CSRP1-S87,P21291,LSTDKGESLGIKHEE,7,S
CTU2-S435,Q2VPK5,TPPGPCCSPGVGWAQ,7,S
CUL4A-S10,Q13619,DEAPRKGSFSALVGR,7,S
CUSTOS-S179,Q96C57,LQESAIHSPGTVEKE,7,S
CWC22-S27,Q9HCG8,LNSYQRNSSPEDRYE,7,S
CWC22-S28,Q9HCG8,NSYQRNSSPEDRYEE,7,S
CWF19L2-S479,Q2TBE0,TKSTFAGSPERESIH,7,S
CXCR4-S324,P61073,LTSVSRGSSLKILSK,7,S
CXCR4-S325,P61073,TSVSRGSSLKILSKG,7,S
CXCR4-S339,P61073,GKRGGHSSVSTESES,7,S
CXCR4-T342,P61073,GGHSSVSTESESSSF,7,T
CYREN-S125,Q9BWK5,LAPGLSPSQRPGGSS,7,S
CYTIP-S64,O60759,KQLALTRSSSLSDFS,7,S
DBF4-S80,Q9UBU7,GRVEEFLSKDISYLI,7,S
DBN1-S337,Q16643,PTPIPTRSPSDSSTA,7,S
DBNL-S160,Q9UJU6,GPQAPVGSVYQKTNA,7,S
DBNL-S178,Q9UJU6,IKRVGKDSFWAKAEK,7,S
DBNL-S253,Q9UJU6,RNRNEQESAVHPREI,7,S
DBNL-S269,Q9UJU6,KQKERAMSTTSISSP,7,S
DBNL-T291,Q9UJU6,PFLQKQLTQPETHFG,7,T
DCAF15-S359,Q66K64,GSRCRAHSEPLALCG,7,S
DCK-S11,P27707,PPKRSCPSFSASSEG,7,S
DCP1A-S525,Q9NPI6,ERKASSPSPLTIGTP,7,S
DCP1A-T401,Q9NPI6,LLQKLRLTPQHDQIQ,7,T
DCP1B-S275,Q8IZD4,QGVVRSLSYEEPRRH,7,S
DDI2-S106,Q5TDH0,IAVPGTSSPRQRQPP,7,S
DDX10-S831,Q13206,GMKKRSNSEVEDVGP,7,S
DDX17-S571,Q92841,RSRYRTTSSANNPNL,7,S
DDX17-S64,Q92841,PEPQALPSPAIRAPL,7,S
DDX20-S522,Q9UHI6,KLPVKSHSECGIIEK,7,S
DDX20-S678,Q9UHI6,KSYLEGSSDNQLKDS,7,S
DDX20-S714,Q9UHI6,NPEKYQESPGIQMKT,7,S
DDX39A-T26,O00148,PQAPQESTPAPPKKD,7,T
DDX3X-S90,O00571,SFFSDRGSGSRGRFD,7,S
DDX41-S68,Q9UJV9,EEQQDSGSEPRGDED,7,S
DDX42-S754,Q86XP3,QGHNSPDSPVTSAAK,7,S
DEAF1-S176,O75398,PLTPGPQSPPTPLAP,7,S
DEAF1-T171,O75398,KGPAAPLTPGPQSPP,7,T
DENND4A-S1151,Q7Z401,KRIQRMNSSFSVKPF,7,S
DENND4B-S732,O75064,PVPGPSRSAPSSPAP,7,S
DENND4B-S736,O75064,PSRSAPSSPAPRRTK,7,S
DENND4C-S741,Q5VZ89,TGNSITKSPPLMAKR,7,S
DENND4C-T739,Q5VZ89,HPTGNSITKSPPLMA,7,T
DENND4C-T975,Q5VZ89,SPEPHSPTEPPAWGS,7,T
DFFA-S28,O00273,CLLRRNYSREQHGVA,7,S
DGCR8-S383,Q8WYQ5,VSPVKPLSRSAELEF,7,S
DGKQ-S26,P52824,RPGSPACSPVLGSGG,7,S
DHCR7-S14,Q9UBM7,PNIPKAKSLDGVTND,7,S
DHX16-S103,O60231,SYRLLEDSEESSEET,7,S
DIAPH3-S1091,Q9NSV4,MPKDVRQSLSPMSQR,7,S
DIAPH3-S1093,Q9NSV4,KDVRQSLSPMSQRPV,7,S
DIAPH3-S26,Q9NSV4,TPYPSSASLRGCRES,7,S
DIDO1-S1017,Q9BTC0,KSILAKPSSSPDPRY,7,S
DIDO1-S862,Q9BTC0,ICTGQVPSAEDEPAP,7,S
DLGAP5-S806,Q15398,TECHLLDSPGLNCSN,7,S
DMTN-S92,Q08495,SLSPKSTSPPPSPEV,7,S
DMTN-S96,Q08495,KSTSPPPSPEVWADS,7,S
DMXL1-Y915,Q9Y485,VWQPEEHYSSSPEKI,7,Y
DNAJC1-S480,Q96KC8,IAEQNESSDEESLRK,7,S
DNAJC21-S370,Q5F1R6,ENPLDDNSEEEMEDA,7,S
DOCK10-S1289,Q96BY6,NHADSRASLASLDSN,7,S
DOCK11-S12,Q5JSL3,RKFTKRLSKPGTAAE,7,S
DOCK2-S1706,Q92608,KKRTKRSSVVFADEK,7,S
DOCK2-S1784,Q92608,ANTSPRLSQTFLQLS,7,S
DOCK2-T1797,Q92608,LSDGDKKTLTRKKVN,7,T
DOCK7-S30,Q96N67,ISGQYSGSPQLLKNL,7,S
DOCK8-S451,Q8NF50,RLSERALSLEENGVG,7,S
DOCK8-S936,Q8NF50,DRNCSRMSYYCSGSS,7,S
DOK2-Y271,O60496,LPRPDSPYSRPHDSL,7,Y
DOP1B-S681,Q9Y3R5,NDSSRKNSWEPKPIT,7,S
DPYSL2-S517,Q16555,PKTVTPASSAKTSPA,7,S
DPYSL2-S522,Q16555,PASSAKTSPAKQQAP,7,S
DPYSL2-T514,Q16555,SVTPKTVTPASSAKT,7,T
DTL-S487,Q9NZJ0,INRRGSVSSVSPKPP,7,S
DTL-S488,Q9NZJ0,NRRGSVSSVSPKPPS,7,S
DTL-S717,Q9NZJ0,CTYFHRKSQEDFCGP,7,S
DTX3L-S535,Q8TDB6,MDIDSDDSKAASPPL,7,S
DUSP22-S60,Q9NRW4,IPAADSPSQNLTRHF,7,S
DYNC1I2-S101,Q13409,STPSEAGSQDSGDGA,7,S
DYNC1LI1-S414,Q9Y6G9,RTPNRSVSSNVASVS,7,S
DYNC1LI1-S516,Q9Y6G9,VSPTTPTSPTEGEAS,7,S
DYNLL1-Y32,P63167,ATQALEKYNIEKDIA,7,Y
E2F7-S410,Q96AV8,QKLARHGSFNTVQAS,7,S
E2F8-S664,A0AVK6,KENSSALSPNHRIYS,7,S
E2F8-T60,A0AVK6,QGEPWTPTANLKMLI,7,T
EDC3-Y141,Q96F86,QQQCSKSYVDRHMES,7,Y
EEF1AKMT2-S21,Q5JPI9,AARSDKGSPGEDGFV,7,S
EEF1D-T129,P29692,HRATAPQTQHVSPMR,7,T
EEF2-T57,P13639,RAGETRFTDTRKDEQ,7,T
EEF2-T59,P13639,GETRFTDTRKDEQER,7,T
EHBP1L1-S1218,Q8N3D4,NAVAGRASKDGGAEA,7,S
EHBP1-S854,Q8NDI1,PFCNRQLSDQQDEER,7,S
EIF2AK4-T667,Q9P2K8,ERPAGPGTPPPDSGP,7,T
EIF2A-S526,Q9BY44,PRNTVSQSISGDPEI,7,S
EIF2B4-S130,Q9UI10,GGPPPKASPSTAGET,7,S
EIF3E-Y401,P60228,GNNAVSPYQQVIEKT,7,Y
EIF3G-T244,O75821,DNATIRVTNLSEDTR,7,T
EIF4B-S207,P23588,RARPATDSFDDYPPR,7,S
EIF4B-S497,P23588,NPPARSQSSDTEQQS,7,S
EIF4B-S498,P23588,PPARSQSSDTEQQSP,7,S
EIF4ENIF1-S78,Q9NRA8,YPASGRSSPVESLKK,7,S
EIF4ENIF1-T769,Q9NRA8,LQRSSCSTPLSQANR,7,T
EIF4G1-S1077,Q04637,TKITKPGSIDSNNQL,7,S
EIF4G3-S1156,O43432,NTFMRGGSSKDLLDN,7,S
EIF4G3-S1157,O43432,TFMRGGSSKDLLDNQ,7,S
EIF4G3-S495,O43432,QNLNSRRSPVPAQIA,7,S
EIF5B-S107,O60841,GQKGKKQSFDDNDSE,7,S
EIF5B-S438,O60841,VEVPSKDSLPKKRPI,7,S
ELAVL1-S202,Q15717,LLSQLYHSPARRFGG,7,S
ELF1-S187,P32519,TKPPRPDSPATTPNI,7,S
ELF1-Y160,P32519,TQQVQEKYADSPGAS,7,Y
ELMO1-S344,Q92556,EPNNSSGSMEKRKSM,7,S
EMB-S306,Q6PCB8,EQIEQLKSDDSNGIE,7,S
EMB-S309,Q6PCB8,EQLKSDDSNGIENNV,7,S
EMD-S114,P50402,EPESAGPSRAVRQSV,7,S
EMD-S120,P50402,PSRAVRQSVTSFPDA,7,S
EMD-S141,P50402,VHDDDLLSSSEEECK,7,S
EMD-S142,P50402,HDDDLLSSSEEECKD,7,S
EMD-S163,P50402,GRDSAYQSITHYRPV,7,S
EMD-S171,P50402,ITHYRPVSASRSSLD,7,S
EMD-S29,P50402,PHGPVVGSTRRLYEK,7,S
EMD-S49,P50402,ETQRRRLSPPSSSAA,7,S
EMD-T165,P50402,DSAYQSITHYRPVSA,7,T
EML3-S176,Q32P44,KLSRKAISSANLLVR,7,S
EML3-S197,Q32P44,RGGKDPLSSPGGPGS,7,S
EML4-S138,Q9HC35,ESHSNDQSPQIRASP,7,S
EML4-S94,Q9HC35,SGANRKPSHTSAVSI,7,S
EMSY-S209,Q7Z589,RKRRRTNSSSSSPVV,7,S
ENSA-S43,O43768,KLKAKYPSLGQKPGG,7,S
EP300-S12,Q09472,VVEPGPPSAKRPKLS,7,S
EP300-S1726,Q09472,QQAAATQSPGDSRRL,7,S
EP300-T887,Q09472,PPPRQTPTPPTTQLP,7,T
EPB41L2-S715,O43491,EMNGKEISPGSGPGE,7,S
EPB41L2-S87,O43491,PWLKKQKSYTLVVAK,7,S
EPB41-S521,P11171,QAQTRQASALIDRPA,7,S
EPB41-S542,P11171,ASKRASRSLDGAAAV,7,S
EPB41-S712,P11171,DKRLSTHSPFRTLNI,7,S
EPB41-T195,P11171,SPQSKAETELKASQK,7,T
EPRS1-S747,P07814,LNNNCTTSEDSLVLY,7,S
EPRS1-Y1028,P07814,EENLADWYSQVITKS,7,Y
ERBIN-S857,Q96RT1,SKSTEDLSPQKSGPV,7,S
ERC1-S21,Q8IUD2,SSQSPGRSPRLPRSP,7,S
ERC1-S807,Q8IUD2,EQVEKKKSAQMLEEA,7,S
ERCC6L-S14,Q2NKX8,FPEAEALSPEQAAHY,7,S
ERCC6-S1345,Q03468,NFSVQHPSSTSPTEK,7,S
ERF-T526,P50548,GEAGGPLTPRRVSSD,7,T
ESYT1-S1034,Q9BSJ8,SQKKRTLSPEFNERF,7,S
ESYT2-S691,A0FGR8,TSIKSHMSGSPGPGG,7,S
ETS1-S251,P14921,GKLGGQDSFESIESY,7,S
ETS1-S273,P14921,QSWSSQSSFNSLQRV,7,S
ETS1-S282,P14921,NSLQRVPSYDSFDSE,7,S
ETV3-S139,P41162,SSGVVPQSAPPVPTA,7,S
ETV3-S245,P41162,GMYPDPHSPFAVSPI,7,S
ETV3-S250,P41162,PHSPFAVSPIPGRGG,7,S
ETV6-Y27,P41212,PESPVPSYASSTPLH,7,Y
EVL-S152,Q9UI08,HQQQRQESLERRTSA,7,S
EVL-S369,Q9UI08,SRMKPAGSVNDMALD,7,S
EXOSC10-T846,Q01780,QFDPNKQTPSGKKCI,7,T
EZH2-S366,Q15910,PNNSSRPSTPTINVL,7,S
F11R-S284,Q9Y624,KVIYSQPSARSEGEF,7,S
F11R-S287,Q9Y624,YSQPSARSEGEFKQT,7,S
FAM169A-S619,Q9Y6X4,EEQSEASSEQLDQFT,7,S
FAM193A-S293,P78312,REYVLEMKVRLLRQL,7,S
FAM193A-S302,P78312,RLLRQLSAAAKVKAP,7,S
FAM193A-S642,P78312,PQISSTSSSSSEADD,7,S
FAM53B-S167,Q14153,STMQRSSSFSLPSRA,7,S
FARP2-Y436,O94887,LTDPQVSYVKSPAAE,7,Y
FASN-T2204,P49327,ASELACPTPKEDGLA,7,T
FBXO38-S724,Q6PIJ6,SHNTASQSPDFVRTV,7,S
FBXO38-T742,Q6PIJ6,GSSEPSPTEVDVSRQ,7,T
FBXO46-Y290,Q6PJ61,GGRPGCAYPGSPGPG,7,Y
FBXO4-S48,Q9UKT5,ERVARTTSREEVDEA,7,S
FGD3-S547,Q5JSP0,SCGETFNSITKRRHH,7,S
FIP1L1-Y505,Q6UN15,FNSDEERYRYREYAE,7,Y
FKBP15-S619,Q5T1M5,MMEKRNNSLQTATEN,7,S
FKBP15-S984,Q5T1M5,PESPMVPSEQVVEEA,7,S
FKBP3-Y198,Q00688,EIEPEWAYGKKGQPD,7,Y
FKBP8-S296,Q14318,RAALRSCSLVLEHQP,7,S
FOXK1-S428,P85037,PTHPGLMSPRSGGLQ,7,S
FOXK1-Y219,P85037,ASPLRPLYPQISPLK,7,Y
FOXN3-S412,O00409,PKDSLGDSGYASQHK,7,S
FOXO1-S432,Q12778,TYGQSSMSPLPQMPI,7,S
FOXP1-Y439,Q9H334,VGPIRRRYSDKYNVP,7,Y
FRMD4B-S608,Q9Y2L6,RSSSVPHSPRILPPK,7,S
FRMD4B-S628,Q9Y2L6,RIHFRKSSINEQFVD,7,S
FRYL-S1972,O94915,GRINHSSSLARTRSL,7,S
FSD1-S313,Q9BTV5,DGKGRTASPINSPAR,7,S
FTH1-Y169,P02794,PESGLAEYLFDKHTL,7,Y
FTSJ3-T573,Q8IY81,QKQQLPQTPPSCLKT,7,T
FUBP1-T153,Q96AE4,RSCMLTGTPESVQSA,7,T
FUBP1-T87,Q96AE4,PQNDSFGTQLPPMHQ,7,T
FUS-S346,P35637,VSFDDPPSAKAAIDW,7,S
FXR1-S406,P51114,YGTNSELSNPSETES,7,S
FXR1-S485,P51114,SLLDNTESDQTADTD,7,S
FYB1-S205,O15117,FGQKPPLSTENSHED,7,S
FYB1-S209,O15117,PPLSTENSHEDESPM,7,S
FYB1-S329,O15117,VGGPWGQSQEKEKGD,7,S
FYB1-Y571,O15117,TTAVEIDYDSLKLKK,7,Y
FYN-S26,P06241,DGSLNQSSGYRYGTD,7,S
G6PD-S132,P11413,MNALHLGSQANRLFY,7,S
GAPDH-T153,P04406,IISNASCTTNCLAPL,7,T
GAPVD1-S746,Q14C86,ESCSGLGSTSDDTDV,7,S
GART-S802,P22102,GSLTNHFSFEKKKAR,7,S
GATAD2A-S546,Q86YP4,RGVLHTFSPSPKLQN,7,S
GATAD2B-S129,Q8WXI9,SPDIIVLSDNEASSP,7,S
GATAD2B-S227,Q8WXI9,QGLSKLPSRPGAQGV,7,S
GBF1-S1298,Q92538,DAPDAGAQSDSELPS,7,S
GBF1-S1784,Q92538,AASSSSPGSPVASSP,7,S
GBF1-Y1305,Q92538,QSDSELPSYHQNDVS,7,Y
GCSAM-S102,Q8N6F7,CTRPSGNSAEEYYEN,7,S
GCSAM-S99,Q8N6F7,RVLCTRPSGNSAEEY,7,S
GEMIN5-S757,Q8TEQ6,RTPVKLESIDGNEEE,7,S
GFI1-S96,Q99684,FWRPPSPSASPASEK,7,S
GIGYF1-S237,O75420,SPDGGPRSAGWREHG,7,S
GIGYF1-S28,O75420,SVASPPPSPAMPKYK,7,S
GIGYF1-S636,O75420,LLPTMSRSLSVPDSG,7,S
GIGYF2-S139,Q6Y7W6,ECGFYQRSFDEVEGV,7,S
GIGYF2-S160,Q6Y7W6,REMHRSQSWEERGDR,7,S
GIGYF2-S242,Q6Y7W6,HSPDGPRSAGWREHM,7,S
GIGYF2-S30,Q6Y7W6,SITSPPLSPALPKYK,7,S
GIT1-S388,Q9Y2X7,HDYDSVASDEDTDQE,7,S
GIT1-S571,Q9Y2X7,AVPFTPSSPLLSCSQ,7,S
GIT1-S592,Q9Y2X7,SKLSRHGSGADSDYE,7,S
GIT2-S397,Q14161,PDYDSVASDEDTDLE,7,S
GLS-S95,O94925,THPQPGVSPPAAPAA,7,S
GLUD1-T206,P00367,EKITRRFTMELAKKG,7,T
GMIP-S234,Q9P107,LRARSQGSPEDSAPQ,7,S
GMIP-S914,Q9P107,SLRGRGPSPAAASPE,7,S
GMIP-T660,Q9P107,DPGDDPGTPSPSPEV,7,T
GOLGA3-S983,Q08378,QKMRRLGSDLTSAQK,7,S
GOLGA4-S41,Q13439,RMRSRTSSFTEQLDE,7,S
GOLGA8O-S371,I6L899,RQLAKPQSVFEELNN,7,S
GOLGA8O-S496,I6L899,QKIHHLLSEPGGRAK,7,S
GON4L-S1895,Q3T8J9,EPHELVGSSPHREAS,7,S
GON4L-T1841,Q3T8J9,VQNHDKETEWPDGAK,7,T
GPATCH4-S137,Q5T3I0,SDDDNQGSKSPKILT,7,S
GPATCH8-S976,Q9UKJ3,RSKRRSRSTTAHSWQ,7,S
GPBP1L1-S76,Q9HC44,PSLFRHDSVDSGVSK,7,S
GPKOW-T138,Q92917,PMIQKGCTPSGEGAD,7,T
GPR15-S335,P49685,SSTETSDSHLTKALS,7,S
GPR35-S300,Q9HC97,PSAKAHKSQDSLCVT,7,S
GPR55-S305,Q9Y2T6,NIRAHRPSRVQLVLQ,7,S
GPRIN3-S519,Q6ZVF9,SDSCGSISKADHSGS,7,S
GPRIN3-T581,Q6ZVF9,TESAANPTPSPIRKN,7,T
GRAP2-S187,O75791,PSMNRKLSDHPPTLP,7,S
GRAP2-T262,O75791,ALMHRRHTDPVQLQA,7,T
GSE1-T1094,Q14687,TARKGPPTQELDRDS,7,T
GSK3A-S14,P49840,SGGGPGGSGRARTSS,7,S
GTF2I-S103,P78347,TTQANRMSVDAVEIE,7,S
GTF3C1-S1068,Q12789,NSSTDQGSDEEGSLQ,7,S
GTF3C1-S1073,Q12789,QGSDEEGSLQKEQES,7,S
GTPBP1-S47,O00178,GGFDSDCSEDGEALN,7,S
GTSE1-S457,Q9NYZ3,RRRDSCLNSKTKVMP,7,S
GTSE1-S477,Q9NYZ3,FKIPKFSIGDSPDSS,7,S
GTSE1-S575,Q9NYZ3,PRKNSAMRTEPTRES,7,S
H1-3-T10,P16402,ETAPLAPTIPAPAEK,7,T
H1-4-S89,P10412,LGLKSLVSKGTLVQT,7,S
H1-5-T39,P16401,GAAKRKATGPPVSEL,7,T
HAPSTR1-T214,Q14CZ0,SSTPGSPTHVSSGSN,7,T
HAUS6-S660,Q7Z4H7,LTEEKVISDCECVPQ,7,S
HAUS6-T858,Q7Z4H7,SYLSNSQTPERHKPE,7,T
HBS1L-S127,Q9Y450,LEQDRVQSLKDKNEA,7,S
HCFC1-S598,P51610,ATVKVASSPVMVSNP,7,S
HCLS1-S299,P14317,APLPKKISSEAWPPV,7,S
HCLS1-S300,P14317,PLPKKISSEAWPPVG,7,S
HCLS1-S62,P14317,HQLRNKVSEEHDVLR,7,S
HDAC1-S346,Q13547,PDFKLHISPSNMTNQ,7,S
HDAC7-S109,Q8WUI4,ERTVHPNSPGIPYRT,7,S
HDGFL2-S369,Q7Z4V5,AERGSGGSSGDELRE,7,S
HDGFL2-S370,Q7Z4V5,ERGSGGSSGDELRED,7,S
HEATR1-S1195,Q9H583,KKSQDLESVQEVGGS,7,S
HELLS-S115,Q9NRZ9,KVKKGKNSIDASEEK,7,S
HELZ-S1317,P42694,ESNPQNRSPESRPSV,7,S
HERC1-T1429,Q15751,QQERRVSTDLPEGQD,7,T
HIP1R-S1045,O75146,PPLAQKPSVAPRQDH,7,S
HIPK1-T1027,Q86Z02,QSSGCCITPTGYRAQ,7,T
HIRIP3-S196,Q9BW71,RKQAREESEESEAEP,7,S
HIVEP1-S1735,P15822,KISVGRLSPQQESSA,7,S
HIVEP2-S389,P31629,EPSLNLLSPHSKGST,7,S
HIVEP2-S406,P31629,GYFSRSESAEQQISP,7,S
HLA-B-S343,P01889,SSGGKGGSYSQAACS,7,S
HLA-E-S347,P13747,SYSKAEWSDSAQGSE,7,S
HLA-H-T97,P01893,ICKAQAQTERENLRI,7,T
HLA-H-Y344,P01893,SDRKGGSYSQAASSN,7,Y
HLTF-Y394,Q14527,RRKTAVQYIESSDSE,7,Y
HMGA1-S14,P17096,KSSQPLASKQEKDGT,7,S
HMGA1-T39,P17096,QPPVSPGTALVGSQK,7,T
HMGB2-S35,P26583,KKKHPDSSVNFAEFS,7,S
HMGCR-S872,P04035,SHMIHNRSKINLQDL,7,S
HMGN1-S86,P05114,GETKTEESPASDEAG,7,S
HMGXB4-Y83,Q9UGU5,RKHSSDDYYYGDISS,7,Y
HNRNPA0-Y180,Q13151,AVPKEDIYSGGGGGG,7,Y
HNRNPA1-S360,P09651,NQGGYGGSSSSSSYG,7,S
HNRNPA1-S364,P09651,YGGSSSSSSYGSGRR,7,S
HNRNPA2B1-S341,P22626,GNYGPGGSGGSGGYG,7,S
HNRNPD-S80,Q14103,NEEDEGHSNSSPRHS,7,S
HNRNPD-S83,Q14103,DEGHSNSSPRHSEAA,7,S
HNRNPF-S104,P52597,LKHSGPNSADSANDG,7,S
HNRNPK-Y72,P61978,IKALRTDYNASVSVP,7,Y
HNRNPL-S188,P14866,RPGDSDDSRSVNSVL,7,S
HOOK1-S719,Q9UJC3,TNTRRNLSVKVPATT,7,S
HOOK3-S707,Q86VS8,QATSSRRSYPGHVQP,7,S
HSH2D-S194,Q96JZ2,TSSCPPKSPLGETRQ,7,S
HSH2D-S298,Q96JZ2,RKAERSVSCIEVTPG,7,S
HSP90B1-S523,P14625,HHPTDITSLDQYVER,7,S
HTT-S1874,P42858,KLLSPQMSGEEEDSD,7,S
HTT-S1880,P42858,MSGEEEDSDLAAKLG,7,S
HUWE1-S3802,Q7Z6Z7,ESSQSEASVRREESP,7,S
HUWE1-T1905,Q7Z6Z7,PAPRGSGTASDDEFE,7,T
ICE1-S944,Q9Y2F5,FNSPGGSSPVENSDC,7,S
ICE1-T1852,Q9Y2F5,AKRLRLDTGSPEPET,7,T
IFI16-S153,Q16666,EEQTQPPSPAGAGMS,7,S
IFI16-T161,Q16666,PAGAGMSTAMGRSPS,7,T
IGF2R-S2204,P11717,KPNDQHFSRKVGTSD,7,S
IGF2R-S2479,P11717,VSSTKLVSFHDDSDE,7,S
IGF2R-S2484,P11717,LVSFHDDSDEDLLHI,7,S
IGHMBP2-S677,P38935,ATSTRTGSQRQEGGQ,7,S
IKZF1-S391,Q13422,SEREASPSNSCQDST,7,S
IL10RB-T317,Q08334,GDSCSLGTPPGQGPQ,7,T
IL16-S845,Q14005,SIRQRISSFETFGSS,7,S
IL16-S946,Q14005,DPLLRLLSTQAEESQ,7,S
INCENP-S72,Q9NQS7,RRKKRRISYVQDENR,7,S
INCENP-T213,Q9NQS7,PTSQGIPTSDEESTP,7,T
INCENP-Y822,Q9NQS7,PKINPDNYGMDLNSD,7,Y
INPP5D-S1057,Q92835,CPEPGILSPSIVLTK,7,S
INPP5D-S994,Q92835,RTQESRPSDLGKNAG,7,S
INPP5D-T153,Q92835,SNENPRATETSRPSL,7,T
INTS1-S13,Q8N201,PTTVRRPSAAAKPSG,7,S
IQGAP1-S1443,P46940,DKMKKSKSVKEDSNL,7,S
IQGAP2-S16,Q13576,LQRPRYGSIVDDERL,7,S
IQSEC1-S89,Q6DN90,PKLQHSTSILRKQAE,7,S
IREB2-S177,P48200,GQTTCRGSCDSGELG,7,S
IRF2BP2-S240,Q7Z5L9,GAHKRPASVSSSAAV,7,S
IRF2BP2-S318,Q7Z5L9,ALHQHGHSGPFESKF,7,S
IRF2BP2-S406,Q7Z5L9,SPPPPTASPHSNRTT,7,S
IRF2BP2-S455,Q7Z5L9,HSTTRRNSNSPPSPS,7,S
IRF2BPL-S662,Q9H1B7,RNSSSPVSPASVPGQ,7,S
IRF2-S339,P14316,ASVIKKTSDITQARV,7,S
ITGAE-S1163,P38570,YQQLNLESIRKAQLK,7,S
ITGB7-S40,P26010,EWRNPHLSMLGSCQP,7,S
ITGB7-S44,P26010,PHLSMLGSCQPAPSC,7,S
ITPKB-S43,P27987,PPRRAVLSPGSVFSP,7,S
ITPKB-S49,P27987,LSPGSVFSPGRGASF,7,S
ITPR3-S1832,Q14573,TTKGRVASFSIPGSS,7,S
ITPRID2-S593,P28290,ADKRKSGSQDFPQCN,7,S
ITPRID2-T87,P28290,IWLKDCRTPLGASLD,7,T
ITSN2-S884,Q9NZM3,SAFTRTVSPGSVSPI,7,S
ITSN2-S889,Q9NZM3,TVSPGSVSPIHGQGQ,7,S
IVNS1ABP-S322,Q9Y6Y0,IFLHGRNSPQSSPTS,7,S
IVNS1ABP-T281,Q9Y6Y0,CLSSPNATVQSPKHE,7,T
IWS1-S300,Q96ST2,ELPKPRVSDSESEGP,7,S
IWS1-S302,Q96ST2,PKPRVSDSESEGPQK,7,S
IWS1-S362,Q96ST2,MDRKKFHSSDSEEEE,7,S
IWS1-S363,Q96ST2,DRKKFHSSDSEEEEH,7,S
IWS1-S365,Q96ST2,KKFHSSDSEEEEHKK,7,S
IWS1-S400,Q96ST2,KAAVLSDSEDEEKAS,7,S
IWS1-S720,Q96ST2,PQRRRMNSTGGQTPR,7,S
JMJD1C-S1576,Q15652,ENSGNSVSEIIKPCS,7,S
JMJD1C-S1982,Q15652,QQNTPPKSEKNGGSS,7,S
JMJD1C-S639,Q15652,DTHKIKSSPSPEVVK,7,S
JMJD1C-S641,Q15652,HKIKSSPSPEVVKPK,7,S
JPT2-S69,Q9H910,NPPGGKGSGIFDEST,7,S
JUNB-S251,P17275,QTVPEARSRDATPPV,7,S
JUNB-S259,P17275,RDATPPVSPINMEDQ,7,S
JUNB-T255,P17275,EARSRDATPPVSPIN,7,T
JUND-S259,P17535,FGESPPLSPIDMDTQ,7,S
KANSL3-S511,Q9P2N6,FEVPERGSRPASPAA,7,S
KANSL3-S515,Q9P2N6,ERGSRPASPAAKLPA,7,S
KAT5-S190,Q92993,QPGRKRKSNCLGTDE,7,S
KAT6A-S1089,Q92794,REYFRRLSSQDVLRC,7,S
KAT6A-S1090,Q92794,EYFRRLSSQDVLRCQ,7,S
KAT6A-S941,Q92794,DLPKRRLSEGVEPWR,7,S
KAT6A-T1144,Q92794,PLEPDTSTPLKKKKG,7,T
KAT7-S100,O95251,PLRQTRSSGSETEQV,7,S
KATNA1-S170,O75449,GREEKNKSPAAVTEP,7,S
KATNBL1-S61,Q9H079,TVGQTVKSPDKLRKV,7,S
KCNAB2-S20,Q13303,LSLRQTGSPGMIYST,7,S
KCTD10-S23,Q9H3F6,AAATRTTSFKGTSPS,7,S
KCTD5-S29,Q9NXV2,GGLCRRCSAGLGALA,7,S
KDM2B-S445,Q8NHM5,PPTDGSTSPTSTPSE,7,S
KDM3A-S265,Q9Y4C1,GAVKRKSSENNGTLV,7,S
KDM3B-S289,Q7LBC6,KDGRRRKSASDSGCD,7,S
KDM3B-S798,Q7LBC6,FEAVKRFSLDERSLA,7,S
KDM5A-Y1595,P29375,VLDIPSKYDWSGAEE,7,Y
KHDRBS1-S20,Q07666,RSSGRSGSMDPSGAH,7,S
KHDRBS1-S29,Q07666,DPSGAHPSVRQTPSR,7,S
KHDRBS1-T33,Q07666,AHPSVRQTPSRQPPL,7,T
KIAA0319L-S985,Q8IZA0,SLELKPTSRAGIKQK,7,S
KIAA0319L-T984,Q8IZA0,ESLELKPTSRAGIKQ,7,T
KIAA0930-S306,Q6ICG6,RPAFFSPSLKRKVPR,7,S
KIAA1143-S105,Q96AT1,RKPVKHPSDEKYSGL,7,S
KIAA1143-S146,Q96AT1,IKNSSLLSFDNEDEN,7,S
KIAA1671-S1666,Q9BY89,ISHSLRRSRFSESES,7,S
KIDINS220-S1555,Q9ULH0,KVERVPKSPEHSAEP,7,S
KIF13B-S658,Q9NQT8,CRSMDRFSFHSPSAQ,7,S
KIF15-T1144,Q9NS87,EDPQSPKTPPHFQTH,7,T
KIF18B-S662,Q86Y91,LPCLRRGSLPDTQPS,7,S
KIF18B-T674,Q86Y91,QPSQGPSTPKGERAS,7,T
KIF1C-S1092,O43896,PRMRRQRSAPDLKES,7,S
KIF20A-T857,O95235,LRNLLPRTPTCQSST,7,T
KIF20A-Y869,O95235,SSTDCSPYARILRSR,7,Y
KIF21A-S853,Q7Z4S6,GKVTRKLSSSDAPAQ,7,S
KLC1-S521,Q07866,ENMEKRRSRESLNVD,7,S
KLF2-S177,Q9Y5W3,PPDTPPLSPDGPARL,7,S
KLF2-T173,Q9Y5W3,RPPPPPDTPPLSPDG,7,T
KLHDC4-S418,Q8TBB5,PRSEDEDSLEEAGSP,7,S
KLHDC4-S424,Q8TBB5,DSLEEAGSPAPGPCP,7,S
KLHDC4-S62,Q8TBB5,ELPCPPPSPRLNASL,7,S
KMT2A-S1837,Q03164,KGPGEPDSPTPLHPP,7,S
KMT2A-S2196,Q03164,SIGSRRHSTSSLSPQ,7,S
KMT2B-S844,Q9UMN6,SDRGPVRSEDESVEA,7,S
KMT2D-S2260,O14686,DNLAVPESPGVGGGK,7,S
KMT2E-T641,Q8IZD2,EENASKPTPAKVNRT,7,T
KNL1-S1076,Q8NG31,KNIKDVQSPGFLNEP,7,S
KNL1-S32,Q8NG31,SILKPPRSPLQDLRG,7,S
KNL1-S60,Q8NG31,KKNSRRVSFADTIKV,7,S
KNOP1-S127,Q1ED39,PLAMSHASGVKTSPD,7,S
KPNA3-S56,O00505,RNVPQEESLEDSDVD,7,S
KRI1-S93,Q8N9T8,TFYNRTASSSDSEED,7,S
KRI1-S94,Q8N9T8,FYNRTASSSDSEEDP,7,S
KRI1-S95,Q8N9T8,YNRTASSSDSEEDPE,7,S
KRI1-S97,Q8N9T8,RTASSSDSEEDPEAL,7,S
KTN1-S77,Q86UP2,GNLHESDSESVPRDF,7,S
KTN1-S79,Q86UP2,LHESDSESVPRDFKL,7,S
LAMTOR1-S26,Q6IAA8,RKLLLDPSSPPTKAL,7,S
LANCL1-T100,O43813,KQSLNCLTKRSITFL,7,T
LARP1-S1056,Q6PKG0,EGRKRCPSQSSSRPA,7,S
LARP1-T1071,Q6PKG0,AMISQPPTPPTGQPV,7,T
LARP1-T376,Q6PKG0,DGVEGPRTPKYMNNI,7,T
LARP4B-S498,Q92615,LGRGRKNSFGYRKKR,7,S
LARP4-S643,Q71RC2,QPLRELRSNVVSPTK,7,S
LARP4-S647,Q71RC2,ELRSNVVSPTKNEDN,7,S
LASP1-S146,Q14847,MEPERRDSQDGSSYR,7,S
LAT2-S135,Q9GZY6,PEDDDANSYENVLIC,7,S
LAT-S101,O43561,TPSSRRDSDGANSVA,7,S
LAT-S106,O43561,RDSDGANSVASYENE,7,S
LAT-S109,O43561,DGANSVASYENEGAS,7,S
LATS1-S181,O95835,RKQSWKGSKESLVPQ,7,S
LAT-S91,O43561,SPQPLGGSHRTPSSR,7,S
LBR-S167,Q14739,SYIATQYSLRPRREE,7,S
LCP2-S376,Q13094,SSFPQSASLPPYFSQ,7,S
LCP2-T341,Q13094,LLPMSSNTFPSRSTK,7,T
LCP2-Y380,Q13094,QSASLPPYFSQGPSN,7,Y
LEMD3-S259,Q9Y2U8,YSCRENYSDSEEEDD,7,S
LEMD3-S402,Q9Y2U8,GGAFSVDSPRIYSNS,7,S
LEMD3-Y258,Q9Y2U8,PYSCRENYSDSEEED,7,Y
LENG1-S59,Q96BZ8,KKARHQNSLPELEAA,7,S
LEO1-T302,Q8WVC0,DSEADSDTEVPKDNS,7,T
LIG1-S49,P18858,WNGVVSESDSPVKRP,7,S
LIG1-S91,P18858,ALDCSQVSPPRPATS,7,S
LIG3-S241,P49916,NNSGEAPSSPTPKRS,7,S
LIMA1-S362,Q9UHB6,PVHPKPLSPDSRASS,7,S
LIMA1-S365,Q9UHB6,PKPLSPDSRASSLSE,7,S
LIMA1-S369,Q9UHB6,SPDSRASSLSESSPP,7,S
LIMA1-S617,Q9UHB6,PPIRKGWSMSEQSEE,7,S
LIMA1-S692,Q9UHB6,DSDEDDNSFLKQQSP,7,S
LIMD1-S233,Q9UGP4,PLNHRQLSLSSSRSS,7,S
LIMD1-S240,Q9UGP4,SLSSSRSSEGSLGGQ,7,S
LIME1-S70,Q9H400,LRRTHLCSLSKSDTR,7,S
LIME1-T274,Q9H400,SSTCGAGTPPASSCP,7,T
LIMK1-S298,P53667,KPVLRSCSIDRSPGA,7,S
LIMK1-S302,P53667,RSCSIDRSPGAGSLG,7,S
LIMK1-S310,P53667,PGAGSLGSPASQRKD,7,S
LIMK2-S289,P53671,RSLRRSNSISKSPGP,7,S
LIPE-S855,Q05469,EPMRRSVSEAALAQP,7,S
LMNA-S628,P02545,TVTRSYRSVGGSGGG,7,S
LMNB1-T20,P20700,SRAGGPTTPLSPTRL,7,T
LMNB2-T34,Q03252,GRAGGPATPLSPTRL,7,T
LMO7-S1591,Q8WWI1,TQSPTPRSHSPSASQ,7,S
LRCH3-S516,Q96II8,VKQKASQSPQKQHPL,7,S
LRRC41-S276,Q15345,ASRGRAPSRDEGSLL,7,S
LRRC41-T327,Q15345,TRVTRRSTQESLTAG,7,T
LRRFIP1-S116,Q32MZ4,ASLGGTSSRRGSGDT,7,S
LRRFIP1-S638,Q32MZ4,KQKIAAESSENVDCP,7,S
LRRFIP1-S766,Q32MZ4,TVRKALDSNSLENDD,7,S
LRRFIP1-S775,Q32MZ4,SLENDDLSAPGREPG,7,S
LRRFIP2-S324,Q9Y608,TPLSGNSSRRGSGDT,7,S
LSP1-T240,P33241,QYTQAIETAGRTPKL,7,T
LSR-S464,Q86X29,DEEWGGHSPRSPRGW,7,S
LUC7L-S336,Q9NQ29,ERASREESWESGRSE,7,S
LYAR-S260,Q9NX58,KQRKDSASEEEARVG,7,S
LYST-S494,Q99698,KSEQLHHSMCTRKRH,7,S
LYST-T497,Q99698,QLHHSMCTRKRHRRC,7,T
MADD-S818,Q8WXG6,PNSLRLASDSDAESD,7,S
MAP2K2-S222,P36507,VSGQLIDSMANSFVG,7,S
MAP2K2-S226,P36507,LIDSMANSFVGTRSY,7,S
MAP2K4-S80,P45985,IERLRTHSIESSGKL,7,S
MAP2K7-T66,O14733,ESSPQHPTPPARPRH,7,T
MAP3K1-S1018,Q13233,PCRIPSASPQTQRKF,7,S
MAP3K1-S1043,Q13233,NKDSDKLSPVFTQSR,7,S
MAP3K3-S166,Q99759,EPRSRHLSVSSQNPG,7,S
MAP3K3-Y181,Q99759,RSSPPPGYVPERQQH,7,Y
MAP3K7-S367,O43318,QSESGRLSLGASRGS,7,S
MAP3K7-S439,O43318,NGQPRRRSIQDLTVT,7,S
MAP3K7-S454,O43318,GTEPGQVSSRSSSPS,7,S
MAP4K4-S631,O95819,PVRTTSRSPVLSRRD,7,S
MAP4K4-S639,O95819,PVLSRRDSPLQGSGQ,7,S
MAP4K4-S900,O95819,QDPTRKGSVVNVNPT,7,S
MAP4K5-S433,Q9Y4K4,PQILRRQSSPSCGPV,7,S
MAP4K5-S434,Q9Y4K4,QILRRQSSPSCGPVA,7,S
MAP4-S1000,P27816,QIVSKKVSYSHIQSK,7,S
MAP7D1-S113,Q3KQU3,ARPPRRSSQPSPTAV,7,S
MAP7D1-S116,Q3KQU3,PRRSSQPSPTAVPAS,7,S
MAP7D1-S280,Q3KQU3,SSATLWNSPSRNRSL,7,S
MAP7D1-S442,Q3KQU3,RSLKKRQSLPASPRA,7,S
MAP7D1-S460,Q3KQU3,ASTASELSPKSKARP,7,S
MAP7D3-S524,Q8IWC1,IQKNCPPSPLPLISK,7,S
MAP9-S87,Q49MG5,DDEEKNPSKLLFLKT,7,S
MAPK14-T180,Q16539,RHTDDEMTGYVATRW,7,T
MAPK14-Y182,Q16539,TDDEMTGYVATRWYR,7,Y
MAPK1-T185,P28482,HDHTGFLTEYVATRW,7,T
MAPK1-Y187,P28482,HTGFLTEYVATRWYR,7,Y
MAPK3-T202,P27361,HDHTGFLTEYVATRW,7,T
MAPK3-Y204,P27361,HTGFLTEYVATRWYR,7,Y
MAPKBP1-S1198,O60336,SGLQKAQSVHSLVPQ,7,S
MAPRE1-S155,Q15691,KPKKPLTSSSAAPQR,7,S
MAPRE2-T25,Q15555,IIQDNNGTIIPFRKH,7,T
MARF1-S1567,Q9Y4F3,DMKSRLSSLSLSPAN,7,S
MARF1-S1571,Q9Y4F3,RLSSLSLSPANHENQ,7,S
MARF1-S716,Q9Y4F3,SARSVTSSPVEKKDK,7,S
MARK2-S392,Q7KZI7,NSSAPSPSHKVQRSV,7,S
MARK2-S498,Q7KZI7,RASLGQASIQNGKDS,7,S
MARK3-S543,P27448,TPVASTHSISSAATP,7,S
MARK3-S643,P27448,EGSSRNVSAEQKDEN,7,S
MAST2-S876,Q6P0Q8,PPTKRSLSEEKEDHS,7,S
MAST2-S931,Q6P0Q8,MTVRRRCSGLLDAPR,7,S
MAST3-S1203,O60307,APPPRSPSPLPGHPP,7,S
MAST3-S1215,O60307,HPPAPARSPRLRRGQ,7,S
MAST4-S1370,O15021,YRSGRRKSAGNIPLS,7,S
MAST4-S1377,O15021,SAGNIPLSPLARTPS,7,S
MAST4-S1779,O15021,PGLVAPESPVRKSPS,7,S
MATR3-T150,P43243,LQLKRRRTEEGPTLS,7,T
MBD4-S318,O95243,KKKERSLSSGSNFCS,7,S
MCM2-S31,P49736,LTSSPGRSSRRTDAL,7,S
MCM3-Y708,P25205,DGDSYDPYDFSDTEE,7,Y
MCM4-S26,P33991,TPAQTPRSEDARSSP,7,S
MCM4-T19,P33991,GSRRGRATPAQTPRS,7,T
MDC1-S485,Q14676,RALVRAHSEKDQPPF,7,S
MDC1-S995,Q14676,SQSGGRGSPVSPRRH,7,S
MDC1-T455,Q14676,TTERDSDTDVEEEEL,7,T
MDM1-S543,Q8TC05,VGGAVLVSPSKMKPP,7,S
MDM2-S166,Q00987,SSRRRAISETEENSD,7,S
MED14-S1136,O60244,PANPSLHSPVPDASH,7,S
MED14-S1144,O60244,PVPDASHSPRAGTSS,7,S
MED1-S1256,Q15648,LGSSGSLSQKTPPSS,7,S
MED1-S1463,Q15648,YTPQNLDSESESGSS,7,S
MED1-S1482,Q15648,SYQNSPSSDDGIRPL,7,S
MED1-S588,Q15648,SIKDRHESVGHGEDF,7,S
MEF2A-S235,Q02078,GFVNSRASPNLIGAT,7,S
METTL1-S27,Q9UBP6,YYRQRAHSNPMADHT,7,S
MFAP1-T267,P55081,AALDALNTDDENDEE,7,T
MIA2-S1125,Q96PC5,TAFGREHSPYGPSPL,7,S
MICAL1-S617,Q8TDZ2,AFKSMAHSPGPVSQA,7,S
MICALL1-S484,Q8N3F8,RPAPRAPSASPLALH,7,S
MICALL1-S486,Q8N3F8,APRAPSASPLALHAS,7,S
MICALL1-T647,Q8N3F8,SPAASPATKKATKGS,7,T
MIDEAS-Y624,Q6PJG2,TFIAPPVYSNITPYQ,7,Y
MIDEAS-Y630,Q6PJG2,VYSNITPYQSHLRSP,7,Y
MIEF1-T61,Q9NQG6,ISAPTSPTRLSHSGK,7,T
MINDY1-S103,Q8N5J2,MPQELPQSPRTRQPE,7,S
MIOS-T768,Q9NXC5,YGVSGSPTKSKVTSC,7,T
MKI67-S128,P46013,ARRVSRSSFSSDPDE,7,S
MKI67-S1380,P46013,CESSPPESADTPTST,7,S
MKI67-S1447,P46013,QKLDPAASVTGSKRH,7,S
MKI67-S1496,P46013,TTKIACRSQPDPVDT,7,S
MKI67-S1686,P46013,SPKQILDSAASLTGS,7,S
MKI67-S2173,P46013,QKLDPAASVTGSKRQ,7,S
MKI67-S2505,P46013,VSKLTRTSGETTQTH,7,S
MKI67-S3249,P46013,VKKIRTRSHRDSEDI,7,S
MKI67-T1167,P46013,FLALRKLTPSAGKAM,7,T
MKI67-T1764,P46013,RSLRKADTEEEFLAF,7,T
MKI67-T1897,P46013,FLAFRKLTPSAGKAM,7,T
MKI67-T347,P46013,YEPAKMKTPVQYSQQ,7,T
MKI67-Y1737,P46013,EKTTKVSYRASQPDL,7,Y
MKNK1-T385,Q9BUB5,APEKGLPTPQVLQRN,7,T
MKRN2-S139,Q9H000,SCSDPQPSPEMKPHS,7,S
MKRN2-S365,Q9H000,EKPRKQLSSQGTVRF,7,S
MLLT1-S361,Q03111,LEVEESNSEDEASFK,7,S
MMACHC-S275,Q9Y4U1,SWLSPRVSPPASPGP,7,S
MMTAG2-S220,Q9BU76,EATSSPTSPERPRHH,7,S
MNAT1-S279,P51948,LNHVRAASPQDLAGG,7,S
MON2-S1214,Q7Z3U7,RPFVRTDSIGEKLGR,7,S
MORC2-S725,Q9Y6X9,PVVKKTESPIKLSPA,7,S
MORC2-S730,Q9Y6X9,TESPIKLSPATPSRK,7,S
MORC2-S739,Q9Y6X9,ATPSRKRSVAVSDEE,7,S
MORC2-T733,Q9Y6X9,PIKLSPATPSRKRSV,7,T
MORC3-S514,Q14149,SVPRRHLSEGTNSYA,7,S
MPLKIP-Y45,Q8TAP9,PPSPRDGYGSPHHTP,7,Y
MPP1-Y48,Q00013,NTVTEDMYTNGSPAP,7,Y
MPRIP-S289,Q6WCQ1,QQLPPPLSPPSPSTP,7,S
MPRIP-S292,Q6WCQ1,PPPLSPPSPSTPNHR,7,S
MPRIP-S891,Q6WCQ1,GGGEATGSPLAQGKD,7,S
MPZL1-S210,O95297,CSTSESLSPVKQAPR,7,S
MRGBP-S197,Q9NV56,NSNPSSPSAAKRRRT,7,S
MRPS36-Y67,P82909,KSPDLLMYQGPPDTA,7,Y
MRTFA-S511,Q969V6,RAGSCCLSPGGRAEL,7,S
MSANTD2-S13,Q6P1R3,GSELPANSPLKIPKM,7,S
MSH6-S309,P52701,RMVTGNGSLKRKSSR,7,S
MSL2-S447,Q9HCI7,SHHFMPGSPTKTVYK,7,S
MSL3-S400,Q8N5Y2,PVHSRSSSPIPLTPS,7,S
MTA1-T564,Q13330,SSVLSSLTPAKVAPV,7,T
MTDH-S308,Q86UE4,EEKWNSVSPASAGKR,7,S
MTHFD1-T216,P11586,GDILVVATGQPEMVK,7,T
MTM1-S18,Q13496,SHSLENESIKRTSRD,7,S
MTM1-S588,Q13496,KLSDPPTSPSSPSQM,7,S
MTMR12-S564,Q9C0I1,FKHQRQLSLPLTQSK,7,S
MTMR1-S49,Q13613,PSVETLDSPTGSHVE,7,S
MTMR3-S633,Q13615,PLASRRCSDPSLNEK,7,S
MTMR6-S561,Q9Y217,LHSVHPESPNLKTSL,7,S
MTRR-S164,Q9UBK8,SRGQEEISGALPVAS,7,S
MVP-S864,Q14764,PLGRRVASGPSPGEG,7,S
MYBBP1A-S1241,Q9BQG0,APGAPTRSPSTPAKS,7,S
MYCBP2-S2869,O75592,LDPPRERSKSDSYTL,7,S
MYCBP2-S2871,O75592,PPRERSKSDSYTLDP,7,S
MYCBP2-S3478,O75592,TVFQRSYSVVASEYD,7,S
MYCBP2-T2683,O75592,LLDQNSQTPPPSPFS,7,T
MYCBP2-Y2874,O75592,ERSKSDSYTLDPDTL,7,Y
MYH9-S1916,P35579,AMNREVSSLKNKLRR,7,S
MYO1F-S992,O00160,PSTSLGASRRPRARP,7,S
MYO9B-S1115,Q13459,RSPLEHSSPEKEAPS,7,S
MYO9B-S1972,Q13459,ILIERIQSIKEEKED,7,S
MYO9B-S722,Q13459,MSSPGAQSHPEELPR,7,S
MYSM1-S110,Q5VVJ2,TAKIMVHSPTKPASY,7,S
NAA10-S182,P41227,AIENKVESKGNSPPS,7,S
NAA10-S209,P41227,AEDSGGDSKDLSEVS,7,S
NAA30-S39,Q147X3,GAALACCSEDEEDDE,7,S
NAB1-S183,Q13506,ADLGSPASPKESSEA,7,S
NAP1L4-S12,Q99733,SFSDGVPSDSVEAAK,7,S
NAP1L4-Y55,Q99733,VPHTPSSYIETLPKA,7,Y
NBEAL2-S1384,Q6ZNJ1,SGTLTPASQPGTPSP,7,S
NBEAL2-S2739,Q6ZNJ1,WRSSRRISQVSSGET,7,S
NBEAL2-T1388,Q6ZNJ1,TPASQPGTPSPLDGP,7,T
NCAPD2-S1333,Q15021,QPLASTASDNDFVTP,7,S
NCAPH2-S282,Q6IBW4,AALEPKESRSPQQSA,7,S
NCAPH2-S284,Q6IBW4,LEPKESRSPQQSAAL,7,S
NCBP1-T21,Q09161,QPHKRRKTSDANETE,7,T
NCBP3-S530,Q53F19,LGVPRQDSKGLYADT,7,S
NCK1-S85,P16333,GKVKRKPSVPDSASP,7,S
NCL-S580,P19338,TLFVKGLSEDTTEET,7,S
NCOA2-S771,Q15596,PKLERLDSKTDPASN,7,S
NCOA3-S857,Q9Y6Q9,PPYNRAVSLDSPVSV,7,S
NCOA3-S860,Q9Y6Q9,NRAVSLDSPVSVGSS,7,S
NCOA5-S377,Q9HCD5,RKERLMRSSTDSLPG,7,S
NCOA7-S208,Q8NI08,KPIERVLSSTSEEDE,7,S
NCOA7-S211,Q8NI08,ERVLSSTSEEDEPGV,7,S
NCOR1-S1111,O75376,YIKQEEFSPRSQNSQ,7,S
NCOR1-S1528,O75376,LTPTQRESIPAKSPV,7,S
NCOR1-S1533,O75376,RESIPAKSPVPGVDP,7,S
NCOR1-S1543,O75376,PGVDPVVSHSPFDPH,7,S
NCOR1-S97,O75376,EPFHPGPSPVDHDSL,7,S
NCOR2-S2058,Q9Y618,EPVSPVSSPSLTHDK,7,S
NDEL1-S231,Q9GZM8,GTENTFPSPKAIPNG,7,S
NDRG1-T366,Q92597,GTRSRSHTSEGAHLD,7,T
NDRG1-T375,Q92597,EGAHLDITPNSGAAG,7,T
NDRG3-S331,Q9UGV2,LARSRTHSTSSSLGS,7,S
NDRG3-T329,Q9UGV2,TRLARSRTHSTSSSL,7,T
NELFE-S113,P18615,TFQPFQRSISADDDL,7,S
NELFE-S115,P18615,QPFQRSISADDDLQE,7,S
NELFE-S51,P18615,GGVKRSLSEQPVMDT,7,S
NF1-S2543,P21359,KLLGTRKSFDHLISD,7,S
NF2-T581,P35240,HNTIKKLTLQSAKSR,7,T
NFATC2IP-S220,Q8NCF5,TRALKKLSEVNKRLQ,7,S
NFATC2-S148,Q13469,PLAGVAASPRFTLPV,7,S
NFATC2-S217,Q13469,AHYSPRTSPIMSPRT,7,S
NFATC2-S221,Q13469,PRTSPIMSPRTSLAE,7,S
NFATC2-S225,Q13469,PIMSPRTSLAEDSCL,7,S
NFATC2-S268,Q13469,VALPPGASPQRSRSP,7,S
NFATC2-S326,Q13469,PPKMWKTSPDPSPVS,7,S
NFATC3-S269,Q12968,GPSSRPTSPCGKRRH,7,S
NFIC-S339,P08651,KSPFNSPSPQDSPRL,7,S
NFIL3-S210,Q16649,SVQGSCRSPENKFQI,7,S
NFKB2-S161,Q00653,LQRQRLRSRPQGLTE,7,S
NFKB2-S858,Q00653,ETRDKLPSTAEVKED,7,S
NFKBIE-S157,O00221,AEESQYDSGIESLRS,7,S
NFXL1-S331,Q6ZNB6,ENPCHAGSCQPCPRV,7,S
NIBAN2-S692,Q96TA1,KAAPEASSPPASPLQ,7,S
NIFK-T277,Q9BYG3,VKEEIQETQTPTHSR,7,T
NIPBL-T713,Q6KC79,KGESRPETPKQKSDG,7,T
NIPBL-T746,Q6KC79,KGESRPETPKQKNEG,7,T
NKTR-S390,P30414,WSKGDKLSDPCSSRW,7,S
NLRC3-S61,Q7RTR2,LGPCSNDSRIQRHRK,7,S
NME2-T103,P22392,PADSKPGTIRGDFCI,7,T
NMT1-S83,P30419,DQPVKMNSLPAERIQ,7,S
NOL8-S1099,Q76FK4,ETDHRNSSPGEASLL,7,S
NOL8-S267,Q76FK4,DSITPSKSSPVPVSD,7,S
NOL8-S432,Q76FK4,IKLQKRKSNVESALS,7,S
NOP2-S58,P46087,AAKRRLGSVEAPKTN,7,S
NOSIP-S138,Q9Y314,AKALSGTSPDDVQPG,7,S
NR2C2-S68,P49116,TGKVILASPETSSAK,7,S
NR2C2-T54,P49116,PKQQFILTSPDGAGT,7,T
NSD1-S2573,Q96L73,TPGPLSQSPGLVKQA,7,S
NSD1-S486,Q96L73,LAFDSEHSADEKEKP,7,S
NSD1-S948,Q96L73,RGDCSTNSPVGVSKV,7,S
NSD3-S585,Q9BZ95,RRSIRTRSESEKSTE,7,S
NSD3-S587,Q9BZ95,SIRTRSESEKSTEVV,7,S
NUP107-S11,P57740,SGFGEISSPVIREAE,7,S
NUP107-S37,P57740,KRVLLQASQDENFGN,7,S
NUP153-S334,P49790,RIPSIVSSPLNSPLD,7,S
NUP153-S338,P49790,IVSSPLNSPLDRSGI,7,S
NUP153-S516,P49790,TNKVQMTSPSSTGSP,7,S
NUP153-T515,P49790,LTNKVQMTSPSSTGS,7,T
NUP160-S1157,Q12769,VYDRPGASPKRNHDG,7,S
NUP188-S1709,Q5SRE5,FRRGAPSSPATGVLP,7,S
NUP210-S1874,Q8TEM1,LPPARKASPPSGLWS,7,S
NUP214-S433,P35658,RQPKSPGSTPTTPTS,7,S
NUP214-S657,P35658,RSAQGSSSPVPSMVQ,7,S
NUP50-S221,Q9UKX7,KVAAETQSPSLFGST,7,S
NUP88-S49,Q99567,PASSSLPSSPPPQLL,7,S
NUP98-S1034,P52948,CSPRLPISASHSSKT,7,S
NUP98-T546,P52948,AAQKALTTPTHYKLT,7,T
OCC1-S28,Q8TAD7,AKDVTEESVTEDDKR,7,S
OCIAD1-S122,Q9NX40,RSGQARRSSPPGHYY,7,S
OPTN-S342,Q96CV9,QALERKNSAIPSELN,7,S
OPTN-S526,Q96CV9,SRHGARTSDSDQQAY,7,S
ORC1-S199,Q13415,AKSKSAESPSWTPAE,7,S
ORC2-T226,Q13416,SAPVGKETPSKRMKR,7,T
OSBPL11-S172,Q9BXB4,NPPLKSRSFSLASSS,7,S
OSBPL3-S265,Q9H4L5,IQGGSFESPKKEKRS,7,S
OSBPL3-S374,Q9H4L5,QDASSSPSAQVIGLK,7,S
OSBPL8-S63,Q9BZF1,TKDLHQPSLSPASPH,7,S
OSBPL8-S68,Q9BZF1,QPSLSPASPHSQGFE,7,S
OSBP-T332,P22059,ATVLPANTPGNVGSG,7,T
OTUD4-S443,Q01804,ESNYFGLSPEERREK,7,S
OTUD7B-S464,Q6GQQ9,EPRSTPESGDSDKES,7,S
OXCT1-Y174,P55809,EGGSPIKYNKDGSVA,7,Y
OXR1-S201,Q8N573,IRPARVVSSTSEEEE,7,S
OXR1-S202,Q8N573,RPARVVSSTSEEEEA,7,S
PAG1-S201,Q9NWQ8,AHLEKGHSGKAKSTS,7,S
PAG1-S229,Q9NWQ8,AEFAEYASVDRNKKC,7,S
PAK1-S204,Q13153,TKSVYTRSVIEPLPV,7,S
PAK2-S141,Q13177,TVKQKYLSFTPPEKD,7,S
PAK2-S152,Q13177,PEKDGFPSGTPALNA,7,S
PAK2-S197,Q13177,TKSIYTRSVIDPVPA,7,S
PALM2AKAP2-S979,Q9Y2D5,QVLQSTQSPRTKNAP,7,S
PANK2-S168,Q9BZ23,EPLRRRASSASVPAV,7,S
PANK2-S169,Q9BZ23,PLRRRASSASVPAVG,7,S
PAPOLG-S525,Q9BWT3,GLQSKRLSLDSSCLD,7,S
PAPOLG-S708,Q9BWT3,SRKKRLPSKELPDSS,7,S
PARN-S557,O95453,NHYYRNNSFTAPSTV,7,S
PARP1-S63,P09874,CFWKVGHSIRHPDVE,7,S
PATJ-S1212,Q8NI35,YKALTDDSDENEEED,7,S
PATL1-S177,Q86TB9,ERALPRRSTSPIIGS,7,S
PAXX-S148,Q9BUH6,AAEETAVSPRKSPRP,7,S
PBK-T9,Q96KB5,EGISNFKTPSKLSEK,7,T
PBRM1-S13,Q86U86,RRATSPSSSVSGDFD,7,S
PBRM1-S948,Q86U86,SGLHRTYSQDCSFKN,7,S
PCBP1-S173,Q15365,MLETLSQSPQGRVMT,7,S
PCBP1-Y183,Q15365,GRVMTIPYQPMPASS,7,Y
PCBP2-S187,Q15366,IPYRPKPSSSPVIFA,7,S
PCF11-S509,O94913,SPKRRQRSMSPTSTP,7,S
PCF11-S511,O94913,KRRQRSMSPTSTPKA,7,S
PCM1-S1283,Q15154,TFKTRKASAQASLAS,7,S
PCM1-T77,Q15154,PGVGRRRTKTPHTFP,7,T
PCNP-S119,Q8WW12,AFNEDEDSEPEEMPP,7,S
PCNT-S1653,O95613,RALLRRESEVLDLKE,7,S
PCNT-S44,O95613,KTAKRKGSAVDASVQ,7,S
PCNT-S610,O95613,HQLEALESPLCIQHE,7,S
PCNT-T2362,O95613,SGGPEAQTAGPVTPA,7,T
PCYT1A-S321,P49585,ISPKQSPSSSPTRER,7,S
PDCD4-S323,Q53EL6,GSGGGQQSVNHLVKE,7,S
PDCD4-S457,Q53EL6,RGRKRFVSEGDGGRL,7,S
PDE3B-S295,Q13370,VIRPRRRSSCVSLGE,7,S
PDE3B-S299,Q13370,RRRSSCVSLGETAAS,7,S
PDE4A-S85,P27815,GLRTTRMSWPSSFHG,7,S
PDHA1-S232,P08559,NRYGMGTSVERAAAS,7,S
PDHA1-S300,P08559,SMSDPGVSYRTREEI,7,S
PDHA1-Y289,P08559,MELQTYRYHGHSMSD,7,Y
PDIA5-S54,Q14554,NNVLVLYSKSEVAAE,7,S
PDLIM2-T279,Q96JY6,PASRALATPPKLHTC,7,T
PDPK1-T10,Q6A1A2,RTQTESSTPPGIPGG,7,T
PDPK1-T37,O15530,RTQTESSTPPGIPGG,7,T
PEA15-S116,Q15121,KDIIRQPSEEEIIKL,7,S
PEAK1-S1036,Q9H792,EKKRSHSSPSQIPKK,7,S
PEAK1-S826,Q9H792,SLFTSQPSGEAEAPQ,7,S
PECAM1-S653,P16284,NSNNEKMSDPNMEAN,7,S
PEX16-S158,Q9Y5Y5,QPPDGDHSPGNHEQS,7,S
PEX16-S183,Q9Y5Y5,RTLQNTPSLHSRHWG,7,S
PFKFB2-S466,O60825,PVRMRRNSFTPLSSS,7,S
PFKFB2-S483,O60825,IRRPRNYSVGSRPLK,7,S
PFKFB3-S461,Q16875,NPLMRRNSVTPLASP,7,S
PFKFB3-S467,Q16875,NSVTPLASPEPTKKP,7,S
PGRMC1-Y180,O00264,EGEEPTVYSDEEEPK,7,Y
PHACTR2-T25,O75167,GPTAGSQTPPFKRKG,7,T
PHACTR4-S118,Q8IZ21,IGNARSSSPVQVEEE,7,S
PHACTR4-S131,Q8IZ21,EEPVRLASLRKAIPE,7,S
PHACTR4-S557,Q8IZ21,MKLNHRPSEPELNLN,7,S
PHACTR4-S628,Q8IZ21,RRLTRKLSQRPTVAE,7,S
PHC3-T614,Q8NDX5,DRTPPPPTLSPAAIT,7,T
PHF14-S835,O94880,RTRGRKRSFVPEEEK,7,S
PHF20L1-S433,A8MW92,DSVEKVSSPSPATDG,7,S
PHF23-S74,Q9BUL5,RGESAADSDGWDSAP,7,S
PHF23-S79,Q9BUL5,ADSDGWDSAPSDLRT,7,S
PHF6-S145,Q8IWS0,SEADLEESFNEHELE,7,S
PHIP-S1315,Q8WWQ0,RLRNRAQSYDIQAWK,7,S
PHIP-S674,Q8WWQ0,TSRLSRGSISSTSEV,7,S
PHKB-S700,Q93100,HSKVKRQSSTPSAPE,7,S
PHKB-S701,Q93100,SKVKRQSSTPSAPEL,7,S
PHRF1-S814,Q9P1Y6,EQRKENPSPLFSIKK,7,S
PHRF1-S864,Q9P1Y6,SEITRTISINSPKAQ,7,S
PHRF1-S867,Q9P1Y6,TRTISINSPKAQTVQ,7,S
PHRF1-T1404,Q9P1Y6,RALVKRVTWNLQESE,7,T
PI4K2A-S44,Q9BTU6,RVAAAAGSGPSPPGS,7,S
PI4K2A-S47,Q9BTU6,AAAGSGPSPPGSPGH,7,S
PI4KA-S260,P42356,RKTSSVSSISQVSPE,7,S
PI4KA-S265,P42356,VSSISQVSPERGMPP,7,S
PI4KB-S425,Q9UBF8,IPENRIRSTRSVENL,7,S
PI4KB-T426,Q9UBF8,PENRIRSTRSVENLP,7,T
PIK3C2A-S259,O00443,KVSNLQVSPKSEDIS,7,S
PIK3R5-S432,Q8WYR1,YKLFKSTSQLVLRRD,7,S
PIK3R5-S458,Q8WYR1,LPLRRAGSLCSPLDE,7,S
PIP5K1A-S475,Q99755,SFSRRAGSSGNSCIT,7,S
PITPNM1-S1205,O00562,VDFLRKQSQLLRSRG,7,S
PJA2-S323,O43164,PKVRKLISSSQVDQE,7,S
PKP4-S337,Q99569,QGQVGSSSPKRSGMT,7,S
PLCB2-S958,Q00722,KGSRKKRSLPREESA,7,S
PLCG1-S1233,P19174,TSLRERGSDASGQLF,7,S
PLCG1-S1248,P19174,HGRAREGSFESRYQQ,7,S
PLCH2-S595,O75038,SKLKKAASVEEGDEG,7,S
PLCL2-S123,Q9UPR0,RERKKTVSFSSMPTE,7,S
PLCL2-T121,Q9UPR0,QKRERKKTVSFSSMP,7,T
PLEC-S149,Q15149,RKELEEVSPETPVVP,7,S
PLEC-S1732,Q15149,KTAQLERSLQEEHVA,7,S
PLEC-S4613,Q15149,QSTKGYYSPYSVSGS,7,S
PLEKHA2-S314,Q9HB19,TSFSRSISLTRPGSS,7,S
PLEKHA2-S349,Q9HB19,KALCKAPSVASSWQP,7,S
PLEKHA3-S289,Q9HB20,RLMAKKQSESEDTLP,7,S
PLEKHF1-S243,Q96S99,RPICGASSGDDDDSD,7,S
PLEKHG2-S1265,Q9H7P9,PPHSPPPSSRQLLGP,7,S
PLEKHM1-S432,Q9Y4G2,GLKLVVSSPTSPKNK,7,S
PLEKHM1-T434,Q9Y4G2,KLVVSSPTSPKNKSW,7,T
PLEKHO1-S227,Q53GL0,GSRRRADSDRIQPSA,7,S
PLEKHO1-S239,Q53GL0,PSADRASSLSRPWEK,7,S
PLEKHO1-Y253,Q53GL0,KTDKGATYTPQAPKK,7,Y
PLIN3-S130,O60664,ELVSSKVSGAQEMVS,7,S
PLPP6-S26,Q8IY26,SSSSSPGSPAHGGGG,7,S
PML-S504,P29590,KEARLARSSPEQPRP,7,S
PNKP-T122,Q96T60,QPDTPPGTPLVSQDE,7,T
PNN-S96,Q9H307,ERRTRRESRQESDPE,7,S
POLA1-S186,P09884,MILKKKRSIGASPNP,7,S
POLR1F-S304,Q3B726,SDSSGYQSDHKKKKK,7,S
POLR1G-S490,O15446,GPPLNSESGEEAPTG,7,S
POLR1G-T287,O15446,EDTVLSPTKKRKRQK,7,T
POLR2A-S1864,P24928,SPKYSPTSPKYSPTS,7,S
POLR2A-S1871,P24928,SPKYSPTSPKYSPTS,7,S
POLR2A-Y1853,P24928,YSPSSPEYTPTSPKY,7,Y
POLR2A-Y1860,P24928,YTPTSPKYSPTSPKY,7,Y
POLR2M-S179,P0CAP2,HPRHRVSSQAEDTSS,7,S
POM121C-S415,A8CG34,GPSSSPFSSPASSRS,7,S
POM121C-S81,A8CG34,RGSRPLSSFVQKARH,7,S
PPFIBP2-S329,Q8ND30,GPSERTLSINEEEPE,7,S
PPFIBP2-S385,Q8ND30,TRAQKKLSCSLEDLR,7,S
PPFIBP2-S387,Q8ND30,AQKKLSCSLEDLRSE,7,S
PPHLN1-S172,Q8NEY8,HQSQHRKSVRPGASY,7,S
PPHLN1-S201,Q8NEY8,PVQSLKTSRDTSPSS,7,S
PPIG-T358,Q13427,DRFRRSETPPHWRQE,7,T
PPIP5K2-S1180,O43314,PIMRKKVSLNTYTPA,7,S
PPM1G-S527,O15355,RKLEEVLSTEGAEEN,7,S
PPME1-S15,Q9Y570,MHLGRLPSRPPLPGS,7,S
PPP1R10-S247,Q96QC0,PIPLKRQSNVAAPGD,7,S
PPP1R10-T256,Q96QC0,VAAPGDATPPAEKKY,7,T
PPP1R11-S77,O60927,FGESSTESDEEEEEG,7,S
PPP1R12A-S507,O14974,TIPRRLASTSDIEEK,7,S
PPP1R12A-S995,O14974,RALERRISEMEEELK,7,S
PPP1R13L-S183,Q8WUF5,DFLGRAGSPRGSPLA,7,S
PPP1R13L-S187,Q8WUF5,RAGSPRGSPLAEGPQ,7,S
PPP1R18-S209,Q6NYC8,RSLRLAESREQSPRR,7,S
PPP1R18-S213,Q6NYC8,LAESREQSPRRKEVE,7,S
PPP1R18-T493,Q6NYC8,ATPTSPATVDAAVPG,7,T
PPP1R21-S101,Q6ZMI0,GESSSQLSQEQKSVF,7,S
PPP1R3E-S33,Q9H7J1,YYRSQRPSLEEEPEE,7,S
PPP2R5D-S573,Q14738,KVLLRRKSELPQDVY,7,S
PPP3CB-S478,P16298,SPPHRICSFEEAKGL,7,S
PPP6R1-S726,Q9UPN7,VPTDAPTSPRVSGEE,7,S
PRAG1-S510,Q86YV5,RGPVSQNSEVGEEET,7,S
PRDM11-Y70,Q9NQV5,SPLRDQEYGQPCSRR,7,Y
PRDM2-S421,Q13029,AGLKRKPSQTLQPSE,7,S
PRICKLE3-S453,O43900,VPEPPPESPGQPNLR,7,S
PRIMPOL-S255,Q96LW4,KKLERLGSAEQSSPD,7,S
PRKAA1-S397,Q13131,DELNPQKSKHQGVRK,7,S
PRKAA1-T488,Q13131,ITEAKSGTATPQRSG,7,T
PRKAB1-S182,Q9Y478,DVSELSSSPPGPYHQ,7,S
PRKAR2A-S58,P13861,PAATPRQSLGHPPPE,7,S
PRKCB-S311,P05771,KFERAKISQGTKVPE,7,S
PRKCB-T314,P05771,RAKISQGTKVPEEKT,7,T
PRKCB-T500,P05771,WDGVTTKTFCGTPDY,7,T
PRKCD-S304,Q05655,RASRRSDSASSEPVG,7,S
PRKCD-T43,Q05655,LSTERGKTLVQKKPT,7,T
PRKCQ-S323,Q04759,VEIGLPCSIKNEARP,7,S
PRKCQ-S685,Q04759,ADRALINSMDQNMFR,7,S
PRKCQ-T538,Q04759,LGDAKTNTFCGTPDY,7,T
PRKD2-S214,Q9BZL6,VRLGTSESLPCTAEE,7,S
PRKD2-S518,Q9BZL6,VILQDAPSAPGHAPH,7,S
PRKD2-S710,Q9BZL6,GEKSFRRSVVGTPAY,7,S
PRKDC-T2645,P78527,TQQQHDFTLTQTADG,7,T
PROSER3-S356,Q2NL68,LQPEVPLSPAEQATT,7,S
PRPF19-S205,Q9UMS4,LVKPEELSKYRQVAS,7,S
PRPF4B-Y140,Q13523,MGLILQGYESGSEEE,7,Y
PRPF6-S143,O94906,PKIQQQFSDLKRKLA,7,S
PRR12-S1135,Q9ULL5,CRSRPALSPLGDIDF,7,S
PRR12-Y380,Q9ULL5,AGGGGGGYRPIIQSP,7,Y
PRRC2A-S1106,P48634,KRRRQRGSETGSETH,7,S
PRRC2A-S166,P48634,SSLLSRFSREEFPTL,7,S
PRRC2A-S456,P48634,WRQRRKQSSSEISLA,7,S
PRRC2A-T1087,P48634,RGRTASETRSEGSEY,7,T
PRRC2A-T1112,P48634,GSETGSETHESDLAP,7,T
PRRC2A-T172,P48634,FSREEFPTLQAAGDQ,7,T
PRRC2C-S1544,Q9Y520,EIAKRSFSSQRPVDR,7,S
PRRC2C-S633,Q9Y520,PVFTRQDSNRSEKEA,7,S
PRRC2C-T1265,Q9Y520,RRQRGSETDTDSEIH,7,T
PRRC2C-T1267,Q9Y520,QRGSETDTDSEIHES,7,T
PSD4-S477,Q8NDX1,PQLQHHSSGILPKWT,7,S
PSIP1-S129,O75475,TDHEEKASNEDVTKA,7,S
PSMB6-T65,P28072,SYIANRVTDKLTPIH,7,T
PSTPIP1-S298,O43586,EVTPLTSSPGIQPSC,7,S
PTDSS1-S11,P48651,CVGSRTLSKDDVNYK,7,S
PTDSS1-S425,P48651,ECEDGTYSPEISWHH,7,S
PTDSS1-S442,P48651,GTKGSEDSPPKHAGN,7,S
PTGER4-S245,P35408,SRGHPAASPALPRLS,7,S
PTPN1-S50,P18031,RNRYRDVSPFDHSRI,7,S
PTPN22-S449,Q9Y2R2,VPITRTKSTPFELIQ,7,S
PTPN6-Y536,P29350,QKGQESEYGNITYPP,7,Y
PTPN7-S143,P35236,VCLGRAQSQEDGDYI,7,S
PTPN7-T66,P35236,EPICSVNTPREVTLH,7,T
PTPRK-S856,Q15262,YLCEGTESPYQTGQL,7,S
PUM2-S587,Q8TB72,SSATRRESLSTSSDL,7,S
PUM2-S75,Q8TB72,GQGFHGNSEVNAILS,7,S
PVR-S406,P15151,SAVSRENSSSQDPQT,7,S
PXN-S106,P49023,NPQDSVGSPCSRVGE,7,S
PYCR2-S304,Q96C36,VSTLTPSSPGKLLTR,7,S
R3HDM1-S362,Q15032,SEPRPWSSTDSDSSL,7,S
R3HDM1-S381,Q15032,PAVTKASSFSGISVL,7,S
R3HDM1-S973,Q15032,RQAKKAASTDLGAGE,7,S
RAB10-S188,P61026,SENVDISSGGGVTGW,7,S
RAB11FIP1-S345,Q6WKZ4,SSPSSSPSPKGFRKK,7,S
RAB11FIP1-S389,Q6WKZ4,SESSTKDSLKSMTLP,7,S
RAB3GAP1-S537,Q15042,RDEGKKTSASDVTNI,7,S
RAB5A-S193,P20339,PQNPGANSARGRGVD,7,S
RABEP1-S407,Q15276,DGLRRAQSTDSLGTS,7,S
RABGAP1-S42,Q9Y3P9,TPSTNNGSDDEKTGL,7,S
RABGAP1-T1002,Q9Y3P9,DTDEEKETLKNQLRE,7,T
RACGAP1-S203,Q9H0H5,GPVKKTRSIGSAVDQ,7,S
RAF1-S296,P04049,SPSALSSSPNNLSPT,7,S
RAF1-S301,P04049,SSSPNNLSPTGWSQP,7,S
RAF1-S43,P04049,FGYQRRASDDGKLTD,7,S
RALBP1-S29,Q15311,SGLTRTPSSEEISPT,7,S
RALB-Y154,P11234,AEEWGVQYVETSAKT,7,Y
RALGAPA1-S721,Q6GYQ0,KSFSRGWSRDQPGQA,7,S
RALGAPA2-S820,Q2PPJ7,TILVRRSSSPAELDL,7,S
RALGPS2-S296,Q86X27,STPRSAASREDLVGP,7,S
RALY-S288,Q9UKM9,EEGLLTHSEEELEHS,7,S
RALY-T286,Q9UKM9,GDEEGLLTHSEEELE,7,T
RANBP1-S60,P43487,AKLFRFASENDLPEW,7,S
RANBP2-S1400,P49792,TVFTPKTSPENVQDR,7,S
RANBP2-S1456,P49792,SSFVHQASFKFGQGD,7,S
RANBP2-S1573,P49792,CQNPDKPSPSTSVPA,7,S
RANBP2-S1869,P49792,GHVDQENSPSFMFQG,7,S
RANBP2-S2805,P49792,SITKSISSPSVSSET,7,S
RANBP2-T1144,P49792,PGKSVFGTPTLETAN,7,T
RAPGEF1-S296,Q13905,KKRQSAPSPTRVAVV,7,S
RAPGEF1-S371,Q13905,LSSLDRDSGQCSRNT,7,S
RAPGEF1-Y478,Q13905,GSGCRVSYERHPSQY,7,Y
RAPGEF6-S1070,Q8TEU7,MFRQRSLSQGSTNSN,7,S
RAPGEF6-S1237,Q8TEU7,VASSLHSSPPASPQG,7,S
RAPGEF6-S1427,Q8TEU7,TCGQCKGSLERKSWT,7,S
RASA3-S809,Q14644,FKKTKYGSQEHPIGD,7,S
RASA3-Y807,Q14644,DKFKKTKYGSQEHPI,7,Y
RASAL3-S164,Q86YV0,PRRPRVGSASSEGSI,7,S
RASAL3-S166,Q86YV0,RPRVGSASSEGSIHV,7,S
RASAL3-S170,Q86YV0,GSASSEGSIHVAMGN,7,S
RASAL3-S224,Q86YV0,EPRDGPPSALGSRES,7,S
RASAL3-S228,Q86YV0,GPPSALGSRESLATL,7,S
RASAL3-S231,Q86YV0,SALGSRESLATLSEL,7,S
RASAL3-S785,Q86YV0,HTPLISKSQSLRSVR,7,S
RASAL3-S787,Q86YV0,PLISKSQSLRSVRRS,7,S
RASAL3-S790,Q86YV0,SKSQSLRSVRRSESW,7,S
RASAL3-S857,Q86YV0,ARPWTRDSASLPRKP,7,S
RASAL3-S859,Q86YV0,PWTRDSASLPRKPSV,7,S
RASAL3-S865,Q86YV0,ASLPRKPSVPWQRQM,7,S
RASAL3-S949,Q86YV0,AGSSEFDSEHNLTSN,7,S
RASAL3-T884,Q86YV0,DRNQALGTHRPVNKL,7,T
RASGRF2-S746,O14827,PVRARKLSLTSPLNS,7,S
RASSF2-T137,P50749,LKPLQEDTPQLMRTR,7,T
RAVER1-T463,Q8IY67,GPPAAQLTPPPAPVG,7,T
RB1CC1-S647,Q8TDY2,KASVSQTSPQSASSP,7,S
RB1-S624,P06400,GSTTRVNSTANAETQ,7,S
RB1-S794,P06400,RSPYKFPSSPLRIPG,7,S
RB1-S795,P06400,SPYKFPSSPLRIPGG,7,S
RB1-T826,P06400,LPTPTKMTPRSRILV,7,T
RB1-Y790,P06400,PHIPRSPYKFPSSPL,7,Y
RBBP6-S1695,Q7Z6E9,SRNQSHSSPSVSPSR,7,S
RBBP6-S1699,Q7Z6E9,SHSSPSVSPSRSHSP,7,S
RBL1-S1037,P28749,KRVIAIDSDAESPAK,7,S
RBL1-S640,P28749,RRDMQPLSPISVHER,7,S
RBL2-S1082,Q08999,YYFSNSPSKRLREIN,7,S
RBL2-S1110,Q08999,GILLEDGSESPAKRI,7,S
RBL2-S1112,Q08999,LLEDGSESPAKRICP,7,S
RBL2-S672,Q08999,TLYDRYSSPPASTTR,7,S
RBL2-S952,Q08999,DSRSHQNSPTELNKD,7,S
RBL2-S982,Q08999,LPVPQPSSAPPTPTR,7,S
RBM10-S718,P98175,MDLPKLASDDRPSPP,7,S
RBM10-S723,P98175,LASDDRPSPPRGLVA,7,S
RBM12B-S839,Q8IXT5,EEDFRCPSDEDFRQL,7,S
RBM14-S618,Q96PK6,LSDYRRLSESQLSFR,7,S
RBM14-T629,Q96PK6,LSFRRSPTKSSLDYR,7,T
RBM15B-S267,Q8NDT2,QYKQRSLSPVAAPPL,7,S
RBM15-S128,Q96T37,SRLHSYSSPSTKNSS,7,S
RBM15-S212,Q96T37,SHLSGSGSGDERVAF,7,S
RBM25-S675,P49756,LSLKLGASNSPGQPN,7,S
RBM27-S769,Q9P2N5,ASHLLNQSGGAGEDC,7,S
RBM34-S14,P42696,SKRKRKRSVQEGENP,7,S
RBM7-S136,Q9Y580,QIIQRSFSSPENFQR,7,S
RBM7-Y117,Q9Y580,TSTSPSRYERTMDNM,7,Y
RBMX-Y246,P38159,RDYTYRDYGHSSSRD,7,Y
RC3H1-S535,Q5TC82,LSSSAPGSPPDLLES,7,S
RCSD1-S116,Q6JBY9,PGLKAMVSPFHSPPS,7,S
RCSD1-S120,Q6JBY9,AMVSPFHSPPSTPSS,7,S
RCSD1-S127,Q6JBY9,SPPSTPSSPGVRSRP,7,S
RCSD1-S179,Q6JBY9,RRFRRSQSDCGELGD,7,S
RCSD1-T124,Q6JBY9,PFHSPPSTPSSPGVR,7,T
RECQL4-S27,O94761,RQRGRRPSQDDVEAA,7,S
RECQL4-S323,O94761,NPRYHGLSPSSQARA,7,S
RECQL5-S858,O94762,WKGKRPRSQQENPES,7,S
RELL1-S244,Q8IUW5,SNQKERRSLMSVSGA,7,S
REPIN1-S426,Q9BWE0,VAHSRVHSGERPFAC,7,S
REPS1-S143,Q96D71,RGQVKKGSVSHDTVQ,7,S
REPS1-S273,Q96D71,IEIRRQSSSYDDPWK,7,S
RERE-S594,Q9P2R6,GRKKQPASPDGRTSP,7,S
RERE-S681,Q9P2R6,ISRPNSPSEGEGESS,7,S
RFC1-S281,P35251,QVSDERKSYSPRKQS,7,S
RFC1-S283,P35251,SDERKSYSPRKQSKY,7,S
RFC1-S368,P35251,PAKKESVSPEDSEKK,7,S
RFC1-Y67,P35251,SKKKRIIYDSDSESE,7,Y
RFX1-S159,P22670,QAKPGHVSPLQLTNI,7,S
RFX7-S1081,Q2KHR2,NSSVSGHGILPSYQE,7,S
RFXAP-S179,O00287,DKYKKKKSDQALNCG,7,S
RGS14-S478,O43566,ATHPPPASPSSLVKV,7,S
RGS19-S65,P49795,AWQASRESKLQPLPS,7,S
RGS3-S917,P49796,RSEAKRSSMIETGQG,7,S
RGS3-S943,P49796,SLRRRTHSEGSLLQE,7,S
RIC1-S1017,Q4ADV7,FFRNRSISLSQSAEN,7,S
RIC1-S1037,Q4ADV7,FSLQKTLSMPSGPSG,7,S
RIC8A-Y435,Q9NPQ8,GGRPEGQYSEDEDTD,7,Y
RICTOR-S1284,Q6R327,LSLSKSNSVSLVPPG,7,S
RICTOR-S1388,Q6R327,MKALSYASLDKEDLL,7,S
RICTOR-Y1386,Q6R327,RFMKALSYASLDKED,7,Y
RIF1-S2157,Q5UIP0,ELDPSLVSANDSPSG,7,S
RIF1-S2265,Q5UIP0,FLSPGSRSPKFKSSK,7,S
RIF1-S2348,Q5UIP0,IKTLPIRSPKVSNVK,7,S
RILPL2-S107,Q969X0,VEGLRRQSPPASGEV,7,S
RIPK1-S330,Q13546,LDCVAVPSSRSNSAT,7,S
RIPK1-S331,Q13546,DCVAVPSSRSNSATE,7,S
RIPOR1-S357,Q6ZS17,QSPPDTPSLREQAFY,7,S
RIPOR2-S585,Q9Y4F9,MATDRLLSEGSVGGE,7,S
RNF168-S134,Q8IYW5,VAAERRASEEEENKA,7,S
RNF213-T2859,Q63HN8,SPKMPLKTLHPLLED,7,T
RNF214-S47,Q8ND24,SAQKQKNSPLLSVSS,7,S
RNF31-S437,Q96EP0,VMCNRTSSPIPAQHA,7,S
RNF31-S466,Q96EP0,PGPPRRLSAPLPSSC,7,S
RPA2-Y20,P15927,SYGGAGGYTQSPGGF,7,Y
RPL29-S31,P47914,PRSQRYESLKGVDPK,7,S
RPL37A-Y37,P61513,EISQHAKYTCSFCGK,7,Y
RPP30-S251,P78346,TVKKPRPSEGDEDCL,7,S
RPRD2-S1021,Q5VT52,KNASRKPSDDKHFGQ,7,S
RPRD2-S374,Q5VT52,DVEDMELSDVEDDGS,7,S
RPRD2-S614,Q5VT52,SKASIGQSPGLPSTT,7,S
RPS14-T140,P62263,TPIPSDSTRRKGGRR,7,T
RPS26-S76,P62854,VKLHYCVSCAIHSKV,7,S
RPS6KA1-S363,Q15418,TSRTPKDSPGIPPSA,7,S
RPS6KA1-S369,Q15418,DSPGIPPSAGAHQLF,7,S
RPS6KA1-S380,Q15418,HQLFRGFSFVATGLM,7,S
RPS6KA1-T359,Q15418,DTEFTSRTPKDSPGI,7,T
RPS6KA3-S227,P51812,DHEKKAYSFCGTVEY,7,S
RPS6KA3-S369,P51812,TAKTPKDSPGIPPSA,7,S
RPS6KA3-S375,P51812,DSPGIPPSANAHQLF,7,S
RPS6KA3-T365,P51812,DPEFTAKTPKDSPGI,7,T
RPS6KB1-S441,P23443,SPRRFIGSPRTPVSP,7,S
RPS6KB1-T444,P23443,RFIGSPRTPVSPVKF,7,T
RPS9-S153,P46781,SFIVRLDSQKHIDFS,7,S
RPTOR-S122,Q8N122,PRARYKQSLDPTVDE,7,S
RPTOR-T126,Q8N122,YKQSLDPTVDEVKKL,7,T
RRBP1-S1277,Q9P2E9,IAGAPASSPEAPPAE,7,S
RREB1-S120,Q92766,DRHMLVHSGERPYKC,7,S
RRM2-S20,P31350,DPQQLQLSPLKGLSL,7,S
RSL1D1-T465,O76021,PEAKFFTTPSKSVRK,7,T
RSRC2-S376,Q7L4I2,RKLMGIKSEDEAGCS,7,S
RTF2-S268,Q9BY42,PCGATKRSIADSEES,7,S
RTTN-S314,Q86VV8,GSSSPRPSVVGRTGQ,7,S
RUFY1-T74,Q96T51,LTLARRATGNLSASC,7,T
RUFY2-T276,Q8WXA3,TQQHLEVTKVDVETE,7,T
SAFB2-S233,Q14151,SEPVKEESSELEQPF,7,S
SAMSN1-S90,Q9NSI8,KKYIKALSEEKDEED,7,S
SAP30BP-S18,Q9UHR5,LAVYAEDSEPESDGE,7,S
SAP30BP-S22,Q9UHR5,AEDSEPESDGEAGIE,7,S
SARAF-Y307,Q96BY9,PGTWNRAYSPLHGGS,7,Y
SARNP-S163,P82979,RFGLNVSSISRKSED,7,S
SASH3-S120,O75995,SPDYSLDSPGPEKMA,7,S
SASH3-S34,O75995,SFKDFAKSKPSSPVV,7,S
SASH3-S97,O75995,KMMVKALSEEMADTL,7,S
SASH3-Y116,O75995,ASPTSPDYSLDSPGP,7,Y
SBF1-S560,O95248,CSGLHVNSARRLEVV,7,S
SCAF11-S798,Q99590,RSRFHSPSTTWSPNK,7,S
SCML2-S590,Q9UQR0,SPLVGDISPKSSPHE,7,S
SCRIB-T1342,Q14160,DAPAQPPTPGPAASP,7,T
SEC14L1-Y243,Q92503,DDKLDADYIKRYLGD,7,Y
SEC16A-S1369,O15027,SLASRRSSLSSHSHQ,7,S
SEC16A-S2081,O15027,GPTQPPLSLSPAPET,7,S
SEC16A-S2083,O15027,TQPPLSLSPAPETKR,7,S
SEC23IP-S926,Q9Y6Y8,EAEKVVESPDFSKDE,7,S
SEC61B-S14,P60468,SGTNVGSSGRSPSKA,7,S
SEC61B-S49,P60468,RSAGRTTSAGTGGMW,7,S
SEMA4D-Y561,Q92854,PDKSKGSYRQHFFKH,7,Y
SENP1-S108,Q9P0U3,STPSSSSSLQKSRNS,7,S
SENP7-S92,Q9BQF6,CPVTSKSSPERQLKV,7,S
SEPTIN1-S317,Q8WYJ6,RASRSKLSRQSATEI,7,S
SEPTIN1-S320,Q8WYJ6,RSKLSRQSATEIPLP,7,S
SEPTIN6-S388,Q14141,KLEDKKKSLDDEVNA,7,S
SEPTIN6-T418,Q14141,SQAGGSQTLKRDKEK,7,T
SEPTIN9-S30,Q9UHD8,SGPALKRSFEVEEVE,7,S
SERBP1-S53,Q8NC51,VGGPGAKSAAQAAAQ,7,S
SETD1A-S1103,O15047,VPERVAGSPVTPLPE,7,S
SETD1A-S464,O15047,RTSPRPASPARSGSP,7,S
SETD1A-T1106,O15047,RVAGSPVTPLPEQEA,7,T
SETX-S1366,Q7Z333,QKNRRRLSDCESTDV,7,S
SETX-T2474,Q7Z333,PVLQRSLTHPPTIAP,7,T
SF3A2-S13,Q15428,RPGGKTGSGGVASSS,7,S
SF3B1-S322,O75533,RTDRGGDSIGETPTP,7,S
SF3B1-T267,O75533,HTPAGAATPGRGDTP,7,T
SF3B1-T328,O75533,DSIGETPTPGASKRK,7,T
SFMBT1-S767,Q9UHJ3,ELRTFSFSDDENKPP,7,S
SFMBT1-S775,Q9UHJ3,DDENKPPSPKEIRIE,7,S
SFPQ-S33,P23246,GGLHDFRSPPPGMGL,7,S
SGPP1-S101,Q9BX95,AAELGPASPRRAGAL,7,S
SGTA-S305,O43765,QIRSRTPSASNDDQQ,7,S
SGTA-T303,O43765,RSQIRSRTPSASNDD,7,T
SGTB-S295,Q96EQ0,RNHIRSRSFSSSAEE,7,S
SGTB-S297,Q96EQ0,HIRSRSFSSSAEEHS,7,S
SH2D3C-S339,Q8N5H7,YGLGQGSSKPASPVS,7,S
SH2D3C-S447,Q8N5H7,SPVARRSSEPQLCPG,7,S
SH3GL1-S288,Q99961,PKIAASSSFRSSDKP,7,S
SH3GL1-S291,Q99961,AASSSFRSSDKPIRT,7,S
SH3GL1-S292,Q99961,ASSSFRSSDKPIRTP,7,S
SH3KBP1-S156,Q96B97,SNFIKELSGESDELG,7,S
SHKBP1-S637,Q8TBC3,TSLHSASSNTSLSGH,7,S
SHKBP1-T639,Q8TBC3,LHSASSNTSLSGHRG,7,T
SIK3-S866,Q9Y2K2,RPLSKQLSADSAEAH,7,S
SIPA1L1-S1087,O43166,QVPSQVQSPMTSRLN,7,S
SIPA1L3-S97,O60292,REALREHSNPSPSQD,7,S
SIPA1-S908,Q96FS4,SFLPRTLSLRNSISR,7,S
SIPA1-S912,Q96FS4,RTLSLRNSISRIMSE,7,S
SIRT1-S26,Q96EB6,GADREAASSPAGEPL,7,S
SIRT1-S27,Q96EB6,ADREAASSPAGEPLR,7,S
SKA3-S152,Q8IX90,SSCISEKSPRSPQLS,7,S
SLAIN1-S431,Q8ND83,VTVRNSQSFDSSLHG,7,S
SLAMF1-T272,Q13291,KTNHYQTTVEKKSLT,7,T
SLAMF6-Y285,Q96DU3,SPTNNTVYASVTHSN,7,Y
SLAMF7-S278,Q9NQ25,TPNICPHSGENTEYD,7,S
SLC12A2-S994,P55011,QPLLKKESKGPIVPL,7,S
SLC19A1-S225,P41440,GRCETSASELERMNP,7,S
SLC19A1-S583,P41440,LGLQCLPSDGVQNVN,7,S
SLC19A2-S222,O60779,LFFHHIPSTCQRVNG,7,S
SLC1A4-T511,P43007,EETSPLVTHQNPAGP,7,T
SLC25A19-Y59,Q9HC21,RSDPSAKYHGILQAS,7,Y
SLC2A1-S226,P11166,NEENRAKSVLKKLRG,7,S
SLC2A1-T238,P11166,LRGTADVTHDLQEMK,7,T
SLC2A1-T478,P11166,GASQSDKTPEELFHP,7,T
SLC4A1AP-S420,Q9BWU0,DDDTFLDRTGLIEKK,7,S
SLC4A2-S173,P04920,AERTSPSSPAPLPHQ,7,S
SLC4A7-S233,Q9Y6M7,SRIPLVRSFADIGKK,7,S
SLC4A7-S407,Q9Y6M7,SGGSRENSTVDFSKV,7,S
SLC4A7-T408,Q9Y6M7,GGSRENSTVDFSKVD,7,T
SLC7A6OS-S16,Q96CW6,LRVKRKRSAEPAEAL,7,S
SLX4IP-S271,Q5VYV7,KTGLLSRSPVCSCES,7,S
SLX4IP-T398,Q5VYV7,STIQNSPTKKRKKYE,7,T
SMAP1-S207,Q8IYB5,LEPKKSTSPKKAAEP,7,S
SMARCA4-S1382,P51532,KEVDYSDSLTEKQWL,7,S
SMARCA4-S1417,P51532,SRKRKRDSDAGSSTP,7,S
SMARCA4-T1384,P51532,VDYSDSLTEKQWLKA,7,T
SMARCA5-T113,O60264,IQPAAQKTPTSPLKM,7,T
SMARCAD1-S212,Q9H4L7,PRKRKLSSSSEPYEE,7,S
SMARCAD1-S34,Q9H4L7,PSQPGPSSPISLSAE,7,S
SMARCB1-S129,Q12824,EQKAKRNSQWVPTLP,7,S
SMARCC1-T335,Q92922,SPSPPPPTPTESRKK,7,T
SMARCD2-T217,Q92925,DSAGTAGTPGGTPAG,7,T
SMARCD2-Y197,Q92925,QKRKLRIYISNTFSP,7,Y
SMC4-T44,Q9NTJ3,GRTESPATAAETASE,7,T
SMG1-S3556,Q96Q15,KTQPDVMSQNARKLI,7,S
SMG6-T479,Q86US8,PQLHFLDTDDEVSPT,7,T
SMG8-S668,Q8ND04,APAKNESSPAPPDSD,7,S
SNAP23-S23,O00161,ITDESLESTRRILGL,7,S
SNAP23-T24,O00161,TDESLESTRRILGLA,7,T
SNAPC4-S1224,Q5SXM2,EPRGTPGSPSGTQEP,7,S
SNAPC4-S599,Q5SXM2,GGPAASLSPPKGSSA,7,S
SNRK-S569,Q9NRH2,YSWHRRDSSEGPPGS,7,S
SNRNP200-S17,O75643,QYEYKANSNLVLQAD,7,S
SNRPA1-T239,P09661,RERRSGPTDDGEEEM,7,T
SNRPC-Y12,P09234,YCDYCDTYLTHDSPS,7,Y
SNTB1-S225,Q13884,ESPRLGGSTSDPPSS,7,S
SNW1-S232,Q13573,PPAPVMHSPSRKMTV,7,S
SNX17-S421,Q15036,KSPPLLESPDATRES,7,S
SNX17-S437,Q15036,VKLSSKLSAVSLRGI,7,S
SNX17-S440,Q15036,SSKLSAVSLRGIGSP,7,S
SNX27-S51,Q96L92,VRIVKSESGYGFNVR,7,S
SON-S2011,P18583,VVRRRSFSISPVRLR,7,S
SORBS3-S530,O60504,DGPQLPTSPRLTAAA,7,S
SORBS3-T585,O60504,PQTQNLGTPGPALSH,7,T
SOS1-S1078,Q07889,SETESTASAPNSPRT,7,S
SPAG5-S43,Q96R06,LTNSGKRSPACSSLT,7,S
SPAG7-S114,O75391,FKKEFAPSDEELDSY,7,S
SPATA13-S78,Q96N96,RPFTFSQSTPIGLDR,7,S
SPATA2-S253,Q9UM82,RVTKPSRSVDAYDSY,7,S
SPECC1L-S384,Q69YQ0,IERSRKGSSGNASEV,7,S
SPECC1L-S385,Q69YQ0,ERSRKGSSGNASEVS,7,S
SPEN-S1392,Q96T58,DGEHKSHSPRASALY,7,S
SPEN-S623,Q96T58,RREERRASYDYNQDR,7,S
SPG11-S1955,Q96JI7,IPLRRVHSTSSLDSQ,7,S
SPHK2-T402,Q9NRA0,PRAKSELTLTPDPAP,7,T
SPINDOC-S308,Q9BUA3,GGLPRAESPSPAPPP,7,S
SPNS1-T24,Q9H2V7,DDGPVPGTPGLPGST,7,T
SPN-S291,P16150,RTGALVLSRGGKRNG,7,S
SPRY1-S50,O43609,QIKAIRGSNEYTEGP,7,S
SPTBN1-T2328,Q01082,PASSRAQTLPTSVVT,7,T
SRPK2-S494,P78362,HDRSRTVSASSTGDL,7,S
SRPK2-S496,P78362,RSRTVSASSTGDLPK,7,S
SRRM1-S234,Q8IYB3,SVKVKEPSVQEATST,7,S
SRRM1-S429,Q8IYB3,RTRKSRVSVSPGRTS,7,S
SRRM1-S431,Q8IYB3,RKSRVSVSPGRTSGK,7,S
SRRM1-S530,Q8IYB3,HSPSRSASPSPRKRQ,7,S
SRRM1-S532,Q8IYB3,PSRSASPSPRKRQKE,7,S
SRRM1-S695,Q8IYB3,PRAPQTSSSPPPVRR,7,S
SRRM1-S715,Q8IYB3,PQRRQSPSPSTRPIR,7,S
SRRM1-S775,Q8IYB3,PSPVQSQSPSTNWSP,7,S
SRRM2-S1101,Q9UQ35,PKGGRSRSSSPVTEL,7,S
SRRM2-S1110,Q9UQ35,SPVTELASRSPIRQD,7,S
SRRM2-S1132,Q9UQ35,PMLKSGMSPEQSRFQ,7,S
SRRM2-S1439,Q9UQ35,PRTPSRRSRSGSSPG,7,S
SRRM2-S1441,Q9UQ35,TPSRRSRSGSSPGLR,7,S
SRRM2-S1443,Q9UQ35,SRRSRSGSSPGLRDG,7,S
SRRM2-S1501,Q9UQ35,RPRSRSPSSPELNNK,7,S
SRRM2-S1620,Q9UQ35,RAQSGSDSSPEPKAP,7,S
SRRM2-S1621,Q9UQ35,AQSGSDSSPEPKAPA,7,S
SRRM2-S1694,Q9UQ35,RRRSSRSSPELTRKA,7,S
SRRM2-S1984,Q9UQ35,ITRRRSRSRTSPVTR,7,S
SRRM2-S1987,Q9UQ35,RRSRSRTSPVTRRRS,7,S
SRRM2-S1996,Q9UQ35,VTRRRSRSRTSPVTR,7,S
SRRM2-S1999,Q9UQ35,RRSRSRTSPVTRRRS,7,S
SRRM2-S2008,Q9UQ35,VTRRRSRSRTSPVTR,7,S
SRRM2-S2011,Q9UQ35,RRSRSRTSPVTRRRS,7,S
SRRM2-S2343,Q9UQ35,ANLVGPRSAHATAPV,7,S
SRRM2-S2426,Q9UQ35,MTSERAPSPSSRMGQ,7,S
SRRM2-S295,Q9UQ35,TTALAGRSPSPASGR,7,S
SRRM2-S398,Q9UQ35,VNPPSEASPTRDRSP,7,S
SRRM2-S435,Q9UQ35,TKVSRHASSSPESPK,7,S
SRRM2-S455,Q9UQ35,GSHREISSSPTSKNR,7,S
SRRM2-S484,Q9UQ35,PSRRMGRSRSPATAK,7,S
SRRM2-S486,Q9UQ35,RRMGRSRSPATAKRG,7,S
SRRM2-S534,Q9UQ35,SPQRRGRSRSPQRPG,7,S
SRRM2-S992,Q9UQ35,PRQSHSGSISPYPKV,7,S
SRRM2-T1071,Q9UQ35,SPDHRSDTSSPEVRQ,7,T
SRSF10-S253,O75494,RSKSRSRSWTSPKSS,7,S
SRSF2-S101,Q01130,RPPDSHHSRRGPPPR,7,S
SRSF7-S163,Q16629,RSASPRRSRSISLRR,7,S
SRSF7-S165,Q16629,ASPRRSRSISLRRSR,7,S
SRSF7-S171,Q16629,RSISLRRSRSASLRR,7,S
SRSF7-S173,Q16629,ISLRRSRSASLRRSR,7,S
SRSF9-S204,Q13242,SGSRGRDSPYQSRGS,7,S
SSBP3-T360,Q9BWW4,GISNPPGTPRDDGEL,7,T
SSH2-T795,Q76I76,LLLERAQTPENKPGH,7,T
STAT1-S735,P42224,PEEFDEVSRIVGSVE,7,S
STAT1-T598,P42224,LKDQQPGTFLLRFSE,7,T
STAT3-S701,P40763,HPEADPGSAAPYLKT,7,S
STAT4-S721,Q14765,PSDLLPMSPSVYAVL,7,S
STAU2-T405,Q9NUL3,KPGFPEPTNNTPKGI,7,T
STAU2-T488,Q9NUL3,GLKGSSPTPPCSPVQ,7,T
STIM1-S512,Q13586,EPQHGLGSQRDLTHS,7,S
STIM1-S595,Q13586,HGLDKAHSLMELSPS,7,S
STIM2-S515,Q9P246,RSSSLCRSRRSIVPS,7,S
STIM2-S518,Q9P246,SLCRSRRSIVPSSPQ,7,S
STIM2-S522,Q9P246,SRRSIVPSSPQPQRA,7,S
STIM2-S523,Q9P246,RRSIVPSSPQPQRAQ,7,S
STIM2-S680,Q9P246,GILEKSCSMNQLSSG,7,S
STIM2-S697,Q9P246,VPKPRHTSCSSAGND,7,S
STIM2-S700,Q9P246,PRHTSCSSAGNDSKP,7,S
STIM2-S719,Q9P246,PSVARISSIPHDLCH,7,S
STIP1-Y236,P31948,KELGNDAYKKKDFDT,7,Y
STK10-S13,O94804,FRRILRLSTFEKRKS,7,S
STK10-S450,O94804,RSQKASQSRPNSSAL,7,S
STK10-S454,O94804,ASQSRPNSSALETLG,7,S
STK10-S514,O94804,SLNKEMGSLSIKDPK,7,S
STK10-T14,O94804,RRILRLSTFEKRKSR,7,T
STK11IP-S387,Q8N1F8,RVRVRRASISEPSDT,7,S
STK11IP-S389,Q8N1F8,RVRRASISEPSDTDP,7,S
STK11IP-S392,Q8N1F8,RASISEPSDTDPEPR,7,S
STK11IP-T394,Q8N1F8,SISEPSDTDPEPRTL,7,T
STK17B-S12,O94768,RFDCRSISGLLTTTP,7,S
STMN1-S139,P16949,EVRKNKESKDPADET,7,S
STMN1-S16,P16949,KELEKRASGQAFELI,7,S
STMN1-S25,P16949,QAFELILSPRSKESV,7,S
STRN4-S206,Q9NRL3,VRSLLGRSLELNGAV,7,S
STX5-S9,Q13190,IPRKRYGSKNTDQGV,7,S
STX6-S129,O43752,ALLGDSGSQNWSTGT,7,S
STXBP5-S692,Q5T5C0,PRKSRQPSGAGLCDI,7,S
STXBP5-S782,Q5T5C0,FSRSRSSSVTSIDKE,7,S
SUB1-S17,P53999,SSSSGSDSDSEVDKK,7,S
SUB1-S19,P53999,SSGSDSDSEVDKKLK,7,S
SUDS3-S236,Q9H7L9,PKRPASPSSPEHLPA,7,S
SUGT1-T265,Q9Y2Z0,EGQGDVPTPKQFVAD,7,T
SUZ12-T35,Q15022,SAAVAAATASGGKSG,7,T
SVIL-T852,O95425,RMNARYQTQPVTLGE,7,T
SVIL-T856,O95425,RYQTQPVTLGEVEQV,7,T
SYMPK-S1171,Q92797,VGAPSSSSPSPSPSA,7,S
SYMPK-S494,Q92797,VLIKRRLSAQGQAIS,7,S
SYNE1-S6230,Q8NF91,WTQQRQSSLQQQKEL,7,S
SYNE1-T2335,Q8NF91,MNCAQNETCEALKKV,7,T
SYNE2-S1941,Q8WXH0,RAKELEDSLQQLLRL,7,S
SYNE2-S6361,Q8WXH0,LEDEKEASENETDME,7,S
SYNE2-T1459,Q8WXH0,KIGLKDPTVPAVKHR,7,T
SYNRG-S580,Q9UMZ2,FKTADSVSPLEPPTK,7,S
SYNRG-T1100,Q9UMZ2,PFRDRSNTLNEKPAL,7,T
SYTL2-S511,Q9HCH5,ARKMPSKSLEDISSD,7,S
TAB3-S385,Q8N5C8,TAINRSPSPISNQPS,7,S
TACC1-S276,O75410,EELDENTSPLLGDAR,7,S
TACC3-S71,Q9Y6A5,PQTHRILSPSMASKL,7,S
TAF1-S1176,P21675,DDTASVTSLNSSATG,7,S
TAF2-S1185,Q6P1X5,KEPFTFSSPASGRSI,7,S
TAF3-T433,Q5VWG9,ISGPECTTPKASTSA,7,T
TAF9-S196,Q16594,VQMPTSQSPAVKASI,7,S
TAGAP-S661,Q8N103,PLPGHGLSPLPERWK,7,S
TAGAP-Y376,Q8N103,LAQPDRRYSEPSMPS,7,Y
TAOK3-S324,Q9H2K8,RNGPLNESQEDEEDS,7,S
TAOK3-S331,Q9H2K8,SQEDEEDSEHGTSLN,7,S
TASOR2-S685,Q5VWN6,FPRNGTKSPEAATPV,7,S
TASOR-S673,Q9UK61,GKQRSSHSLDYDKDR,7,S
TASOR-S694,Q9UK61,LIQCRKKSVGGDSDT,7,S
TASOR-S699,Q9UK61,KKSVGGDSDTEDMRS,7,S
TASOR-S903,Q9UK61,HGFRRQQSKSNNVEE,7,S
TBC1D10B-S132,Q4KMP7,ALAAGADSPKTEEAR,7,S
TBC1D10B-S687,Q4KMP7,PPPVRRASAGPAPGP,7,S
TBC1D10B-T150,Q4KMP7,APGPGTPTGTPTRTP,7,T
TBC1D13-S184,Q9NVG8,SGVTNMSSPHKNSVP,7,S
TBC1D15-S70,Q8TC07,ILYARKDSSSVVEWT,7,S
TBC1D1-S237,Q86TI0,RPMRKSFSQPGLRSL,7,S
TBC1D22B-S116,Q9NU19,VKPERSQSTTSDVPA,7,S
TBC1D22B-S168,Q9NU19,IPLVARISDQNASGA,7,S
TBC1D2B-S473,Q9UPU7,PPTVAPSSPSVVPVA,7,S
TBC1D5-S554,Q92609,GGREFTGSPPSSATK,7,S
TBC1D9B-S275,Q66K14,IRPHRNISALKRDLD,7,S
TCEA3-S140,O75764,SKSSASSSPKRPSVE,7,S
TCF12-S386,Q99081,PGGQAPSSPSYENSL,7,S
TCF20-S249,Q9UGU0,SSSSSFPSPQRFSQS,7,S
TCOF1-S982,Q13428,PAQAQAASTPRKARA,7,S
TCOF1-T310,Q13428,ASAPAKGTPGKGATP,7,T
TERF2IP-S43,Q9NYB0,SPAKRRLSTLILHGG,7,S
TEX2-T804,Q8IWB9,QSAESSPTAGKKLPE,7,T
THEMIS2-S416,Q5TEJ8,ECKEEAESPERVLLP,7,S
THEMIS-S584,Q8N1K5,RTVDLPKSPKRHHVD,7,S
THOC2-S1419,Q8NI27,IDTHPSPSHSSTVKD,7,S
THOC2-T1289,Q8NI27,KEKTPATTPEARVLG,7,T
THOC5-T328,Q13769,TTKRRRPTLGVQLDD,7,T
THRAP3-S377,Q9Y2W1,EKIKEKGSFSDTGLG,7,S
THRAP3-S444,Q9Y2W1,KAKGRKESEFDDEPK,7,S
THRAP3-S877,Q9Y2W1,DPEYTPKSKKYYLHD,7,S
TICRR-S1141,Q7Z2Z1,TPERLQKSPAKMTPT,7,S
TICRR-S1430,Q7Z2Z1,DQKGLSLSPQSPPER,7,S
TICRR-S1433,Q7Z2Z1,GLSLSPQSPPERRGY,7,S
TICRR-T1146,Q7Z2Z1,QKSPAKMTPTKQAAF,7,T
TINF2-T334,Q9BSI4,KSKSPCQTLGGRALK,7,T
TLK1-S109,Q9UKI8,GSLSDKESETPEKKQ,7,S
TLK1-T111,Q9UKI8,LSDKESETPEKKQSE,7,T
TLK1-T753,Q9UKI8,NLHMAGLTASPTPPS,7,T
TLN1-S405,Q9Y490,IILKKKKSKDHFGLE,7,S
TLNRD1-S15,Q9H1K6,KPTGEAASPAPASAI,7,S
TMEM201-S454,Q5SNT2,GRLSRALSLGTIPSL,7,S
TMEM238-S124,C9JI98,RKLSRRWSAPAAAGQ,7,S
TMF1-S72,P82094,KSNTEPQSPPIASPK,7,S
TMF1-S77,P82094,PQSPPIASPKAITKP,7,S
TMIGD2-S262,Q96BF3,PVSMVRVSPRPSPTQ,7,S
TMIGD2-S266,Q96BF3,VRVSPRPSPTQQPRP,7,S
TMPO-S224,P42167,VEHNQSYSQAGITET,7,S
TMPO-S312,P42166,VSTAASPSLIKETTT,7,S
TMPO-S360,P42167,ASTPTGISASCRRPI,7,S
TMPO-T208,P42167,PLKGRAKTPVTLKQR,7,T
TMPO-T251,P42167,QALTRESTRGSRRTP,7,T
TMSB10-T23,P63313,AKLKKTETQEKNTLP,7,T
TMSB4X-T23,P62328,SKLKKTETQEKNPLP,7,T
TMX1-S270,Q9H3N1,QNAIRQRSLGPSLAT,7,S
TNIK-S707,Q9UKE5,GSQPIRASNPDLRRT,7,S
TNIP1-S627,Q15025,ARPTEPESPKNDREG,7,S
TNRC18-S1136,O15417,EDKPIRLSPSKITEP,7,S
TNRC6C-S717,Q9HCJ0,STNTSSVSGWVNAPP,7,S
TOMM22-S15,Q9NS69,AGAGEPQSPDELLPK,7,S
TOP2A-S1374,P11388,KELKPQKSVVSDLEA,7,S
TOP2B-S1413,Q02880,GEDEFVPSDGLDKDE,7,S
TOP2B-Y1421,Q02880,DGLDKDEYTFSPGKS,7,Y
TOPBP1-S817,Q92547,QPLQKEPSLHLDTPS,7,S
TOPBP1-S853,Q92547,LETPGRPSQQKRKPS,7,S
TOR1AIP1-S135,Q5JTV8,TRLQQQHSEQPPLQP,7,S
TOR1AIP1-S154,Q5JTV8,TRRGLRDSHSSEEDE,7,S
TOR1AIP1-S157,Q5JTV8,GLRDSHSSEEDEASS,7,S
TP53BP1-S1430,Q12888,EDISPNLSPDDKSFS,7,S
TP53BP1-S379,Q12888,STPFIVPSSPTEQEG,7,S
TP53BP1-S809,Q12888,LDTKEEKSVEYEGDL,7,S
TP53BP2-Y664,Q13625,QQHPENIYSNSQGKP,7,Y
TPD52-S171,P55327,KLEDVKNSPTFKSFE,7,S
TPD52-S176,P55327,KNSPTFKSFEEKVEN,7,S
TPD52-T173,P55327,EDVKNSPTFKSFEEK,7,T
TPR-S1660,P12270,SGERGIASTSDPPTA,7,S
TPR-S2155,P12270,GFAEAIHSPQVAGVP,7,S
TPR-T2116,P12270,VGRGLQLTPGIGGMQ,7,T
TPR-T577,P12270,ETTSSKITELQLKLE,7,T
TPX2-T72,Q9ULW0,NLQQAIVTPLKPVDN,7,T
TRA2A-T88,Q13595,RSRSRSYTPEYRRRR,7,T
TRAF1-S172,Q13077,YRAPCSESQEELALQ,7,S
TRAF7-S17,Q6Q0C0,NRFSGGPSNLPTPDV,7,S
TRAFD1-S409,O14545,EGIPRLDSQPQETSP,7,S
TRAFD1-S415,O14545,DSQPQETSPELPRRR,7,S
TRAIP-S347,Q9BWF2,LCLEKSHSPIQDVPK,7,S
TRAT1-S132,Q6PIZ9,RKQNTHFSDKDGDEQ,7,S
TREX1-S261,Q9NSU2,LATTRNTSPSLGESR,7,S
TRIM22-S383,Q8IYM9,SSLNKRKSSGFAFDP,7,S
TRIM22-S384,Q8IYM9,SLNKRKSSGFAFDPS,7,S
TRIM25-S435,Q14258,SSHPNSTSLKAKVLE,7,S
TRIM28-S437,Q13263,GPLSKQGSGSSQPME,7,S
TRIM28-S471,Q13263,HVSGVKRSRSGEGEV,7,S
TRIM28-S473,Q13263,SGVKRSRSGEGEVSG,7,S
TRIM33-S644,Q9UPN9,NTTINPTSPTTATMA,7,S
TRIM37-S797,O94972,CQTLSEGSPGSSQSG,7,S
TRIM56-S471,Q9BRZ2,KGRLKSISREPSPAL,7,S
TRIP12-S1078,Q14669,LSDVLKRKRLPKRGP,7,S
TRIP12-S1248,Q14669,QLLLYLTSKSEKDAV,7,S
TRIP12-S1427,Q14669,QFYIGEHLLPYNMTV,7,S
TRIT1-S439,Q9H3H1,DAVNTIESQSVSPDH,7,S
TRMT10A-S318,Q8TBZ6,YSRNELDSPHEEKQD,7,S
TRMT1L-S66,Q7Z2T5,LAQAPALSPSLASAP,7,S
TRMT2A-S602,Q8IZ69,TGVLGPHSPPAQPTP,7,S
TRPM7-S1404,Q96QT4,PPTKFFVSTPSQPSC,7,S
TRPM7-S907,Q96QT4,KVREIFMSEAGKVNQ,7,S
TSC22D4-T57,Q9Y3Q8,PDPGGKGTPRNGSPP,7,T
TSC2-T1462,P49815,GLRPRGYTISDSAPS,7,T
TTC39B-S120,Q5VTQ0,APRQRGASTVSSSSS,7,S
TTF1-S478,Q15361,DSEIRYLSADSGDAD,7,S
TUBA1B-S48,P68363,TIGGGDDSFNTFFSE,7,S
TXNL1-S113,O43396,HLENDPGSNEDTDIP,7,S
U2AF1-S61,Q01081,NPQNSSQSADGLRCA,7,S
U2SURP-S202,O15042,GEKEKKKSNLELFKE,7,S
UBAP1-S146,Q9NZ09,ATKQKVLSPPHIKAD,7,S
UBAP2L-S471,Q14157,PQMSPGSSDNQSSSP,7,S
UBAP2-T657,Q5T6F2,RSQQTLDTPKTTGPP,7,T
UBE2E3-S8,Q969T4,MSSDRQRSDDESPST,7,S
UBE2O-S399,Q9C0C9,KQVVRIMSCSPDTQC,7,S
UBL7-S230,Q96S82,GFLFEGLSDDEDDFH,7,S
UBR4-S362,Q5T4S7,AQQVRTGSTSSKEDD,7,S
UBXN4-T489,Q92575,GKIYRLRTQDDGEDE,7,T
UGP2-S13,Q16851,QDLSKAMSQDGASQF,7,S
UGP2-S18,Q16851,AMSQDGASQFQEVIR,7,S
UNG-S63,P13051,EEPGTPPSSPLSAEQ,7,S
UNKL-Y25,Q9H9P5,QTEKPTHYRYLKEFR,7,Y
UNK-S380,Q9C0B0,NSSLGSPSNLCGSPP,7,S
UNK-S385,Q9C0B0,SPSNLCGSPPGSIRK,7,S
UPF1-Y1112,Q92900,ALSQDSTYQGERAYQ,7,Y
URI1-S372,O94763,AKRKRKNSTGSGHSA,7,S
URI1-T373,O94763,KRKRKNSTGSGHSAQ,7,T
USP1-S292,O94782,KLSKEHQSLEENQRQ,7,S
USP1-S350,O94782,KSATKQPSILSKFCS,7,S
USP20-S333,Q9Y2K6,RMKDRKFSWGQQRTN,7,S
USP24-S2081,Q9UPU5,PEISPQSSPRPHRPN,7,S
USP28-T1048,Q96RU2,IVLKEPPTIRPNSPY,7,T
USP36-S18,Q9P275,LKPGRKDSADDGELG,7,S
USP36-T653,Q9P275,STAGHSKTPPSGADS,7,T
UTP14A-S434,Q9BVJ6,RRSLRKRSELSQDAE,7,S
UTP14A-S437,Q9BVJ6,LRKRSELSQDAEPAG,7,S
UTP14A-T205,Q9BVJ6,PVTDPLLTPVEKASL,7,T
UTP18-S124,Q9Y5J1,EHEDSGDSEVENEAK,7,S
UTP18-T204,Q9Y5J1,AETTKRKTSSDDESE,7,T
UTP3-S365,Q9NQZ2,ACAVTDLSDDSDFDE,7,S
UTP3-T362,Q9NQZ2,SAAACAVTDLSDDSD,7,T
VAMP3-S11,Q15836,GPTAATGSNRRLQQT,7,S
VAMP8-S55,Q9BV40,TEDLEATSEHFKTTS,7,S
VASP-S239,P50552,GAKLRKVSKQEEASG,7,S
VASP-S322,P50552,TTLPRMKSSSSVTTS,7,S
VASP-T335,P50552,TSETQPCTPSSSDYS,7,T
VAV1-S780,P15498,ISRPAVGSTKYFGTA,7,S
VCPIP1-S994,Q96JH7,RAEATTRSRESSPSH,7,S
VCPIP1-S997,Q96JH7,ATTRSRESSPSHGLL,7,S
VDAC2-T118,P45880,DTTFSPNTGKKSGKI,7,T
VEZT-Y692,Q9HBM0,GAEERMCYQCESEDE,7,Y
VGLL4-S54,Q14135,GPPPISPSKRKFSME,7,S
VGLL4-S59,Q14135,SPSKRKFSMEPGDED,7,S
VIM-S39,P08670,TTSTRTYSLGSALRP,7,S
VPS50-S494,Q96JG6,KFMEQSRSPSVSPSK,7,S
VPS50-S496,Q96JG6,MEQSRSPSVSPSKQP,7,S
VRK3-T58,Q8IV63,GLNSSFETSPKKVKW,7,T
WARS1-T383,P23381,AFSGGRDTIEEHRQF,7,T
WASF2-S308,Q9Y6W5,PPAPPLGSPPGPKPG,7,S
WASHC2A-S1053,Q641Q2,RRLAAQESSETEDMS,7,S
WASHC2A-S1054,Q641Q2,RLAAQESSETEDMSV,7,S
WASHC2A-S1060,Q641Q2,SSETEDMSVPRGPIA,7,S
WASHC2C-S539,Q9Y4E1,KTQKGLFSDEEDSED,7,S
WBP11-S600,Q9Y2W2,TAAPQRKSEDDSAVP,7,S
WDHD1-S407,O75717,EEDGQEGSIHNLPLV,7,S
WDR20-S360,Q8TBZ3,SKRNSTDSRPVSVTY,7,S
WDR26-S121,Q9H7D7,LKKKKRLSQSDEDVI,7,S
WDR44-S262,Q5JSH3,PPPRKRKSELEFETL,7,S
WDR44-T219,Q5JSH3,AKPPRHLTPEPDIVA,7,T
WDR4-S391,P57081,EKKQRRRSPPPGPDG,7,S
WDR62-S1348,O43379,PSLPAPESPGLPAHP,7,S
WDR62-S49,O43379,LRRRTRLSTASEETV,7,S
WDR62-T46,O43379,PICLRRRTRLSTASE,7,T
WDR62-T50,O43379,RRRTRLSTASEETVQ,7,T
WDR74-S361,Q6RFH5,AAAKRKLSGLEQPQG,7,S
WIPI2-T415,Q9Y4P8,TYVPSSPTRLAYTDD,7,T
WIZ-S1006,O95785,PKNPEDKSPQLSLSP,7,S
WRAP53-S54,Q9BUR4,RGDPPRLSPDPVAGS,7,S
WRNIP1-S75,Q96S55,GAKRRRLSESSALKQ,7,S
XBP1-S47,P17861,VPAQRGASPEAASGG,7,S
YBX3-S203,P16989,EEEEGSGSSEGFDPP,7,S
YBX3-S204,P16989,EEEGSGSSEGFDPPA,7,S
YJU2B-S332,P13994,AAQDRPMSPGDCPPE,7,S
YTHDC1-S120,Q96MU7,RKIRLSSSASREPYK,7,S
YTHDC2-S1202,Q9H6S0,SNNSRKSSADTEFSD,7,S
YWHAQ-S232,P27348,LTLWTSDSAGEECDA,7,S
YWHAZ-S145,P63104,KKGIVDQSQQAYQEA,7,S
YY1-S187,P25490,SGKKSYLSGGAGAAG,7,S
ZBTB21-S411,Q9ULJ3,PHRLRSFSASQSTDR,7,S
ZBTB21-S422,Q9ULJ3,STDREGASPVTEVRI,7,S
ZBTB21-T1005,Q9ULJ3,PLEPDSPTGLSENPT,7,T
ZBTB21-T425,Q9ULJ3,REGASPVTEVRIKTE,7,T
ZBTB3-S549,Q9H5J0,GVQPLPGSPTADRQS,7,S
ZBTB48-S171,P10074,QEPRGSHSPQRPQLH,7,S
ZC3H11A-S290,O75152,RLGKRKFSAGGDSDP,7,S
ZC3H12A-S386,Q5D1E8,KKLGAQASPGSRQEG,7,S
ZC3H13-S238,Q5T200,SKKDRKTSAVSSPLL,7,S
ZC3H13-S242,Q5T200,RKTSAVSSPLLDQQR,7,S
ZC3H13-S831,Q5T200,KRYRNEGSPSPRQSP,7,S
ZC3H13-S833,Q5T200,YRNEGSPSPRQSPKR,7,S
ZC3H13-S837,Q5T200,GSPSPRQSPKRRREH,7,S
ZC3H18-S487,Q86VM9,KGKPKPRSPQPPSRQ,7,S
ZC3H18-S95,Q86VM9,LSRGPTSSPCEEEGD,7,S
ZC3H3-S383,Q8IXZ2,KYKWKASSPSASSSS,7,S
ZC3H8-T32,Q8N5P1,RIDDEIDTEVEETQE,7,T
ZC3HAV1-Y348,Q7Z2W4,HGNPGSTYLASNSTS,7,Y
ZC3HC1-S407,Q86WB0,AKRARLCSSSSSDTS,7,S
ZDHHC20-S330,Q5W0Z9,PIKPLSESKNRLLDS,7,S
ZEB1-S704,P37275,GSRSSTPSPSPLNLS,7,S
ZEB1-T702,P37275,TNGSRSSTPSPSPLN,7,T
ZFC3H1-S352,O60293,QNLTRRISTSDILSE,7,S
ZFP36L2-S59,P47974,FLRRHSASNLHALAH,7,S
ZFPM1-S786,Q8IX07,PGLAPARSPGPAADG,7,S
ZFYVE16-S939,Q7Z3T8,TRNEIIQSPISQVPS,7,S
ZGRF1-S558,Q86YA3,KISQDSESWVKDILV,7,S
ZHX3-S604,Q9H4I2,HPSAKRQSWHQTPDF,7,S
ZNF106-S859,Q9H2Y7,PGLARKRSLSESSVI,7,S
ZNF174-Y184,Q15697,EPSQAGAYDRLSPHH,7,Y
ZNF185-S465,O15231,EQLVRRESCGSSVLT,7,S
ZNF217-S407,O75362,DRRAGAESPTMSVDG,7,S
ZNF217-S630,O75362,LDLLKKRSAVETQAN,7,S
ZNF22-S49,P17026,SFSRLRRSLDDKPYK,7,S
ZNF280C-S80,Q8ND82,GIKSEPHSPGIPEIF,7,S
ZNF367-S310,Q7RTV3,DPLEYLQSDEEDDEK,7,S
ZNF395-S449,Q9H8N7,PVRSRSLSFSEPQQP,7,S
ZNF408-S345,Q9H9D4,SPPGPAGSSPKQGRR,7,S
ZNF551-S126,Q7Z340,AAEHQTTSPVQKSYL,7,S
ZNF592-S348,Q92610,KSIKPSDSPRSICSD,7,S
ZNF609-S1055,O15014,PTLTKAPSLTDLVKS,7,S
ZNF609-S467,O15014,SKRVRTNSMGSATGP,7,S
ZNF609-S846,O15014,KTNSPAYSDISDAGE,7,S
ZNF609-S849,O15014,SPAYSDISDAGEDGE,7,S
ZNF692-S146,Q9BU19,LPHTTRRSWCSEATS,7,S
ZNF777-S351,Q9ULD5,TMQEQEDSEEGETPT,7,S
ZNF777-S623,Q9ULD5,ALKPRPKSPSSGSGG,7,S
ZSWIM8-S1265,A7E2V4,TSIFTHPSSSGGHQG,7,S
ZW10-T768,O43264,IRALFQNTERRAAAL,7,T
ZZEF1-S1537,O43149,RGRLRLLSFRSMEEA,7,S
ZZEF1-S1540,O43149,LRLLSFRSMEEARLV,7,S
