id,geneid,cluster
AAK1-S637,AAK1,-1
AAK1-S678,AAK1,-1
AAK1-T674,AAK1,-1
AASDH-S649,AASDH,-1
AATF-S320,AATF,-1
AATF-S321,AATF,-1
ABCC4-T648,ABCC4,-1
ABCF1-S166,ABCF1,-1
ABI1-S222,ABI1,-1
ABI1-S225,ABI1,-1
ABI3-S170,ABI3,-1
ABI3-T163,ABI3,-1
ABI3-T176,ABI3,-1
ABL1-S683,ABL1,7
ABLIM1-S455,ABLIM1,5
ABLIM1-S655,ABLIM1,-1
ABLIM1-Y461,ABLIM1,3
ABR-S638,ABR,1
ACACA-S80,ACACA,-1
ACAP1-T389,ACAP1,-1
ACIN1-S400,ACIN1,13
ACIN1-T254,ACIN1,-1
ACIN1-T682,ACIN1,-1
ACLY-S455,ACLY,-1
ADAM17-T735,ADAM17,-1
ADAR-S823,ADAR,-1
ADAR-T601,ADAR,-1
ADD1-Y389,ADD1,-1
ADD3-S683,ADD3,-1
ADRM1-T217,ADRM1,-1
AEBP2-S141,AEBP2,-1
AFDN-S1182,AFDN,-1
AFDN-S1799,AFDN,-1
AFDN-T249,AFDN,-1
AFF4-S487,AFF4,-1
AFTPH-S376,AFTPH,-1
AFTPH-T375,AFTPH,-1
AFTPH-T617,AFTPH,15
AGAP2-S818,AGAP2,-1
AGAP2-S927,AGAP2,-1
AGAP2-T925,AGAP2,-1
AGFG1-T177,AGFG1,-1
AHCTF1-S1214,AHCTF1,-1
AHCTF1-S1216,AHCTF1,-1
AHNAK-S135,AHNAK,-1
AHNAK-S5737,AHNAK,-1
AHNAK-S5782,AHNAK,-1
AHNAK-S5830,AHNAK,-1
AHNAK-T5845,AHNAK,-1
AIMP1-S140,AIMP1,-1
AKAP10-S281,AKAP10,-1
AKAP11-S288,AKAP11,-1
AKAP11-S444,AKAP11,-1
AKAP11-S448,AKAP11,-1
AKAP13-S1683,AKAP13,-1
AKAP13-S2563,AKAP13,-1
AKAP13-S2567,AKAP13,11
AKAP13-S2709,AKAP13,-1
AKAP13-S2720,AKAP13,-1
AKAP13-S2728,AKAP13,-1
AKAP13-T1930,AKAP13,-1
AKAP1-S107,AKAP1,-1
AKAP1-S151,AKAP1,-1
AKAP5-S178,AKAP5,-1
AKNA-S303,AKNA,-1
AKT1S1-S88,AKT1S1,-1
AKT1S1-S92,AKT1S1,-1
AKT3-S476,AKT3,-1
ALG3-S11,ALG3,-1
ALKBH5-Y372,ALKBH5,-1
AMPD2-S22,AMPD2,-1
AMPD2-S46,AMPD2,-1
ANAPC2-S314,ANAPC2,-1
ANK3-S4342,ANK3,-1
ANKHD1-S1670,ANKHD1,-1
ANKLE2-S268,ANKLE2,-1
ANKLE2-S905,ANKLE2,0
ANKRD12-S1311,ANKRD12,-1
ANKRD17-S1696,ANKRD17,-1
ANKRD17-S1700,ANKRD17,-1
ANKRD17-S2045,ANKRD17,-1
ANKRD17-S2047,ANKRD17,-1
ANKRD17-S2401,ANKRD17,-1
ANKS1A-S647,ANKS1A,-1
ANLN-S339,ANLN,-1
ANP32A-S17,ANP32A,-1
AP3D1-S658,AP3D1,-1
APC-S1774,APC,-1
APOBR-S175,APOBR,-1
APOBR-T572,APOBR,-1
ARAF-S186,ARAF,-1
ARAF-S257,ARAF,-1
ARAF-T181,ARAF,-1
ARAP1-S229,ARAP1,-1
ARAP1-Y231,ARAP1,-1
AREL1-S339,AREL1,-1
AREL1-T343,AREL1,-1
ARFGAP1-S150,ARFGAP1,-1
ARFGAP1-S343,ARFGAP1,-1
ARFGAP2-S240,ARFGAP2,-1
ARFGEF2-S1511,ARFGEF2,-1
ARFGEF2-T243,ARFGEF2,-1
ARFGEF2-T244,ARFGEF2,-1
ARHGAP10-S591,ARHGAP10,-1
ARHGAP11A-S847,ARHGAP11A,-1
ARHGAP11A-S875,ARHGAP11A,15
ARHGAP11A-T323,ARHGAP11A,-1
ARHGAP12-S215,ARHGAP12,-1
ARHGAP12-Y243,ARHGAP12,-1
ARHGAP17-S676,ARHGAP17,-1
ARHGAP17-S808,ARHGAP17,-1
ARHGAP25-S379,ARHGAP25,-1
ARHGAP25-T442,ARHGAP25,-1
ARHGAP30-S1086,ARHGAP30,-1
ARHGAP30-S822,ARHGAP30,-1
ARHGAP30-T1020,ARHGAP30,-1
ARHGAP35-S1150,ARHGAP35,-1
ARHGAP35-S1179,ARHGAP35,-1
ARHGAP35-S589,ARHGAP35,-1
ARHGAP35-S985,ARHGAP35,-1
ARHGAP35-Y1105,ARHGAP35,-1
ARHGAP45-S23,ARHGAP45,-1
ARHGAP45-S25,ARHGAP45,-1
ARHGAP45-S578,ARHGAP45,-1
ARHGAP45-S592,ARHGAP45,-1
ARHGAP45-T600,ARHGAP45,-1
ARHGAP45-T603,ARHGAP45,-1
ARHGAP4-S906,ARHGAP4,-1
ARHGAP5-S1195,ARHGAP5,-1
ARHGAP5-S1202,ARHGAP5,-1
ARHGAP9-S475,ARHGAP9,-1
ARHGDIA-S34,ARHGDIA,-1
ARHGEF12-S1288,ARHGEF12,12
ARHGEF1-S786,ARHGEF1,-1
ARHGEF2-S174,ARHGEF2,-1
ARHGEF2-S645,ARHGEF2,-1
ARHGEF6-S150,ARHGEF6,-1
ARHGEF6-S561,ARHGEF6,-1
ARHGEF6-S640,ARHGEF6,13
ARHGEF6-S684,ARHGEF6,-1
ARHGEF7-S694,ARHGEF7,15
ARID1A-S1184,ARID1A,-1
ARID1A-S1600,ARID1A,-1
ARID1A-T1599,ARID1A,-1
ARID1A-Y762,ARID1A,-1
ARID2-S1300,ARID2,-1
ARID2-Y1299,ARID2,-1
ARID4A-S1111,ARID4A,-1
ARID4B-Y795,ARID4B,-1
ARID5A-S23,ARID5A,-1
ARK2N-S143,ARK2N,-1
ASAP1-S843,ASAP1,-1
ASB3-S35,ASB3,-1
ASXL1-S509,ASXL1,-1
ASXL2-T148,ASXL2,5
ATAD2-S1151,ATAD2,-1
ATAD2-S1157,ATAD2,-1
ATAD2-S1255,ATAD2,-1
ATAD2-S342,ATAD2,-1
ATAD2-S61,ATAD2,-1
ATAD2-T1152,ATAD2,-1
ATAD2-T1158,ATAD2,-1
ATAD5-S306,ATAD5,-1
ATAD5-S356,ATAD5,-1
ATAD5-S602,ATAD5,-1
ATAD5-S86,ATAD5,-1
ATF2-S62,ATF2,-1
ATF7IP-S559,ATF7IP,-1
ATG16L1-S287,ATG16L1,-1
ATN1-S661,ATN1,-1
ATP2B1-S1139,ATP2B1,-1
ATP2B1-S1140,ATP2B1,-1
ATP2B4-S328,ATP2B4,-1
ATP5F1B-S253,ATP5F1B,-1
ATRX-S1061,ATRX,-1
ATRX-S34,ATRX,-1
ATRX-S596,ATRX,-1
ATXN1-S775,ATXN1,6
ATXN2L-S335,ATXN2L,-1
ATXN2L-S341,ATXN2L,-1
ATXN2L-S684,ATXN2L,-1
ATXN2-S554,ATXN2,-1
ATXN2-S558,ATXN2,-1
ATXN7L3-S281,ATXN7L3,-1
BACH2-S337,BACH2,-1
BAD-S118,BAD,-1
BAD-Y76,BAD,-1
BAG3-S289,BAG3,-1
BAP1-S292,BAP1,-1
BAZ1A-S1320,BAZ1A,-1
BAZ1A-S961,BAZ1A,-1
BAZ1B-S160,BAZ1B,-1
BAZ1B-S347,BAZ1B,-1
BAZ2A-S1184,BAZ2A,-1
BAZ2A-S1747,BAZ2A,4
BCCIP-S234,BCCIP,-1
BCL10-S48,BCL10,-1
BCL11B-S169,BCL11B,-1
BCL11B-S772,BCL11B,-1
BCL11B-T417,BCL11B,-1
BCL7B-S114,BCL7B,-1
BCL7B-S122,BCL7B,-1
BCL7C-T118,BCL7C,-1
BCL9L-S118,BCL9L,-1
BCL9L-S88,BCL9L,0
BCL9L-S987,BCL9L,-1
BCL9L-T989,BCL9L,-1
BCLAF1-S153,BCLAF1,-1
BCLAF1-S300,BCLAF1,-1
BCORL1-Y1508,BCORL1,-1
BIN1-S331,BIN1,-1
BIN2-S277,BIN2,-1
BIN2-T500,BIN2,-1
BIRC6-S1248,BIRC6,-1
BLM-S499,BLM,-1
BLTP1-S2755,BLTP1,-1
BLTP3A-S1106,BLTP3A,-1
BMP2K-S1107,BMP2K,-1
BOD1L1-S2815,BOD1L1,4
BOD1L1-S2986,BOD1L1,-1
BOD1L1-S635,BOD1L1,-1
BOD1L1-S800,BOD1L1,-1
BOD1L1-T2956,BOD1L1,-1
BORA-S190,BORA,-1
BORA-S191,BORA,-1
BORA-S239,BORA,-1
BORA-S252,BORA,-1
BORCS5-S75,BORCS5,-1
BORCS6-S168,BORCS6,-1
BRAF-S419,BRAF,-1
BRAF-S447,BRAF,-1
BRAP-S93,BRAP,-1
BRAP-S97,BRAP,-1
BRAP-Y389,BRAP,-1
BRD7-S289,BRD7,-1
BRIX1-S261,BRIX1,-1
BSG-S367,BSG,-1
BSG-S368,BSG,-1
BSG-T237,BSG,-1
BTF3-S173,BTF3,-1
BTF3-T82,BTF3,-1
BUB3-S325,BUB3,-1
BUD13-S163,BUD13,-1
BUD13-S240,BUD13,-1
BUD13-S271,BUD13,-1
BUD13-S391,BUD13,-1
BUD13-T135,BUD13,-1
BZW1-S413,BZW1,-1
C15orf39-S467,C15orf39,-1
C15orf39-T472,C15orf39,-1
C19orf47-S151,C19orf47,-1
C2CD2L-S466,C2CD2L,9
C2CD5-S662,C2CD5,5
C2orf49-S143,C2orf49,-1
C2orf49-S184,C2orf49,-1
C2orf49-S193,C2orf49,-1
C8orf33-T19,C8orf33,0
CAAP1-S312,CAAP1,-1
CAMK1-S324,CAMK1,-1
CAMK2D-S330,CAMK2D,-1
CAMK4-S341,CAMK4,-1
CAMK4-S343,CAMK4,-1
CAMKK1-S74,CAMKK1,15
CAMSAP1-T1129,CAMSAP1,-1
CAPZA2-S9,CAPZA2,-1
CARD11-S448,CARD11,-1
CARD11-S512,CARD11,-1
CARD11-S541,CARD11,-1
CARD11-S886,CARD11,-1
CARD11-S925,CARD11,-1
CARHSP1-S17,CARHSP1,-1
CARHSP1-S30,CARHSP1,-1
CARHSP1-S32,CARHSP1,-1
CARMIL2-S1355,CARMIL2,-1
CASP2-S157,CASP2,-1
CBLB-S476,CBLB,-1
CBLB-S480,CBLB,-1
CBLB-S483,CBLB,-1
CBLB-S977,CBLB,-1
CBLL1-S201,CBLL1,-1
CBLL1-S290,CBLL1,-1
CBLL1-T294,CBLL1,-1
CBX6-T282,CBX6,4
CBX8-S256,CBX8,-1
CC2D1A-S455,CC2D1A,1
CC2D1B-S528,CC2D1B,-1
CCDC61-S373,CCDC61,-1
CCDC61-S447,CCDC61,-1
CCDC6-S244,CCDC6,-1
CCDC86-S110,CCDC86,-1
CCDC88B-S1348,CCDC88B,-1
CCDC88B-S1379,CCDC88B,-1
CCDC88B-S1380,CCDC88B,-1
CCDC88B-S1408,CCDC88B,-1
CCDC9-S362,CCDC9,-1
CCM2-T239,CCM2,-1
CCM2-T241,CCM2,-1
CCNK-S329,CCNK,-1
CCNY-S21,CCNY,-1
CCNY-S25,CCNY,-1
CCRL2-S329,CCRL2,-1
CCSER2-S488,CCSER2,4
CCT6A-S205,CCT6A,-1
CD247-S146,CD247,-1
CD247-Y142,CD247,-1
CD274-S283,CD274,-1
CD2AP-S458,CD2AP,-1
CD2AP-S80,CD2AP,-1
CD2AP-Y541,CD2AP,-1
CD3G-S148,CD3G,-1
CD5-Y453,CD5,-1
CDAN1-S277,CDAN1,-1
CDC23-S588,CDC23,-1
CDC25B-S230,CDC25B,-1
CDC25B-S238,CDC25B,-1
CDC25B-S89,CDC25B,-1
CDC25C-T48,CDC25C,-1
CDC27-S364,CDC27,-1
CDC42EP3-S100,CDC42EP3,-1
CDC5L-S277,CDC5L,-1
CDCA2-S1000,CDCA2,-1
CDCA2-S120,CDCA2,-1
CDCA2-S210,CDCA2,-1
CDCA2-S98,CDCA2,-1
CDCA2-S999,CDCA2,-1
CDCA5-S75,CDCA5,-1
CDCA5-T111,CDCA5,-1
CDCA7L-S261,CDCA7L,-1
CDK11A-T583,CDK11A,-1
CDK12-S1053,CDK12,-1
CDK12-T514,CDK12,-1
CDK13-S325,CDK13,8
CDK13-S400,CDK13,-1
CDKN1A-S130,CDKN1A,-1
CDKN2AIP-S131,CDKN2AIP,-1
CDKN2AIP-S151,CDKN2AIP,-1
CDS2-S41,CDS2,-1
CDV3-S106,CDV3,-1
CDV3-S107,CDV3,-1
CEMIP2-Y27,CEMIP2,-1
CENPE-S1389,CENPE,-1
CEP131-S114,CEP131,-1
CEP131-S47,CEP131,-1
CEP131-S731,CEP131,-1
CEP170-S1160,CEP170,-1
CEP170-S1270,CEP170,-1
CEP170-S466,CEP170,-1
CEP43-S156,CEP43,-1
CEP55-S428,CEP55,-1
CEP55-T430,CEP55,-1
CETN2-S20,CETN2,-1
CFL1-S8,CFL1,-1
CHAF1A-S873,CHAF1A,-1
CHAMP1-S282,CHAMP1,-1
CHAMP1-S297,CHAMP1,-1
CHAMP1-S319,CHAMP1,-1
CHAMP1-S376,CHAMP1,-1
CHAMP1-S382,CHAMP1,-1
CHAMP1-S436,CHAMP1,-1
CHD1L-S888,CHD1L,-1
CHD3-S1601,CHD3,-1
CHD4-S108,CHD4,-1
CHD8-S2519,CHD8,-1
CHEK1-Y314,CHEK1,-1
CHERP-S813,CHERP,-1
CHORDC1-T199,CHORDC1,-1
CIC-S105,CIC,-1
CIC-S946,CIC,-1
CISD2-S104,CISD2,-1
CIT-S1939,CIT,-1
CIT-S440,CIT,-1
CKAP2L-S287,CKAP2L,-1
CLASP1-S568,CLASP1,-1
CLASP1-S646,CLASP1,-1
CLASP1-S649,CLASP1,-1
CLASP2-S1029,CLASP2,-1
CLASP2-S1281,CLASP2,-1
CLCC1-S438,CLCC1,7
CLIP1-S195,CLIP1,-1
CLIP1-S310,CLIP1,12
CLIP1-S348,CLIP1,-1
CLN6-S31,CLN6,14
CLTC-T875,CLTC,-1
CNK3-S334,CNK3,-1
CNK3-S35,CNK3,-1
CNK3-S351,CNK3,-1
CNK3-S497,CNK3,-1
CNK3-S796,CNK3,-1
CNK3-S813,CNK3,-1
CNNM3-S467,CNNM3,-1
CNOT4-S432,CNOT4,-1
CORO7-S465,CORO7,-1
CRKL-Y105,CRKL,-1
CRTC2-S136,CRTC2,-1
CRTC2-S623,CRTC2,-1
CRTC3-S396,CRTC3,-1
CRYBG1-S16,CRYBG1,-1
CRYBG1-S19,CRYBG1,-1
CRYBG1-S725,CRYBG1,-1
CRYBG1-S915,CRYBG1,-1
CSDE1-T589,CSDE1,-1
CSNK1D-T344,CSNK1D,-1
CSRP1-S87,CSRP1,-1
CTU2-S435,CTU2,-1
CUL4A-S10,CUL4A,-1
CUSTOS-S179,CUSTOS,-1
CWC22-S27,CWC22,-1
CWC22-S28,CWC22,-1
CWF19L2-S479,CWF19L2,-1
CXCR4-S324,CXCR4,-1
CXCR4-S325,CXCR4,-1
CXCR4-S339,CXCR4,-1
CXCR4-T342,CXCR4,-1
CYREN-S125,CYREN,-1
CYTIP-S64,CYTIP,-1
DBF4-S80,DBF4,-1
DBN1-S337,DBN1,-1
DBNL-S160,DBNL,-1
DBNL-S178,DBNL,-1
DBNL-S253,DBNL,-1
DBNL-S269,DBNL,-1
DBNL-T291,DBNL,-1
DCAF15-S359,DCAF15,-1
DCK-S11,DCK,-1
DCP1A-S525,DCP1A,-1
DCP1A-T401,DCP1A,-1
DCP1B-S275,DCP1B,-1
DDI2-S106,DDI2,-1
DDX10-S831,DDX10,-1
DDX17-S571,DDX17,-1
DDX17-S64,DDX17,-1
DDX20-S522,DDX20,-1
DDX20-S678,DDX20,-1
DDX20-S714,DDX20,-1
DDX39A-T26,DDX39A,-1
DDX3X-S90,DDX3X,-1
DDX41-S68,DDX41,-1
DDX42-S754,DDX42,-1
DEAF1-S176,DEAF1,-1
DEAF1-T171,DEAF1,-1
DENND4A-S1151,DENND4A,-1
DENND4B-S732,DENND4B,-1
DENND4B-S736,DENND4B,-1
DENND4C-S741,DENND4C,-1
DENND4C-T739,DENND4C,-1
DENND4C-T975,DENND4C,-1
DFFA-S28,DFFA,-1
DGCR8-S383,DGCR8,-1
DGKQ-S26,DGKQ,-1
DHCR7-S14,DHCR7,-1
DHX16-S103,DHX16,-1
DIAPH3-S1091,DIAPH3,-1
DIAPH3-S1093,DIAPH3,-1
DIAPH3-S26,DIAPH3,-1
DIDO1-S1017,DIDO1,-1
DIDO1-S862,DIDO1,-1
DLGAP5-S806,DLGAP5,-1
DMTN-S92,DMTN,-1
DMTN-S96,DMTN,-1
DMXL1-Y915,DMXL1,-1
DNAJC1-S480,DNAJC1,-1
DNAJC21-S370,DNAJC21,-1
DOCK10-S1289,DOCK10,5
DOCK11-S12,DOCK11,-1
DOCK2-S1706,DOCK2,-1
DOCK2-S1784,DOCK2,-1
DOCK2-T1797,DOCK2,-1
DOCK7-S30,DOCK7,-1
DOCK8-S451,DOCK8,-1
DOCK8-S936,DOCK8,-1
DOK2-Y271,DOK2,5
DOP1B-S681,DOP1B,-1
DPYSL2-S517,DPYSL2,-1
DPYSL2-S522,DPYSL2,-1
DPYSL2-T514,DPYSL2,-1
DTL-S487,DTL,-1
DTL-S488,DTL,-1
DTL-S717,DTL,15
DTX3L-S535,DTX3L,-1
DUSP22-S60,DUSP22,-1
DYNC1I2-S101,DYNC1I2,-1
DYNC1LI1-S414,DYNC1LI1,-1
DYNC1LI1-S516,DYNC1LI1,-1
DYNLL1-Y32,DYNLL1,-1
E2F7-S410,E2F7,-1
E2F8-S664,E2F8,-1
E2F8-T60,E2F8,-1
EDC3-Y141,EDC3,-1
EEF1AKMT2-S21,EEF1AKMT2,-1
EEF1D-T129,EEF1D,-1
EEF2-T57,EEF2,-1
EEF2-T59,EEF2,-1
EHBP1L1-S1218,EHBP1L1,-1
EHBP1-S854,EHBP1,-1
EIF2AK4-T667,EIF2AK4,-1
EIF2A-S526,EIF2A,-1
EIF2B4-S130,EIF2B4,-1
EIF3E-Y401,EIF3E,-1
EIF3E-Y445,EIF3E,-1
EIF3G-T244,EIF3G,-1
EIF4B-S207,EIF4B,-1
EIF4B-S497,EIF4B,-1
EIF4B-S498,EIF4B,-1
EIF4ENIF1-S78,EIF4ENIF1,-1
EIF4ENIF1-T769,EIF4ENIF1,-1
EIF4G1-S1077,EIF4G1,-1
EIF4G3-S1156,EIF4G3,-1
EIF4G3-S1157,EIF4G3,-1
EIF4G3-S495,EIF4G3,-1
EIF5B-S107,EIF5B,15
EIF5B-S438,EIF5B,-1
ELAVL1-S202,ELAVL1,-1
ELF1-S187,ELF1,-1
ELF1-Y160,ELF1,-1
ELMO1-S344,ELMO1,-1
EMB-S306,EMB,-1
EMB-S309,EMB,-1
EMD-S114,EMD,-1
EMD-S120,EMD,-1
EMD-S141,EMD,-1
EMD-S142,EMD,-1
EMD-S163,EMD,-1
EMD-S171,EMD,-1
EMD-S29,EMD,-1
EMD-S49,EMD,-1
EMD-T165,EMD,-1
EML3-S176,EML3,-1
EML3-S197,EML3,-1
EML4-S138,EML4,-1
EML4-S94,EML4,-1
EMSY-S209,EMSY,-1
ENSA-S43,ENSA,-1
EP300-S12,EP300,-1
EP300-S1726,EP300,-1
EP300-T887,EP300,-1
EPB41L2-S715,EPB41L2,-1
EPB41L2-S87,EPB41L2,-1
EPB41-S521,EPB41,-1
EPB41-S542,EPB41,-1
EPB41-S712,EPB41,-1
EPB41-T195,EPB41,-1
EPRS1-S747,EPRS1,-1
EPRS1-Y1028,EPRS1,9
ERBIN-S857,ERBIN,-1
ERC1-S21,ERC1,-1
ERC1-S807,ERC1,-1
ERCC6L-S14,ERCC6L,-1
ERCC6-S1345,ERCC6,-1
ERF-T526,ERF,-1
ESYT1-S1034,ESYT1,-1
ESYT2-S691,ESYT2,-1
ETS1-S251,ETS1,-1
ETS1-S273,ETS1,-1
ETS1-S282,ETS1,-1
ETV3-S139,ETV3,-1
ETV3-S245,ETV3,-1
ETV3-S250,ETV3,-1
ETV6-Y27,ETV6,-1
EVL-S152,EVL,-1
EVL-S369,EVL,-1
EXOSC10-T846,EXOSC10,-1
EZH2-S366,EZH2,-1
F11R-S284,F11R,11
F11R-S287,F11R,11
FAM169A-S619,FAM169A,5
FAM193A-S293,FAM193A,-1
FAM193A-S302,FAM193A,-1
FAM193A-S642,FAM193A,-1
FAM53B-S167,FAM53B,-1
FARP2-Y436,FARP2,-1
FASN-T2204,FASN,-1
FBXO38-S724,FBXO38,-1
FBXO38-T742,FBXO38,-1
FBXO46-Y290,FBXO46,-1
FBXO4-S48,FBXO4,-1
FGD3-S547,FGD3,-1
FIP1L1-Y505,FIP1L1,-1
FKBP15-S619,FKBP15,-1
FKBP15-S984,FKBP15,-1
FKBP3-Y198,FKBP3,-1
FKBP8-S296,FKBP8,-1
FOXK1-S428,FOXK1,-1
FOXK1-Y219,FOXK1,-1
FOXN3-S412,FOXN3,-1
FOXO1-S432,FOXO1,-1
FOXP1-Y439,FOXP1,-1
FRMD4B-S608,FRMD4B,-1
FRMD4B-S628,FRMD4B,2
FRYL-S1972,FRYL,-1
FSD1-S313,FSD1,-1
FTH1-Y169,FTH1,-1
FTSJ3-T573,FTSJ3,-1
FUBP1-T153,FUBP1,-1
FUBP1-T87,FUBP1,-1
FUS-S346,FUS,-1
FXR1-S406,FXR1,-1
FXR1-S485,FXR1,-1
FYB1-S205,FYB1,-1
FYB1-S209,FYB1,-1
FYB1-S329,FYB1,-1
FYB1-Y571,FYB1,-1
FYN-S26,FYN,-1
G6PD-S132,G6PD,-1
GAPDH-T153,GAPDH,-1
GAPVD1-S746,GAPVD1,-1
GART-S802,GART,-1
GATAD2A-S546,GATAD2A,-1
GATAD2B-S129,GATAD2B,-1
GATAD2B-S227,GATAD2B,-1
GBF1-S1298,GBF1,-1
GBF1-S1784,GBF1,-1
GBF1-Y1305,GBF1,-1
GCSAM-S102,GCSAM,-1
GCSAM-S99,GCSAM,-1
GEMIN5-S757,GEMIN5,-1
GFI1-S96,GFI1,-1
GIGYF1-S237,GIGYF1,-1
GIGYF1-S28,GIGYF1,-1
GIGYF1-S636,GIGYF1,-1
GIGYF2-S139,GIGYF2,-1
GIGYF2-S160,GIGYF2,-1
GIGYF2-S242,GIGYF2,-1
GIGYF2-S30,GIGYF2,-1
GIT1-S388,GIT1,-1
GIT1-S571,GIT1,-1
GIT1-S592,GIT1,-1
GIT2-S397,GIT2,9
GLS-S95,GLS,-1
GLUD1-T206,GLUD1,-1
GMIP-S234,GMIP,-1
GMIP-S914,GMIP,-1
GMIP-T660,GMIP,-1
GOLGA3-S983,GOLGA3,-1
GOLGA4-S41,GOLGA4,-1
GOLGA8O-S371,GOLGA8O,-1
GOLGA8O-S372,GOLGA8O,-1
GOLGA8O-S496,GOLGA8O,-1
GOLGA8O-S497,GOLGA8O,-1
GON4L-S1895,GON4L,-1
GON4L-T1841,GON4L,-1
GPATCH4-S137,GPATCH4,-1
GPATCH8-S976,GPATCH8,-1
GPBP1L1-S76,GPBP1L1,1
GPKOW-T138,GPKOW,-1
GPR15-S335,GPR15,-1
GPR35-S300,GPR35,0
GPR35-S303,GPR35,0
GPR55-S305,GPR55,-1
GPRIN3-S519,GPRIN3,1
GPRIN3-T581,GPRIN3,-1
GRAP2-S187,GRAP2,-1
GRAP2-T262,GRAP2,15
GRK2-S685,GRK2,-1
GSE1-T1094,GSE1,-1
GSK3A-S14,GSK3A,-1
GTF2I-S103,GTF2I,-1
GTF3C1-S1068,GTF3C1,-1
GTF3C1-S1073,GTF3C1,5
GTPBP1-S47,GTPBP1,-1
GTSE1-S457,GTSE1,-1
GTSE1-S477,GTSE1,-1
GTSE1-S575,GTSE1,-1
H1-2-T4,H1-2,-1
H1-3-T10,H1-3,-1
H1-4-S89,H1-4,-1
H1-5-T39,H1-5,-1
H2BC12-S7,H2BC12,-1
HAPSTR1-T214,HAPSTR1,-1
HAUS6-S660,HAUS6,-1
HAUS6-T858,HAUS6,-1
HBS1L-S127,HBS1L,-1
HCFC1-S598,HCFC1,8
HCLS1-S299,HCLS1,-1
HCLS1-S300,HCLS1,-1
HCLS1-S62,HCLS1,-1
HDAC1-S346,HDAC1,-1
HDAC3-S424,HDAC3,-1
HDAC7-S109,HDAC7,-1
HDGFL2-S369,HDGFL2,-1
HDGFL2-S370,HDGFL2,-1
HEATR1-S1195,HEATR1,-1
HELLS-S115,HELLS,-1
HELZ-S1317,HELZ,-1
HERC1-T1429,HERC1,-1
HIP1R-S1045,HIP1R,-1
HIPK1-T1027,HIPK1,-1
HIRIP3-S196,HIRIP3,-1
HIVEP1-S1735,HIVEP1,-1
HIVEP2-S389,HIVEP2,-1
HIVEP2-S406,HIVEP2,-1
HLA-B-S343,HLA-B,-1
HLA-E-S347,HLA-E,-1
HLA-H-T97,HLA-H,-1
HLA-H-Y344,HLA-H,-1
HLTF-Y394,HLTF,-1
HMGA1-S14,HMGA1,-1
HMGA1-T39,HMGA1,-1
HMGB2-S35,HMGB2,-1
HMGCR-S872,HMGCR,-1
HMGN1-S86,HMGN1,-1
HMGXB4-Y83,HMGXB4,-1
HMOX2-S2,HMOX2,-1
HNRNPA0-Y180,HNRNPA0,-1
HNRNPA1-S360,HNRNPA1,-1
HNRNPA1-S364,HNRNPA1,-1
HNRNPA2B1-S341,HNRNPA2B1,-1
HNRNPA3-S375,HNRNPA3,-1
HNRNPD-S80,HNRNPD,-1
HNRNPD-S83,HNRNPD,-1
HNRNPF-S104,HNRNPF,-1
HNRNPK-Y72,HNRNPK,-1
HNRNPL-S188,HNRNPL,-1
HOOK1-S719,HOOK1,-1
HOOK3-S707,HOOK3,-1
HSH2D-S194,HSH2D,-1
HSH2D-S298,HSH2D,-1
HSP90B1-S523,HSP90B1,-1
HTT-S1874,HTT,-1
HTT-S1880,HTT,-1
HUWE1-S3802,HUWE1,-1
HUWE1-T1905,HUWE1,-1
ICE1-S944,ICE1,-1
ICE1-T1852,ICE1,-1
IFI16-S153,IFI16,-1
IFI16-T161,IFI16,-1
IGF2R-S2204,IGF2R,7
IGF2R-S2479,IGF2R,-1
IGF2R-S2484,IGF2R,-1
IGHMBP2-S677,IGHMBP2,-1
IKZF1-S391,IKZF1,-1
IL10RB-T317,IL10RB,9
IL16-S845,IL16,-1
IL16-S946,IL16,-1
INCENP-S72,INCENP,-1
INCENP-T213,INCENP,-1
INCENP-Y822,INCENP,-1
INF2-S2,INF2,-1
INPP5D-S1057,INPP5D,-1
INPP5D-S994,INPP5D,-1
INPP5D-T153,INPP5D,-1
INTS1-S13,INTS1,-1
IQGAP1-S1443,IQGAP1,13
IQGAP2-S16,IQGAP2,-1
IQSEC1-S89,IQSEC1,-1
IREB2-S177,IREB2,-1
IRF2BP2-S240,IRF2BP2,-1
IRF2BP2-S318,IRF2BP2,-1
IRF2BP2-S406,IRF2BP2,-1
IRF2BP2-S455,IRF2BP2,-1
IRF2BPL-S662,IRF2BPL,-1
IRF2-S339,IRF2,-1
ITGAE-S1163,ITGAE,-1
ITGB7-S40,ITGB7,-1
ITGB7-S44,ITGB7,-1
ITPKB-S43,ITPKB,-1
ITPKB-S49,ITPKB,-1
ITPR3-S1832,ITPR3,-1
ITPRID2-S593,ITPRID2,-1
ITPRID2-T87,ITPRID2,-1
ITSN2-S884,ITSN2,-1
ITSN2-S889,ITSN2,-1
IVNS1ABP-S322,IVNS1ABP,-1
IVNS1ABP-T281,IVNS1ABP,-1
IWS1-S300,IWS1,-1
IWS1-S302,IWS1,-1
IWS1-S362,IWS1,-1
IWS1-S363,IWS1,-1
IWS1-S365,IWS1,-1
IWS1-S400,IWS1,-1
IWS1-S720,IWS1,-1
JMJD1C-S1576,JMJD1C,-1
JMJD1C-S1982,JMJD1C,-1
JMJD1C-S639,JMJD1C,-1
JMJD1C-S641,JMJD1C,-1
JPT2-S69,JPT2,-1
JUNB-S251,JUNB,-1
JUNB-S259,JUNB,-1
JUNB-T255,JUNB,-1
JUND-S259,JUND,-1
KANSL3-S511,KANSL3,-1
KANSL3-S515,KANSL3,-1
KAT5-S190,KAT5,-1
KAT6A-S1089,KAT6A,1
KAT6A-S1090,KAT6A,1
KAT6A-S941,KAT6A,-1
KAT6A-T1144,KAT6A,-1
KAT7-S100,KAT7,-1
KATNA1-S170,KATNA1,-1
KATNBL1-S61,KATNBL1,-1
KCNAB2-S20,KCNAB2,-1
KCTD10-S23,KCTD10,-1
KCTD5-S29,KCTD5,-1
KDM2B-S445,KDM2B,-1
KDM3A-S265,KDM3A,-1
KDM3B-S289,KDM3B,-1
KDM3B-S798,KDM3B,-1
KDM5A-Y1595,KDM5A,-1
KHDRBS1-S20,KHDRBS1,-1
KHDRBS1-S29,KHDRBS1,-1
KHDRBS1-T33,KHDRBS1,-1
KIAA0319L-S985,KIAA0319L,-1
KIAA0319L-T984,KIAA0319L,-1
KIAA0930-S306,KIAA0930,-1
KIAA1143-S105,KIAA1143,-1
KIAA1143-S146,KIAA1143,-1
KIAA1671-S1666,KIAA1671,-1
KIDINS220-S1555,KIDINS220,-1
KIF13B-S658,KIF13B,12
KIF15-T1144,KIF15,-1
KIF18B-S662,KIF18B,-1
KIF18B-T674,KIF18B,-1
KIF1C-S1092,KIF1C,-1
KIF20A-T857,KIF20A,-1
KIF20A-Y869,KIF20A,-1
KIF21A-S853,KIF21A,-1
KLC1-S521,KLC1,-1
KLF2-S177,KLF2,-1
KLF2-T173,KLF2,-1
KLHDC4-S418,KLHDC4,-1
KLHDC4-S424,KLHDC4,-1
KLHDC4-S62,KLHDC4,-1
KMT2A-S1837,KMT2A,-1
KMT2A-S2196,KMT2A,-1
KMT2B-S844,KMT2B,-1
KMT2D-S2260,KMT2D,-1
KMT2E-T641,KMT2E,-1
KNL1-S1076,KNL1,15
KNL1-S32,KNL1,-1
KNL1-S60,KNL1,-1
KNOP1-S127,KNOP1,-1
KPNA3-S56,KPNA3,-1
KRI1-S93,KRI1,10
KRI1-S94,KRI1,10
KRI1-S95,KRI1,10
KRI1-S97,KRI1,10
KTN1-S77,KTN1,-1
KTN1-S79,KTN1,-1
LAMTOR1-S26,LAMTOR1,-1
LANCL1-T100,LANCL1,-1
LARP1-S1056,LARP1,-1
LARP1-T1071,LARP1,-1
LARP1-T376,LARP1,15
LARP4B-S498,LARP4B,15
LARP4B-T732,LARP4B,-1
LARP4-S643,LARP4,-1
LARP4-S647,LARP4,-1
LASP1-S146,LASP1,-1
LAT2-S135,LAT2,-1
LAT-S101,LAT,-1
LAT-S106,LAT,-1
LAT-S109,LAT,-1
LATS1-S181,LATS1,-1
LAT-S91,LAT,-1
LBR-S167,LBR,-1
LCP2-S376,LCP2,-1
LCP2-T341,LCP2,-1
LCP2-Y380,LCP2,-1
LEMD3-S259,LEMD3,-1
LEMD3-S402,LEMD3,-1
LEMD3-Y258,LEMD3,-1
LENG1-S59,LENG1,-1
LEO1-T302,LEO1,-1
LIG1-S49,LIG1,-1
LIG1-S91,LIG1,-1
LIG3-S241,LIG3,-1
LIMA1-S362,LIMA1,14
LIMA1-S365,LIMA1,-1
LIMA1-S369,LIMA1,-1
LIMA1-S617,LIMA1,-1
LIMA1-S692,LIMA1,4
LIMD1-S233,LIMD1,-1
LIMD1-S240,LIMD1,-1
LIME1-S70,LIME1,-1
LIME1-T274,LIME1,-1
LIMK1-S298,LIMK1,-1
LIMK1-S302,LIMK1,-1
LIMK1-S310,LIMK1,-1
LIMK2-S289,LIMK2,-1
LIPE-S855,LIPE,-1
LMNA-S628,LMNA,-1
LMNB1-T20,LMNB1,-1
LMNB2-T34,LMNB2,-1
LMO7-S1591,LMO7,-1
LRCH3-S516,LRCH3,-1
LRRC41-S276,LRRC41,-1
LRRC41-T327,LRRC41,-1
LRRFIP1-S116,LRRFIP1,-1
LRRFIP1-S638,LRRFIP1,-1
LRRFIP1-S766,LRRFIP1,-1
LRRFIP1-S775,LRRFIP1,-1
LRRFIP2-S324,LRRFIP2,-1
LSP1-T240,LSP1,-1
LSR-S464,LSR,-1
LUC7L-S336,LUC7L,-1
LYAR-S260,LYAR,-1
LYST-S494,LYST,-1
LYST-T497,LYST,-1
MADD-S818,MADD,15
MAP2K2-S222,MAP2K2,-1
MAP2K2-S226,MAP2K2,-1
MAP2K2-T394,MAP2K2,-1
MAP2K4-S80,MAP2K4,-1
MAP2K7-T66,MAP2K7,-1
MAP3K1-S1018,MAP3K1,-1
MAP3K1-S1043,MAP3K1,-1
MAP3K3-S166,MAP3K3,-1
MAP3K3-Y181,MAP3K3,-1
MAP3K7-S367,MAP3K7,-1
MAP3K7-S439,MAP3K7,-1
MAP3K7-S454,MAP3K7,-1
MAP4K4-S631,MAP4K4,-1
MAP4K4-S639,MAP4K4,15
MAP4K4-S900,MAP4K4,-1
MAP4K5-S433,MAP4K5,-1
MAP4K5-S434,MAP4K5,-1
MAP4-S1000,MAP4,-1
MAP7D1-S113,MAP7D1,-1
MAP7D1-S116,MAP7D1,-1
MAP7D1-S280,MAP7D1,-1
MAP7D1-S442,MAP7D1,-1
MAP7D1-S460,MAP7D1,-1
MAP7D3-S524,MAP7D3,-1
MAP9-S87,MAP9,-1
MAPK14-T180,MAPK14,-1
MAPK14-Y182,MAPK14,-1
MAPK1-T185,MAPK1,-1
MAPK1-Y187,MAPK1,-1
MAPK3-T202,MAPK3,-1
MAPK3-Y204,MAPK3,-1
MAPKBP1-S1198,MAPKBP1,-1
MAPRE1-S155,MAPRE1,-1
MAPRE2-T25,MAPRE2,-1
MARF1-S1567,MARF1,-1
MARF1-S1571,MARF1,-1
MARF1-S716,MARF1,5
MARK2-S392,MARK2,-1
MARK2-S498,MARK2,-1
MARK3-S543,MARK3,-1
MARK3-S643,MARK3,-1
MAST2-S876,MAST2,-1
MAST2-S931,MAST2,-1
MAST3-S1203,MAST3,-1
MAST3-S1215,MAST3,-1
MAST4-S1370,MAST4,-1
MAST4-S1377,MAST4,-1
MAST4-S1779,MAST4,-1
MATR3-T150,MATR3,-1
MAX-S2,MAX,-1
MBD4-S318,MBD4,-1
MCM2-S31,MCM2,-1
MCM2-S4,MCM2,-1
MCM3-Y708,MCM3,-1
MCM4-S26,MCM4,-1
MCM4-T19,MCM4,-1
MCM4-T7,MCM4,-1
MDC1-S485,MDC1,-1
MDC1-S995,MDC1,-1
MDC1-T455,MDC1,7
MDM1-S543,MDM1,-1
MDM2-S166,MDM2,-1
MED14-S1136,MED14,12
MED14-S1144,MED14,12
MED1-S1256,MED1,-1
MED1-S1463,MED1,-1
MED1-S1482,MED1,-1
MED1-S588,MED1,-1
MEF2A-S235,MEF2A,-1
METTL1-S27,METTL1,-1
MFAP1-T267,MFAP1,-1
MIA2-S1125,MIA2,-1
MICAL1-S617,MICAL1,-1
MICALL1-S484,MICALL1,-1
MICALL1-S486,MICALL1,-1
MICALL1-T647,MICALL1,-1
MIDEAS-Y624,MIDEAS,-1
MIDEAS-Y630,MIDEAS,-1
MIEF1-T61,MIEF1,-1
MINDY1-S103,MINDY1,15
MIOS-T768,MIOS,-1
MKI67-S128,MKI67,-1
MKI67-S1380,MKI67,-1
MKI67-S1447,MKI67,-1
MKI67-S1496,MKI67,6
MKI67-S1686,MKI67,-1
MKI67-S2173,MKI67,-1
MKI67-S2505,MKI67,-1
MKI67-S3249,MKI67,-1
MKI67-S3253,MKI67,-1
MKI67-T1167,MKI67,-1
MKI67-T1764,MKI67,-1
MKI67-T1897,MKI67,-1
MKI67-T347,MKI67,-1
MKI67-Y1737,MKI67,-1
MKNK1-T385,MKNK1,-1
MKRN2-S139,MKRN2,-1
MKRN2-S365,MKRN2,-1
MLLT1-S361,MLLT1,0
MMACHC-S275,MMACHC,-1
MMACHC-S279,MMACHC,-1
MMTAG2-S220,MMTAG2,-1
MNAT1-S279,MNAT1,-1
MON2-S1214,MON2,-1
MORC2-S725,MORC2,-1
MORC2-S730,MORC2,-1
MORC2-S739,MORC2,-1
MORC2-T733,MORC2,-1
MORC3-S514,MORC3,-1
MPLKIP-Y45,MPLKIP,-1
MPP1-Y48,MPP1,-1
MPRIP-S289,MPRIP,-1
MPRIP-S292,MPRIP,-1
MPRIP-S891,MPRIP,-1
MPZL1-S210,MPZL1,-1
MRGBP-S197,MRGBP,-1
MRPS36-Y67,MRPS36,-1
MRTFA-S511,MRTFA,-1
MSANTD2-S13,MSANTD2,-1
MSH6-S309,MSH6,3
MSL2-S447,MSL2,1
MSL3-S400,MSL3,-1
MTA1-T564,MTA1,-1
MTDH-S308,MTDH,-1
MTHFD1-T216,MTHFD1,-1
MTM1-S18,MTM1,-1
MTM1-S588,MTM1,-1
MTMR12-S564,MTMR12,-1
MTMR1-S49,MTMR1,-1
MTMR3-S633,MTMR3,-1
MTMR6-S561,MTMR6,-1
MTRR-S164,MTRR,-1
MVP-S864,MVP,-1
MYBBP1A-S1241,MYBBP1A,-1
MYCBP2-S2869,MYCBP2,-1
MYCBP2-S2871,MYCBP2,-1
MYCBP2-S3478,MYCBP2,-1
MYCBP2-T2683,MYCBP2,-1
MYCBP2-Y2874,MYCBP2,-1
MYH9-S1916,MYH9,-1
MYO1F-S992,MYO1F,-1
MYO9B-S1115,MYO9B,-1
MYO9B-S1972,MYO9B,-1
MYO9B-S722,MYO9B,-1
MYSM1-S110,MYSM1,-1
NAA10-S182,NAA10,-1
NAA10-S209,NAA10,-1
NAA30-S39,NAA30,-1
NAB1-S183,NAB1,-1
NAP1L4-S12,NAP1L4,-1
NAP1L4-S5,NAP1L4,-1
NAP1L4-S7,NAP1L4,-1
NAP1L4-Y55,NAP1L4,-1
NBEAL2-S1384,NBEAL2,-1
NBEAL2-S2739,NBEAL2,-1
NBEAL2-T1388,NBEAL2,-1
NCAPD2-S1333,NCAPD2,-1
NCAPH2-S282,NCAPH2,-1
NCAPH2-S284,NCAPH2,-1
NCBP1-T21,NCBP1,-1
NCBP3-S530,NCBP3,-1
NCK1-S85,NCK1,11
NCL-S580,NCL,-1
NCOA2-S2,NCOA2,-1
NCOA2-S771,NCOA2,-1
NCOA3-S857,NCOA3,-1
NCOA3-S860,NCOA3,-1
NCOA5-S377,NCOA5,-1
NCOA7-S208,NCOA7,-1
NCOA7-S211,NCOA7,-1
NCOR1-S1111,NCOR1,-1
NCOR1-S1528,NCOR1,-1
NCOR1-S1533,NCOR1,-1
NCOR1-S1543,NCOR1,-1
NCOR1-S97,NCOR1,8
NCOR2-S2058,NCOR2,-1
NDEL1-S231,NDEL1,-1
NDRG1-T366,NDRG1,-1
NDRG1-T375,NDRG1,-1
NDRG3-S331,NDRG3,-1
NDRG3-T329,NDRG3,-1
NELFE-S113,NELFE,-1
NELFE-S115,NELFE,-1
NELFE-S51,NELFE,-1
NF1-S2543,NF1,15
NF2-T581,NF2,-1
NFATC2IP-S220,NFATC2IP,-1
NFATC2-S148,NFATC2,-1
NFATC2-S217,NFATC2,-1
NFATC2-S221,NFATC2,-1
NFATC2-S225,NFATC2,-1
NFATC2-S268,NFATC2,-1
NFATC2-S326,NFATC2,-1
NFATC3-S269,NFATC3,-1
NFIC-S339,NFIC,-1
NFIL3-S210,NFIL3,-1
NFKB2-S161,NFKB2,-1
NFKB2-S858,NFKB2,-1
NFKBIE-S157,NFKBIE,-1
NFXL1-S331,NFXL1,-1
NIBAN2-S692,NIBAN2,-1
NIFK-T277,NIFK,-1
NIPBL-T713,NIPBL,-1
NIPBL-T746,NIPBL,-1
NKTR-S390,NKTR,-1
NLRC3-S61,NLRC3,-1
NME2-T103,NME2,-1
NMT1-S83,NMT1,-1
NOL8-S1099,NOL8,-1
NOL8-S267,NOL8,-1
NOL8-S432,NOL8,-1
NOP2-S58,NOP2,-1
NOSIP-S138,NOSIP,-1
NR2C2-S68,NR2C2,-1
NR2C2-T54,NR2C2,-1
NSD1-S2573,NSD1,-1
NSD1-S486,NSD1,-1
NSD1-S948,NSD1,-1
NSD3-S585,NSD3,-1
NSD3-S587,NSD3,-1
NUP107-S11,NUP107,-1
NUP107-S37,NUP107,-1
NUP153-S334,NUP153,-1
NUP153-S338,NUP153,-1
NUP153-S516,NUP153,-1
NUP153-T515,NUP153,-1
NUP160-S1157,NUP160,-1
NUP188-S1709,NUP188,-1
NUP210-S1874,NUP210,-1
NUP214-S433,NUP214,-1
NUP214-S657,NUP214,-1
NUP50-S221,NUP50,-1
NUP88-S49,NUP88,-1
NUP98-S1034,NUP98,-1
NUP98-T546,NUP98,-1
OCC1-S28,OCC1,-1
OCIAD1-S122,OCIAD1,-1
OCIAD2-S149,OCIAD2,-1
OPTN-S342,OPTN,-1
OPTN-S526,OPTN,-1
ORC1-S199,ORC1,-1
ORC2-T226,ORC2,-1
OSBPL11-S172,OSBPL11,-1
OSBPL3-S265,OSBPL3,-1
OSBPL3-S374,OSBPL3,-1
OSBPL8-S63,OSBPL8,-1
OSBPL8-S68,OSBPL8,-1
OSBP-T332,OSBP,-1
OTUD4-S443,OTUD4,-1
OTUD7B-S464,OTUD7B,-1
OXCT1-Y174,OXCT1,-1
OXR1-S201,OXR1,-1
OXR1-S202,OXR1,-1
PAG1-S201,PAG1,-1
PAG1-S229,PAG1,-1
PAK1-S204,PAK1,-1
PAK2-S141,PAK2,-1
PAK2-S152,PAK2,-1
PAK2-S197,PAK2,-1
PALM2AKAP2-S979,PALM2AKAP2,-1
PANK2-S168,PANK2,-1
PANK2-S169,PANK2,-1
PAPOLG-S525,PAPOLG,-1
PAPOLG-S708,PAPOLG,-1
PARN-S557,PARN,8
PARP1-S63,PARP1,-1
PATJ-S1212,PATJ,-1
PATL1-S177,PATL1,-1
PAXX-S148,PAXX,-1
PBK-T9,PBK,-1
PBRM1-S13,PBRM1,-1
PBRM1-S948,PBRM1,-1
PCBP1-S173,PCBP1,-1
PCBP1-Y183,PCBP1,-1
PCBP2-S187,PCBP2,-1
PCF11-S509,PCF11,-1
PCF11-S511,PCF11,-1
PCM1-S1283,PCM1,-1
PCM1-T77,PCM1,-1
PCNP-S119,PCNP,-1
PCNT-S1653,PCNT,-1
PCNT-S44,PCNT,-1
PCNT-S610,PCNT,-1
PCNT-T2362,PCNT,2
PCYT1A-S321,PCYT1A,-1
PDAP1-S178,PDAP1,-1
PDCD4-S323,PDCD4,-1
PDCD4-S457,PDCD4,-1
PDE3B-S295,PDE3B,-1
PDE3B-S299,PDE3B,-1
PDE4A-S85,PDE4A,-1
PDHA1-S232,PDHA1,-1
PDHA1-S300,PDHA1,-1
PDHA1-Y289,PDHA1,-1
PDIA5-S54,PDIA5,-1
PDLIM2-T279,PDLIM2,-1
PDPK1-T10,PDPK1,-1
PDPK1-T37,PDPK1,-1
PEA15-S116,PEA15,-1
PEAK1-S1036,PEAK1,-1
PEAK1-S826,PEAK1,-1
PECAM1-S653,PECAM1,-1
PEX16-S158,PEX16,-1
PEX16-S183,PEX16,-1
PFKFB2-S466,PFKFB2,-1
PFKFB2-S483,PFKFB2,-1
PFKFB3-S461,PFKFB3,-1
PFKFB3-S467,PFKFB3,-1
PFKL-S775,PFKL,-1
PGRMC1-Y180,PGRMC1,-1
PHACTR2-T25,PHACTR2,-1
PHACTR4-S118,PHACTR4,-1
PHACTR4-S131,PHACTR4,-1
PHACTR4-S557,PHACTR4,-1
PHACTR4-S628,PHACTR4,-1
PHC3-T614,PHC3,7
PHF14-S835,PHF14,15
PHF20L1-S433,PHF20L1,-1
PHF23-S74,PHF23,-1
PHF23-S79,PHF23,-1
PHF6-S145,PHF6,-1
PHIP-S1315,PHIP,-1
PHIP-S674,PHIP,-1
PHKB-S700,PHKB,-1
PHKB-S701,PHKB,-1
PHRF1-S814,PHRF1,-1
PHRF1-S864,PHRF1,-1
PHRF1-S867,PHRF1,-1
PHRF1-T1404,PHRF1,-1
PI4K2A-S44,PI4K2A,9
PI4K2A-S47,PI4K2A,-1
PI4KA-S260,PI4KA,-1
PI4KA-S265,PI4KA,-1
PI4KB-S425,PI4KB,-1
PI4KB-T426,PI4KB,-1
PIK3C2A-S259,PIK3C2A,-1
PIK3R5-S432,PIK3R5,-1
PIK3R5-S458,PIK3R5,-1
PIP5K1A-S475,PIP5K1A,-1
PITPNM1-S1205,PITPNM1,-1
PJA2-S323,PJA2,-1
PKP4-S337,PKP4,9
PLCB2-S958,PLCB2,-1
PLCG1-S1233,PLCG1,-1
PLCG1-S1248,PLCG1,-1
PLCH2-S595,PLCH2,-1
PLCL2-S123,PLCL2,-1
PLCL2-T121,PLCL2,-1
PLEC-S149,PLEC,-1
PLEC-S1732,PLEC,-1
PLEC-S4613,PLEC,-1
PLEKHA2-S314,PLEKHA2,-1
PLEKHA2-S349,PLEKHA2,-1
PLEKHA3-S289,PLEKHA3,-1
PLEKHF1-S243,PLEKHF1,-1
PLEKHG2-S1265,PLEKHG2,-1
PLEKHM1-S432,PLEKHM1,-1
PLEKHM1-T434,PLEKHM1,-1
PLEKHO1-S227,PLEKHO1,-1
PLEKHO1-S239,PLEKHO1,-1
PLEKHO1-Y253,PLEKHO1,-1
PLIN3-S130,PLIN3,-1
PLPP6-S26,PLPP6,-1
PML-S504,PML,-1
PNKP-T122,PNKP,13
PNN-S96,PNN,-1
POLA1-S186,POLA1,-1
POLR1F-S304,POLR1F,-1
POLR1G-S490,POLR1G,-1
POLR1G-T287,POLR1G,-1
POLR2A-S1864,POLR2A,-1
POLR2A-S1871,POLR2A,-1
POLR2A-Y1853,POLR2A,-1
POLR2A-Y1860,POLR2A,-1
POLR2M-S179,POLR2M,-1
POM121C-S415,POM121C,-1
POM121C-S81,POM121C,-1
PPFIBP2-S329,PPFIBP2,-1
PPFIBP2-S385,PPFIBP2,-1
PPFIBP2-S387,PPFIBP2,-1
PPHLN1-S172,PPHLN1,-1
PPHLN1-S201,PPHLN1,-1
PPIG-S753,PPIG,-1
PPIG-T358,PPIG,-1
PPIP5K2-S1180,PPIP5K2,-1
PPM1G-S527,PPM1G,-1
PPME1-S15,PPME1,-1
PPP1R10-S247,PPP1R10,-1
PPP1R10-T256,PPP1R10,-1
PPP1R11-S77,PPP1R11,-1
PPP1R12A-S507,PPP1R12A,-1
PPP1R12A-S995,PPP1R12A,-1
PPP1R13L-S183,PPP1R13L,-1
PPP1R13L-S187,PPP1R13L,-1
PPP1R18-S209,PPP1R18,-1
PPP1R18-S213,PPP1R18,-1
PPP1R18-T493,PPP1R18,-1
PPP1R21-S101,PPP1R21,-1
PPP1R3E-S33,PPP1R3E,-1
PPP2R5D-S573,PPP2R5D,-1
PPP3CB-S478,PPP3CB,-1
PPP6R1-S726,PPP6R1,-1
PRAG1-S510,PRAG1,-1
PRDM11-Y70,PRDM11,-1
PRDM2-S421,PRDM2,13
PRICKLE3-S453,PRICKLE3,-1
PRIMPOL-S255,PRIMPOL,-1
PRKAA1-S397,PRKAA1,-1
PRKAA1-T488,PRKAA1,-1
PRKAB1-S182,PRKAB1,-1
PRKAR2A-S58,PRKAR2A,-1
PRKCB-S311,PRKCB,-1
PRKCB-T314,PRKCB,-1
PRKCB-T500,PRKCB,-1
PRKCD-S304,PRKCD,-1
PRKCD-T43,PRKCD,-1
PRKCQ-S323,PRKCQ,-1
PRKCQ-S685,PRKCQ,-1
PRKCQ-T538,PRKCQ,8
PRKD2-S214,PRKD2,-1
PRKD2-S518,PRKD2,-1
PRKD2-S710,PRKD2,-1
PRKDC-T2645,PRKDC,-1
PROSER3-S356,PROSER3,-1
PRPF19-S205,PRPF19,-1
PRPF4B-Y140,PRPF4B,-1
PRPF6-S143,PRPF6,13
PRR11-S355,PRR11,-1
PRR12-S1135,PRR12,-1
PRR12-Y380,PRR12,-1
PRRC2A-S1106,PRRC2A,-1
PRRC2A-S166,PRRC2A,-1
PRRC2A-S456,PRRC2A,-1
PRRC2A-T1087,PRRC2A,-1
PRRC2A-T1112,PRRC2A,-1
PRRC2A-T172,PRRC2A,-1
PRRC2C-S1544,PRRC2C,-1
PRRC2C-S633,PRRC2C,-1
PRRC2C-T1265,PRRC2C,-1
PRRC2C-T1267,PRRC2C,2
PSD4-S477,PSD4,-1
PSIP1-S129,PSIP1,-1
PSMB6-T65,PSMB6,-1
PSTPIP1-S298,PSTPIP1,-1
PTDSS1-S11,PTDSS1,-1
PTDSS1-S425,PTDSS1,-1
PTDSS1-S442,PTDSS1,-1
PTGER4-S245,PTGER4,-1
PTPN1-S50,PTPN1,-1
PTPN22-S449,PTPN22,-1
PTPN6-Y536,PTPN6,-1
PTPN7-S143,PTPN7,-1
PTPN7-T66,PTPN7,-1
PTPRK-S856,PTPRK,-1
PUM2-S587,PUM2,-1
PUM2-S75,PUM2,-1
PURB-S6,PURB,-1
PVR-S406,PVR,-1
PXN-S106,PXN,15
PYCR2-S304,PYCR2,-1
R3HDM1-S362,R3HDM1,-1
R3HDM1-S381,R3HDM1,-1
R3HDM1-S973,R3HDM1,-1
RAB10-S188,RAB10,-1
RAB11FIP1-S345,RAB11FIP1,-1
RAB11FIP1-S389,RAB11FIP1,-1
RAB3GAP1-S537,RAB3GAP1,-1
RAB5A-S193,RAB5A,-1
RABEP1-S407,RABEP1,-1
RABGAP1-S42,RABGAP1,-1
RABGAP1-T1002,RABGAP1,-1
RACGAP1-S203,RACGAP1,-1
RAF1-S296,RAF1,-1
RAF1-S301,RAF1,-1
RAF1-S43,RAF1,14
RALBP1-S29,RALBP1,-1
RALB-Y154,RALB,7
RALGAPA1-S721,RALGAPA1,-1
RALGAPA2-S820,RALGAPA2,-1
RALGPS2-S296,RALGPS2,-1
RALY-S288,RALY,-1
RALY-T286,RALY,-1
RANBP1-S60,RANBP1,-1
RANBP2-S1400,RANBP2,-1
RANBP2-S1456,RANBP2,-1
RANBP2-S1573,RANBP2,-1
RANBP2-S1869,RANBP2,-1
RANBP2-S2805,RANBP2,-1
RANBP2-T1144,RANBP2,-1
RAPGEF1-S296,RAPGEF1,-1
RAPGEF1-S371,RAPGEF1,-1
RAPGEF1-Y478,RAPGEF1,-1
RAPGEF6-S1070,RAPGEF6,-1
RAPGEF6-S1237,RAPGEF6,-1
RAPGEF6-S1427,RAPGEF6,-1
RASA3-S809,RASA3,-1
RASA3-Y807,RASA3,2
RASAL3-S164,RASAL3,-1
RASAL3-S166,RASAL3,-1
RASAL3-S170,RASAL3,-1
RASAL3-S224,RASAL3,-1
RASAL3-S228,RASAL3,-1
RASAL3-S231,RASAL3,-1
RASAL3-S785,RASAL3,-1
RASAL3-S787,RASAL3,-1
RASAL3-S790,RASAL3,-1
RASAL3-S857,RASAL3,-1
RASAL3-S859,RASAL3,-1
RASAL3-S865,RASAL3,-1
RASAL3-S949,RASAL3,-1
RASAL3-T884,RASAL3,-1
RASGRF2-S746,RASGRF2,-1
RASSF2-T137,RASSF2,-1
RAVER1-T463,RAVER1,-1
RB1CC1-S647,RB1CC1,-1
RB1-S624,RB1,-1
RB1-S794,RB1,-1
RB1-S795,RB1,-1
RB1-T826,RB1,-1
RB1-Y790,RB1,-1
RBBP6-S1695,RBBP6,-1
RBBP6-S1699,RBBP6,-1
RBL1-S1037,RBL1,-1
RBL1-S640,RBL1,-1
RBL2-S1082,RBL2,-1
RBL2-S1110,RBL2,-1
RBL2-S1112,RBL2,-1
RBL2-S672,RBL2,-1
RBL2-S952,RBL2,-1
RBL2-S982,RBL2,-1
RBM10-S718,RBM10,-1
RBM10-S723,RBM10,-1
RBM12B-S839,RBM12B,-1
RBM14-S618,RBM14,-1
RBM14-T629,RBM14,-1
RBM15B-S267,RBM15B,-1
RBM15-S128,RBM15,-1
RBM15-S212,RBM15,-1
RBM25-S675,RBM25,-1
RBM27-S769,RBM27,7
RBM34-S14,RBM34,15
RBM7-S136,RBM7,-1
RBM7-Y117,RBM7,-1
RBMX-Y246,RBMX,-1
RC3H1-S535,RC3H1,-1
RCSD1-S116,RCSD1,-1
RCSD1-S120,RCSD1,-1
RCSD1-S127,RCSD1,-1
RCSD1-S179,RCSD1,-1
RCSD1-T124,RCSD1,-1
RECQL4-S27,RECQL4,-1
RECQL4-S323,RECQL4,-1
RECQL5-S858,RECQL5,-1
RELB-S573,RELB,-1
RELL1-S244,RELL1,-1
REPIN1-S426,REPIN1,-1
REPS1-S143,REPS1,-1
REPS1-S273,REPS1,-1
RERE-S594,RERE,-1
RERE-S681,RERE,-1
REXO4-S419,REXO4,-1
RFC1-S281,RFC1,-1
RFC1-S283,RFC1,-1
RFC1-S368,RFC1,-1
RFC1-Y67,RFC1,-1
RFLNB-S6,RFLNB,-1
RFTN1-T574,RFTN1,-1
RFX1-S159,RFX1,-1
RFX7-S1081,RFX7,-1
RFXAP-S179,RFXAP,-1
RGS14-S478,RGS14,5
RGS19-S65,RGS19,-1
RGS3-S917,RGS3,-1
RGS3-S943,RGS3,-1
RIC1-S1017,RIC1,-1
RIC1-S1037,RIC1,-1
RIC8A-Y435,RIC8A,-1
RICTOR-S1284,RICTOR,-1
RICTOR-S1388,RICTOR,-1
RICTOR-Y1386,RICTOR,4
RIF1-S2157,RIF1,-1
RIF1-S2265,RIF1,-1
RIF1-S2348,RIF1,-1
RILPL2-S107,RILPL2,10
RIPK1-S330,RIPK1,-1
RIPK1-S331,RIPK1,-1
RIPOR1-S357,RIPOR1,-1
RIPOR2-S585,RIPOR2,15
RNF168-S134,RNF168,-1
RNF213-T2859,RNF213,2
RNF214-S47,RNF214,-1
RNF31-S437,RNF31,2
RNF31-S466,RNF31,-1
RPA2-Y20,RPA2,-1
RPL29-S31,RPL29,-1
RPL37A-Y37,RPL37A,-1
RPP30-S251,RPP30,15
RPRD2-S1021,RPRD2,-1
RPRD2-S374,RPRD2,-1
RPRD2-S614,RPRD2,15
RPS14-T140,RPS14,-1
RPS26-S76,RPS26,-1
RPS6KA1-S363,RPS6KA1,-1
RPS6KA1-S369,RPS6KA1,-1
RPS6KA1-S380,RPS6KA1,-1
RPS6KA1-T359,RPS6KA1,-1
RPS6KA3-S227,RPS6KA3,-1
RPS6KA3-S369,RPS6KA3,-1
RPS6KA3-S375,RPS6KA3,-1
RPS6KA3-T365,RPS6KA3,-1
RPS6KB1-S441,RPS6KB1,-1
RPS6KB1-T444,RPS6KB1,-1
RPS6-S244,RPS6,-1
RPS9-S153,RPS9,-1
RPTOR-S122,RPTOR,-1
RPTOR-T126,RPTOR,-1
RRBP1-S1277,RRBP1,-1
RREB1-S120,RREB1,-1
RRM2-S20,RRM2,-1
RSL1D1-T465,RSL1D1,-1
RSRC2-S376,RSRC2,-1
RTF2-S268,RTF2,-1
RTTN-S314,RTTN,-1
RUFY1-T74,RUFY1,-1
RUFY2-T276,RUFY2,-1
SAFB2-S233,SAFB2,-1
SAMSN1-S90,SAMSN1,14
SAP30BP-S18,SAP30BP,-1
SAP30BP-S22,SAP30BP,-1
SARAF-Y307,SARAF,-1
SARNP-S163,SARNP,-1
SASH3-S120,SASH3,-1
SASH3-S34,SASH3,-1
SASH3-S97,SASH3,-1
SASH3-Y116,SASH3,-1
SBF1-S560,SBF1,-1
SCAF11-S798,SCAF11,-1
SCML2-S590,SCML2,-1
SCRIB-T1342,SCRIB,-1
SEC14L1-Y243,SEC14L1,6
SEC16A-S1369,SEC16A,-1
SEC16A-S2081,SEC16A,-1
SEC16A-S2083,SEC16A,-1
SEC23IP-S926,SEC23IP,-1
SEC61B-S14,SEC61B,-1
SEC61B-S49,SEC61B,-1
SEMA4D-Y561,SEMA4D,-1
SENP1-S108,SENP1,-1
SENP7-S92,SENP7,-1
SEPTIN1-S317,SEPTIN1,-1
SEPTIN1-S320,SEPTIN1,-1
SEPTIN6-S388,SEPTIN6,14
SEPTIN6-T418,SEPTIN6,-1
SEPTIN9-S30,SEPTIN9,-1
SERBP1-S53,SERBP1,-1
SETD1A-S1103,SETD1A,-1
SETD1A-S464,SETD1A,-1
SETD1A-T1106,SETD1A,-1
SETX-S1366,SETX,-1
SETX-T2474,SETX,-1
SF3A2-S13,SF3A2,-1
SF3B1-S322,SF3B1,-1
SF3B1-T267,SF3B1,-1
SF3B1-T328,SF3B1,-1
SFMBT1-S767,SFMBT1,-1
SFMBT1-S775,SFMBT1,-1
SFPQ-S33,SFPQ,-1
SGPP1-S101,SGPP1,-1
SGTA-S305,SGTA,-1
SGTA-T303,SGTA,-1
SGTB-S295,SGTB,-1
SGTB-S297,SGTB,-1
SH2D3C-S339,SH2D3C,-1
SH2D3C-S447,SH2D3C,-1
SH3GL1-S288,SH3GL1,-1
SH3GL1-S291,SH3GL1,-1
SH3GL1-S292,SH3GL1,-1
SH3KBP1-S156,SH3KBP1,-1
SHKBP1-S637,SHKBP1,-1
SHKBP1-T639,SHKBP1,-1
SIK3-S866,SIK3,-1
SIPA1L1-S1087,SIPA1L1,-1
SIPA1L3-S97,SIPA1L3,-1
SIPA1-S908,SIPA1,-1
SIPA1-S912,SIPA1,-1
SIRT1-S26,SIRT1,-1
SIRT1-S27,SIRT1,-1
SKA3-S152,SKA3,-1
SLAIN1-S431,SLAIN1,-1
SLAMF1-T272,SLAMF1,-1
SLAMF6-Y285,SLAMF6,-1
SLAMF7-S278,SLAMF7,-1
SLC12A2-S994,SLC12A2,-1
SLC19A1-S225,SLC19A1,-1
SLC19A1-S583,SLC19A1,-1
SLC19A2-S222,SLC19A2,-1
SLC1A4-T511,SLC1A4,-1
SLC25A19-Y59,SLC25A19,-1
SLC2A1-S226,SLC2A1,-1
SLC2A1-T238,SLC2A1,-1
SLC2A1-T478,SLC2A1,-1
SLC4A1AP-S420,SLC4A1AP,-1
SLC4A2-S173,SLC4A2,-1
SLC4A7-S233,SLC4A7,-1
SLC4A7-S407,SLC4A7,-1
SLC4A7-T408,SLC4A7,-1
SLC7A6OS-S16,SLC7A6OS,-1
SLX4IP-S271,SLX4IP,-1
SLX4IP-T398,SLX4IP,-1
SMAP1-S207,SMAP1,-1
SMARCA4-S1382,SMARCA4,-1
SMARCA4-S1417,SMARCA4,-1
SMARCA4-T1384,SMARCA4,-1
SMARCA5-T113,SMARCA5,-1
SMARCAD1-S212,SMARCAD1,8
SMARCAD1-S34,SMARCAD1,-1
SMARCB1-S129,SMARCB1,-1
SMARCC1-T335,SMARCC1,13
SMARCD2-T217,SMARCD2,-1
SMARCD2-Y197,SMARCD2,-1
SMC4-T44,SMC4,-1
SMG1-S3556,SMG1,-1
SMG6-T479,SMG6,-1
SMG8-S668,SMG8,-1
SMG9-S4,SMG9,-1
SMG9-S7,SMG9,-1
SNAP23-S23,SNAP23,4
SNAP23-T24,SNAP23,4
SNAPC4-S1224,SNAPC4,-1
SNAPC4-S599,SNAPC4,-1
SNRK-S569,SNRK,-1
SNRNP200-S17,SNRNP200,-1
SNRPA1-T239,SNRPA1,0
SNRPC-Y12,SNRPC,3
SNTB1-S225,SNTB1,-1
SNW1-S232,SNW1,-1
SNX17-S421,SNX17,-1
SNX17-S437,SNX17,-1
SNX17-S440,SNX17,-1
SNX27-S51,SNX27,-1
SON-S2011,SON,-1
SORBS3-S530,SORBS3,-1
SORBS3-T585,SORBS3,-1
SOS1-S1078,SOS1,-1
SPAG5-S43,SPAG5,-1
SPAG7-S114,SPAG7,-1
SPATA13-S78,SPATA13,-1
SPATA2-S253,SPATA2,-1
SPECC1L-S384,SPECC1L,-1
SPECC1L-S385,SPECC1L,-1
SPEN-S1392,SPEN,-1
SPEN-S623,SPEN,-1
SPG11-S1955,SPG11,-1
SPHK2-T402,SPHK2,-1
SPINDOC-S308,SPINDOC,-1
SPNS1-T24,SPNS1,-1
SPN-S291,SPN,-1
SPRY1-S50,SPRY1,-1
SPTBN1-T2328,SPTBN1,11
SRPK2-S494,SRPK2,-1
SRPK2-S496,SRPK2,-1
SRRM1-S234,SRRM1,-1
SRRM1-S429,SRRM1,-1
SRRM1-S431,SRRM1,-1
SRRM1-S530,SRRM1,-1
SRRM1-S532,SRRM1,-1
SRRM1-S695,SRRM1,-1
SRRM1-S715,SRRM1,-1
SRRM1-S775,SRRM1,-1
SRRM2-S1101,SRRM2,-1
SRRM2-S1110,SRRM2,-1
SRRM2-S1132,SRRM2,-1
SRRM2-S1439,SRRM2,-1
SRRM2-S1441,SRRM2,-1
SRRM2-S1443,SRRM2,-1
SRRM2-S1501,SRRM2,-1
SRRM2-S1620,SRRM2,-1
SRRM2-S1621,SRRM2,-1
SRRM2-S1694,SRRM2,-1
SRRM2-S1984,SRRM2,-1
SRRM2-S1987,SRRM2,6
SRRM2-S1996,SRRM2,-1
SRRM2-S1999,SRRM2,6
SRRM2-S2008,SRRM2,-1
SRRM2-S2011,SRRM2,6
SRRM2-S2343,SRRM2,-1
SRRM2-S2426,SRRM2,-1
SRRM2-S295,SRRM2,-1
SRRM2-S398,SRRM2,-1
SRRM2-S435,SRRM2,-1
SRRM2-S455,SRRM2,-1
SRRM2-S484,SRRM2,3
SRRM2-S486,SRRM2,3
SRRM2-S534,SRRM2,-1
SRRM2-S992,SRRM2,-1
SRRM2-T1071,SRRM2,-1
SRSF10-S253,SRSF10,-1
SRSF2-S101,SRSF2,-1
SRSF7-S163,SRSF7,-1
SRSF7-S165,SRSF7,-1
SRSF7-S171,SRSF7,-1
SRSF7-S173,SRSF7,-1
SRSF9-S204,SRSF9,-1
SSBP3-T360,SSBP3,-1
SSH2-T795,SSH2,-1
STAT1-S735,STAT1,-1
STAT1-T598,STAT1,-1
STAT3-S701,STAT3,-1
STAT4-S721,STAT4,-1
STAU2-T405,STAU2,-1
STAU2-T488,STAU2,-1
STIM1-S512,STIM1,-1
STIM1-S595,STIM1,-1
STIM2-S515,STIM2,-1
STIM2-S518,STIM2,-1
STIM2-S522,STIM2,-1
STIM2-S523,STIM2,-1
STIM2-S680,STIM2,-1
STIM2-S697,STIM2,-1
STIM2-S700,STIM2,-1
STIM2-S719,STIM2,-1
STIP1-Y236,STIP1,-1
STK10-S13,STK10,-1
STK10-S450,STK10,-1
STK10-S454,STK10,-1
STK10-S514,STK10,-1
STK10-T14,STK10,-1
STK11IP-S387,STK11IP,-1
STK11IP-S389,STK11IP,-1
STK11IP-S392,STK11IP,-1
STK11IP-T394,STK11IP,-1
STK17B-S12,STK17B,-1
STMN1-S139,STMN1,-1
STMN1-S16,STMN1,-1
STMN1-S25,STMN1,-1
STRN4-S206,STRN4,-1
STX5-S9,STX5,-1
STX6-S129,STX6,9
STXBP5-S692,STXBP5,-1
STXBP5-S782,STXBP5,-1
SUB1-S17,SUB1,-1
SUB1-S19,SUB1,-1
SUDS3-S236,SUDS3,-1
SUGT1-T265,SUGT1,-1
SUZ12-T35,SUZ12,-1
SVIL-T852,SVIL,-1
SVIL-T856,SVIL,-1
SYMPK-S1171,SYMPK,-1
SYMPK-S494,SYMPK,-1
SYNE1-S6230,SYNE1,-1
SYNE1-T2335,SYNE1,-1
SYNE2-S1941,SYNE2,-1
SYNE2-S6361,SYNE2,-1
SYNE2-T1459,SYNE2,-1
SYNRG-S580,SYNRG,-1
SYNRG-T1100,SYNRG,-1
SYTL2-S511,SYTL2,-1
TAB3-S385,TAB3,-1
TACC1-S276,TACC1,-1
TACC3-S71,TACC3,-1
TAF1-S1176,TAF1,-1
TAF2-S1185,TAF2,-1
TAF3-T433,TAF3,-1
TAF9-S196,TAF9,-1
TAGAP-S661,TAGAP,-1
TAGAP-Y376,TAGAP,-1
TAOK3-S324,TAOK3,-1
TAOK3-S331,TAOK3,-1
TASOR2-S685,TASOR2,-1
TASOR-S673,TASOR,-1
TASOR-S694,TASOR,-1
TASOR-S699,TASOR,-1
TASOR-S903,TASOR,-1
TBC1D10B-S132,TBC1D10B,-1
TBC1D10B-S687,TBC1D10B,-1
TBC1D10B-T150,TBC1D10B,-1
TBC1D13-S184,TBC1D13,10
TBC1D15-S70,TBC1D15,-1
TBC1D1-S237,TBC1D1,-1
TBC1D22B-S116,TBC1D22B,13
TBC1D22B-S168,TBC1D22B,-1
TBC1D2B-S473,TBC1D2B,-1
TBC1D5-S554,TBC1D5,-1
TBC1D9B-S275,TBC1D9B,-1
TCEA3-S140,TCEA3,-1
TCF12-S386,TCF12,-1
TCF20-S249,TCF20,-1
TCOF1-S982,TCOF1,-1
TCOF1-T310,TCOF1,-1
TERF2IP-S43,TERF2IP,-1
TEX2-T804,TEX2,-1
THEMIS2-S416,THEMIS2,-1
THEMIS-S584,THEMIS,-1
THOC2-S1419,THOC2,-1
THOC2-T1289,THOC2,-1
THOC5-T328,THOC5,-1
THRAP3-S377,THRAP3,-1
THRAP3-S444,THRAP3,-1
THRAP3-S877,THRAP3,-1
TICRR-S1141,TICRR,-1
TICRR-S1430,TICRR,-1
TICRR-S1433,TICRR,-1
TICRR-T1146,TICRR,-1
TINF2-T334,TINF2,-1
TLK1-S109,TLK1,-1
TLK1-T111,TLK1,-1
TLK1-T753,TLK1,-1
TLN1-S405,TLN1,-1
TLNRD1-S15,TLNRD1,-1
TMEM109-S239,TMEM109,-1
TMEM201-S454,TMEM201,-1
TMEM238-S124,TMEM238,-1
TMF1-S72,TMF1,-1
TMF1-S77,TMF1,-1
TMIGD2-S262,TMIGD2,-1
TMIGD2-S266,TMIGD2,-1
TMPO-S224,TMPO,-1
TMPO-S312,TMPO,-1
TMPO-S360,TMPO,-1
TMPO-T208,TMPO,-1
TMPO-T251,TMPO,-1
TMSB10-T23,TMSB10,-1
TMSB4X-T23,TMSB4X,-1
TMX1-S270,TMX1,-1
TNIK-S707,TNIK,-1
TNIP1-S627,TNIP1,-1
TNRC18-S1136,TNRC18,-1
TNRC6C-S717,TNRC6C,-1
TOMM22-S15,TOMM22,-1
TOP2A-S1374,TOP2A,-1
TOP2B-S1413,TOP2B,-1
TOP2B-Y1421,TOP2B,-1
TOPBP1-S817,TOPBP1,-1
TOPBP1-S853,TOPBP1,-1
TOR1AIP1-S135,TOR1AIP1,-1
TOR1AIP1-S154,TOR1AIP1,-1
TOR1AIP1-S157,TOR1AIP1,-1
TP53BP1-S1430,TP53BP1,-1
TP53BP1-S379,TP53BP1,-1
TP53BP1-S809,TP53BP1,0
TP53BP2-Y664,TP53BP2,0
TPD52-S171,TPD52,-1
TPD52-S176,TPD52,-1
TPD52-T173,TPD52,-1
TPR-S1660,TPR,-1
TPR-S2155,TPR,-1
TPR-T2116,TPR,-1
TPR-T577,TPR,-1
TPX2-T72,TPX2,-1
TRA2A-T88,TRA2A,-1
TRAF1-S172,TRAF1,-1
TRAF7-S17,TRAF7,-1
TRAFD1-S409,TRAFD1,-1
TRAFD1-S415,TRAFD1,-1
TRAIP-S347,TRAIP,-1
TRAT1-S132,TRAT1,-1
TREX1-S261,TREX1,-1
TRIM22-S383,TRIM22,-1
TRIM22-S384,TRIM22,-1
TRIM25-S435,TRIM25,-1
TRIM28-S437,TRIM28,-1
TRIM28-S471,TRIM28,-1
TRIM28-S473,TRIM28,-1
TRIM33-S644,TRIM33,-1
TRIM37-S797,TRIM37,-1
TRIM56-S471,TRIM56,-1
TRIP12-S1078,TRIP12,-1
TRIP12-S1248,TRIP12,-1
TRIP12-S1427,TRIP12,-1
TRIT1-S439,TRIT1,-1
TRMT10A-S318,TRMT10A,-1
TRMT1L-S66,TRMT1L,-1
TRMT2A-S602,TRMT2A,-1
TRPM7-S1404,TRPM7,-1
TRPM7-S907,TRPM7,-1
TSC22D4-T57,TSC22D4,-1
TSC2-T1462,TSC2,-1
TTC39B-S120,TTC39B,-1
TTF1-S478,TTF1,-1
TUBA1B-S48,TUBA1B,-1
TXNL1-S113,TXNL1,-1
U2AF1-S61,U2AF1,-1
U2SURP-S202,U2SURP,-1
UBAP1-S146,UBAP1,-1
UBAP2L-S471,UBAP2L,-1
UBAP2-T657,UBAP2,-1
UBE2E3-S8,UBE2E3,-1
UBE2O-S399,UBE2O,-1
UBL7-S230,UBL7,-1
UBR4-S362,UBR4,15
UBXN4-T489,UBXN4,-1
UGP2-S13,UGP2,-1
UGP2-S18,UGP2,-1
UNC45A-S4,UNC45A,-1
UNG-S63,UNG,-1
UNKL-Y25,UNKL,-1
UNK-S380,UNK,-1
UNK-S385,UNK,-1
UPF1-Y1112,UPF1,-1
URI1-S372,URI1,-1
URI1-T373,URI1,-1
USP1-S292,USP1,-1
USP1-S350,USP1,-1
USP20-S333,USP20,-1
USP24-S2081,USP24,-1
USP28-T1048,USP28,-1
USP36-S18,USP36,-1
USP36-T653,USP36,-1
UTP14A-S434,UTP14A,-1
UTP14A-S437,UTP14A,-1
UTP14A-T205,UTP14A,-1
UTP18-S124,UTP18,-1
UTP18-T204,UTP18,-1
UTP3-S365,UTP3,-1
UTP3-T362,UTP3,-1
VAMP3-S11,VAMP3,-1
VAMP8-S55,VAMP8,-1
VASP-S239,VASP,-1
VASP-S322,VASP,-1
VASP-T335,VASP,-1
VAV1-S780,VAV1,-1
VAV1-Y844,VAV1,-1
VCPIP1-S994,VCPIP1,-1
VCPIP1-S997,VCPIP1,-1
VDAC2-T118,VDAC2,-1
VEZT-Y692,VEZT,-1
VGLL4-S54,VGLL4,-1
VGLL4-S59,VGLL4,11
VIM-S39,VIM,-1
VPS50-S494,VPS50,-1
VPS50-S496,VPS50,-1
VRK3-T58,VRK3,-1
WARS1-T383,WARS1,-1
WASF2-S308,WASF2,-1
WASHC2A-S1053,WASHC2A,-1
WASHC2A-S1054,WASHC2A,-1
WASHC2A-S1060,WASHC2A,-1
WASHC2C-S539,WASHC2C,-1
WBP11-S600,WBP11,-1
WDHD1-S407,WDHD1,-1
WDR20-S360,WDR20,-1
WDR26-S121,WDR26,-1
WDR44-S262,WDR44,-1
WDR44-T219,WDR44,-1
WDR4-S391,WDR4,-1
WDR62-S1348,WDR62,-1
WDR62-S49,WDR62,-1
WDR62-T46,WDR62,-1
WDR62-T50,WDR62,-1
WDR74-S361,WDR74,-1
WIPI2-T415,WIPI2,-1
WIZ-S1006,WIZ,-1
WRAP53-S54,WRAP53,-1
WRNIP1-S75,WRNIP1,-1
XBP1-S47,XBP1,-1
YBX3-S203,YBX3,-1
YBX3-S204,YBX3,-1
YJU2B-S332,YJU2B,-1
YTHDC1-S120,YTHDC1,-1
YTHDC2-S1202,YTHDC2,-1
YTHDF2-S2,YTHDF2,-1
YWHAQ-S232,YWHAQ,-1
YWHAZ-S145,YWHAZ,-1
YY1-S187,YY1,-1
ZBTB21-S411,ZBTB21,14
ZBTB21-S422,ZBTB21,-1
ZBTB21-T1005,ZBTB21,-1
ZBTB21-T425,ZBTB21,-1
ZBTB3-S549,ZBTB3,-1
ZBTB48-S171,ZBTB48,-1
ZC3H11A-S290,ZC3H11A,-1
ZC3H12A-S386,ZC3H12A,-1
ZC3H13-S238,ZC3H13,-1
ZC3H13-S242,ZC3H13,-1
ZC3H13-S831,ZC3H13,3
ZC3H13-S833,ZC3H13,3
ZC3H13-S837,ZC3H13,3
ZC3H18-S487,ZC3H18,-1
ZC3H18-S95,ZC3H18,-1
ZC3H3-S383,ZC3H3,-1
ZC3H8-T32,ZC3H8,-1
ZC3HAV1-Y348,ZC3HAV1,-1
ZC3HC1-S407,ZC3HC1,-1
ZDHHC20-S330,ZDHHC20,-1
ZEB1-S704,ZEB1,-1
ZEB1-T702,ZEB1,-1
ZFC3H1-S352,ZFC3H1,-1
ZFP36L2-S59,ZFP36L2,-1
ZFPM1-S786,ZFPM1,-1
ZFYVE16-S939,ZFYVE16,-1
ZGRF1-S558,ZGRF1,-1
ZHX3-S604,ZHX3,-1
ZNF106-S859,ZNF106,-1
ZNF174-Y184,ZNF174,-1
ZNF185-S465,ZNF185,9
ZNF217-S407,ZNF217,-1
ZNF217-S630,ZNF217,-1
ZNF22-S49,ZNF22,-1
ZNF280C-S80,ZNF280C,-1
ZNF367-S310,ZNF367,12
ZNF395-S449,ZNF395,-1
ZNF408-S345,ZNF408,-1
ZNF551-S126,ZNF551,-1
ZNF592-S1264,ZNF592,-1
ZNF592-S348,ZNF592,-1
ZNF609-S1055,ZNF609,-1
ZNF609-S467,ZNF609,-1
ZNF609-S846,ZNF609,-1
ZNF609-S849,ZNF609,-1
ZNF654-S1123,ZNF654,-1
ZNF692-S146,ZNF692,-1
ZNF777-S351,ZNF777,-1
ZNF777-S623,ZNF777,0
ZSWIM8-S1265,ZSWIM8,-1
ZW10-T768,ZW10,-1
ZZEF1-S1537,ZZEF1,-1
ZZEF1-S1540,ZZEF1,-1
